t_ms,hora,datos_hex
1785249040568,16:30:41.626,00 00 00 00 00 00 00 00 18 00 42 00 00 A2 EF 34 A7 2F 00 00 7F 81 00 01 00 00 00 00 00 00 38 1A 89 1A 7E 44 44 00 80 00 31 AE 9C 5E 58 6F 04 F3 77 66 64 0D 32 19 40 00 3A 4A C0 3E 30 00 00 64 06 0C F4 64
1785249041630,16:30:42.721,00 00 00 00 00 00 00 00 18 00 42 00 00 A2 EF 34 A7 2F 00 00 7F 81 00 01 00 00 00 00 00 00 38 1A BE 1A A6 44 44 00 80 00 31 AE 9C 5E 58 4A 04 F0 79 66 64 0D 32 19 40 00 3A 4A C0 3E 30 00 00 64 06 0C F4 64
1785249042741,16:30:43.813,00 00 00 00 00 00 00 00 18 00 42 00 00 A2 EF 34 A7 2F 00 00 7F 81 00 01 00 00 00 00 00 00 38 1A A2 1A B2 44 44 00 80 00 31 AE 9C 5E 58 53 04 D0 73 66 64 0D 32 19 40 00 3A 4A C0 3F 30 00 00 64 06 0C F4 64
1785249043825,16:30:44.191,00 00 00 00 00 00 00 00 18 00 42 00 00 A2 EF 34 A7 2F 00 00 7F 81 00 01 00 00 00 00 00 00 39 1A AE 1A A7 44 44 00 80 00 31 AE 9C 5E 58 5D 04 E4 7E 66 64 0D 32 19 40 00 3A 4A C0 3F 30 00 00 64 06 0C F4 64
1785249044327,16:30:44.676,00 00 00 00 00 00 00 00 18 00 42 00 00 A2 EF 34 A7 2F 00 00 7F 81 00 01 00 00 00 00 00 00 39 1A B4 1A 90 44 44 00 80 00 31 AE 9C 5E 58 50 04 DB 77 66 64 0D 32 19 40 00 3A 4A C0 3F 30 00 00 64 06 0C F4 64
1785249044828,16:30:45.186,00 00 00 00 00 00 00 00 18 00 42 00 00 A2 EF 34 A7 2F 00 00 7F 81 00 01 00 00 00 00 00 00 39 1A 8F 1A 8A 44 44 00 80 00 31 AE 9C 5E 58 6E 04 E4 74 66 64 0D 32 19 40 00 3A 4A C0 3F 30 00 00 64 06 0C F4 64
1785249045366,16:30:45.710,00 00 00 00 00 00 00 00 18 00 42 00 00 A2 EF 34 A7 2F 00 00 7F 81 00 01 00 00 00 00 00 00 39 1A 98 1A 93 44 44 00 80 00 31 AE 9C 5E 58 74 04 E4 7D 66 64 0D 32 19 40 00 3A 4A C0 3F 30 00 00 64 06 0C F4 64
1785249045868,16:30:46.206,00 00 00 00 00 00 00 00 18 00 42 00 00 A2 EF 34 A7 2F 00 00 7F 81 00 01 00 00 00 00 00 00 39 1A 92 1A 86 44 44 00 80 00 31 AE 9C 5E 58 63 04 E8 7A 66 64 0D 32 19 40 00 3A 4A C0 3F 30 00 00 64 06 0C F4 64
1785249046370,16:30:46.771,00 00 00 00 00 00 00 00 18 00 42 00 00 A2 EF 34 A7 2F 00 00 7F 81 00 01 00 00 00 00 00 00 39 1A 77 1A 75 44 44 00 80 00 31 AE 9C 5E 58 6A 04 D6 73 66 64 0D 32 19 40 00 3A 4A C0 3F 30 00 00 64 06 0C F4 64
1785249046871,16:30:47.241,00 00 00 00 00 00 00 00 18 00 42 00 00 A2 EF 34 A7 2F 00 00 7F 81 00 01 00 00 00 00 00 00 39 1A 98 1A 8D 44 44 00 80 00 31 AE 9C 5E 58 6E 04 E9 7E 66 64 0D 32 19 40 00 3A 4A C0 3F 30 00 00 64 06 0C F5 64
1785249047373,16:30:47.754,00 00 00 00 00 00 00 00 18 00 42 00 00 A2 EF 34 A7 2F 00 00 7F 81 00 01 00 00 00 00 00 00 39 1A 7D 1A A1 44 44 00 80 00 31 AE 9C 5E 58 74 04 E6 77 66 64 0D 32 19 40 00 3A 4A C0 3F 30 00 00 64 06 0C F5 65
1785249047874,16:30:48.231,00 00 00 00 00 00 00 00 18 00 42 00 00 A2 EF 34 A7 2F 00 00 7F 81 00 01 00 00 00 00 00 00 38 1A 74 1A 74 44 44 00 80 00 31 AE 9C 5E 58 6F 04 E8 76 66 64 0D 32 19 40 00 3A 4A C0 3F 30 00 00 64 06 0C F5 65
1785249048374,16:30:48.722,00 00 00 00 00 00 00 00 18 00 42 00 00 A2 EF 34 A7 2F 00 00 7F 81 00 01 00 00 00 00 00 00 38 1A 80 1A 9C 44 44 00 80 00 31 AE 9B 5E 58 61 04 EA 7D 66 64 0D 32 19 40 00 3A 4A C0 3F 30 00 00 64 06 0C F4 64
1785249048875,16:30:49.227,00 00 00 00 00 00 00 00 18 00 42 00 00 A2 EF 34 A7 2F 00 00 7F 81 00 01 00 00 00 00 00 00 39 1A 7A 1A 87 44 44 00 80 00 31 AE 9C 5E 58 59 04 E9 73 66 64 0D 32 19 40 00 3A 4A C0 3F 30 00 00 64 06 0C F4 64
1785249049376,16:30:49.679,00 00 00 00 00 00 00 00 18 00 42 00 00 A2 EF 34 A7 2F 00 00 7F 81 00 01 00 00 00 00 00 00 39 1A 86 1A 88 44 44 00 80 00 31 AE 9C 5E 58 44 04 DD 7B 67 64 0D 32 19 40 00 3A 4A C0 3F 30 00 00 64 06 0C F4 64
1785249049877,16:30:50.177,00 00 00 00 00 00 00 00 18 00 42 00 00 A2 EF 34 A7 2F 00 00 7F 81 00 01 00 00 00 01 20 00 39 1A 80 1A 84 44 44 00 80 00 31 AE 9B 5E 58 4C 04 D5 78 66 64 0D 32 19 40 00 3A 4A C0 3F 30 00 00 64 06 0C F4 64
1785249050378,16:30:50.679,00 00 00 00 00 00 00 00 18 00 42 00 00 A2 EF 34 A7 2F 00 00 7F 81 00 01 00 00 00 01 20 00 39 1A 8F 1A 96 44 44 00 80 00 31 AE 9B 5E 58 6E 04 D8 73 66 64 0D 32 19 40 00 3A 4A C0 3F 30 00 00 64 06 0C F4 64
1785249050879,16:30:51.176,00 00 00 00 00 00 00 00 18 00 42 00 00 A2 EF 34 A7 2F 00 00 7F 81 00 01 00 00 00 01 20 00 39 1A 8C 1A 89 44 44 00 80 00 31 AE 9B 5E 58 74 04 D6 7E 66 64 0D 32 19 40 00 3A 4A C0 3F 30 00 00 64 06 0C F4 64
1785249051381,16:30:51.677,00 00 00 00 00 00 00 00 18 00 42 00 00 A2 EF 34 A7 2F 00 00 7F 81 00 01 00 00 00 01 20 00 39 1A 9B 1A 8C 44 44 00 80 00 31 AE 9B 5E 58 6E 04 E9 78 66 64 0D 32 19 40 00 3A 4A C0 3F 30 00 00 64 06 0C F4 64
1785249051884,16:30:52.185,00 00 00 00 00 00 00 00 18 00 42 00 00 A2 EF 34 A7 2F 00 00 7F 81 00 01 00 00 00 01 20 00 39 1A 95 1A 80 44 44 00 80 00 31 AE 9B 5E 58 4A 04 DF 74 66 64 0D 32 19 40 00 3A 4A C0 3F 30 00 00 64 06 0C F5 64
1785249052390,16:30:52.691,00 00 00 00 00 00 00 00 18 00 42 00 00 A2 EF 34 A7 2F 00 00 7F 81 00 01 00 00 00 01 20 00 39 1A 70 1A 6B 44 44 00 80 00 31 AE 9B 5E 58 6C 04 E7 7D 66 64 0D 32 19 40 00 3A 4A C0 3F 30 00 00 64 06 0C F5 64
1785249052893,16:30:53.198,00 00 00 00 00 00 00 00 18 00 42 00 00 A2 EF 34 A7 2F 00 00 7F 81 00 01 00 00 00 01 20 00 39 1A 83 1A 83 44 44 00 80 00 31 AE 9B 5E 58 72 04 EF 77 66 64 0D 32 19 40 00 3A 4A C0 3F 30 00 00 64 06 0C F4 64
1785249053395,16:30:53.701,00 00 00 00 00 00 00 00 18 00 42 00 00 A2 EF 34 A7 2F 00 00 7F 81 00 01 00 00 00 01 20 00 39 1A 70 1A 78 44 44 00 80 00 31 AE 9B 5E 58 63 04 EF 7A 67 64 0D 32 19 40 00 3A 4A C0 3F 30 00 00 64 06 0C F4 64
1785249053897,16:30:54.196,00 00 00 00 00 00 00 00 18 00 42 00 00 A2 EF 34 A7 2F 00 00 7F 81 00 01 00 00 00 01 20 00 38 1A 89 1A 9A 44 44 00 80 00 31 AE 9B 60 58 46 04 ED 7E 66 64 0D 32 19 40 00 3A 4A C0 3F 30 00 00 64 06 0C F4 64
1785249054399,16:30:54.720,00 00 00 00 00 00 00 00 18 00 42 00 00 A2 EF 34 A7 2F 00 00 7F 81 00 01 00 00 00 01 20 00 38 1A 92 1A 92 44 44 00 80 00 31 AE 9B 60 58 5D 04 CF 77 66 64 0D 32 19 40 00 3A 4A C0 3F 30 00 00 64 06 0C F5 65
1785249054900,16:30:55.203,00 00 00 00 00 00 00 00 18 00 42 00 00 A2 EF 34 A7 2F 00 00 7F 81 00 01 00 00 00 01 20 00 39 1A A8 1A A5 44 44 00 80 00 31 AE 9B 60 58 6C 04 D8 77 66 64 0D 32 19 40 00 3A 4A C0 3F 30 00 00 64 06 0C F5 65
1785249055405,16:30:55.739,00 00 00 00 00 00 00 00 18 00 42 00 00 A2 EF 34 A7 2F 00 00 7F 81 00 01 00 00 00 01 20 00 39 1A 98 1A 83 44 44 00 80 00 31 AE 9B 60 58 4C 04 DF 7D 66 64 0D 32 19 40 00 3A 4A C0 3F 30 00 00 64 06 0C F5 65
1785249055924,16:30:56.222,00 00 00 00 00 00 00 00 18 00 42 00 00 A2 EF 34 A7 2F 00 00 7F 81 00 01 00 00 00 01 20 00 38 1A 92 1A 8C 44 44 00 80 00 31 AE 9B 60 58 6E 04 D9 78 66 64 0D 32 19 40 00 3A 4A C0 3F 30 00 00 64 06 0C F5 65
1785249056425,16:30:56.722,00 00 00 00 00 00 00 00 18 00 42 00 00 A2 EF 34 A7 2F 00 00 7F 81 00 01 00 00 00 01 20 00 38 1A 95 1A B2 44 44 00 80 00 31 AE 9B 60 58 6C 04 EF 76 66 64 0D 32 19 40 00 3A 4A C0 3F 30 00 00 64 06 0C F4 64
1785249056926,16:30:57.225,00 00 00 00 00 00 00 00 18 00 42 00 00 A2 EF 34 A7 2F 00 00 7F 81 00 01 00 00 00 01 28 00 39 1A 89 1A 96 44 44 00 80 00 31 AE 9B 60 58 59 04 FA 7E 66 64 0D 32 19 40 00 3A 4A C0 3F 30 00 00 64 06 0C F4 64
1785249057427,16:30:57.721,00 00 00 00 00 00 00 00 18 00 42 00 00 A2 EF 34 A7 2F 00 00 7F 81 00 01 00 00 00 01 38 00 39 1A 25 1A 27 44 44 00 80 00 31 AE 9B 60 58 4C 04 E9 73 66 64 0D 32 19 40 00 3A 4A C0 3F 30 00 00 64 07 0C F4 64
1785249057928,16:30:58.224,00 00 00 00 00 00 00 00 18 00 42 00 00 A2 EF 34 A7 2F 00 00 7F 81 00 01 00 00 00 01 28 00 39 1A A5 1A A5 44 44 00 80 00 31 AE 9B 60 58 4A 04 E2 7D 66 64 0D 32 19 40 00 3A 4A C0 3F 30 00 00 64 06 0C F4 64
1785249058429,16:30:58.719,00 00 00 00 00 00 00 00 18 00 42 00 00 A2 EF 34 A7 2F 00 00 7F 81 00 01 00 00 00 01 38 00 39 1A C1 1A C8 44 44 00 80 00 31 AE 9B 60 58 6D 04 E4 7A 66 64 0D 32 19 40 00 3A 4A C0 3F 30 00 00 64 06 0C F4 64
1785249058932,16:30:59.224,00 00 00 00 00 00 00 00 18 00 42 00 00 A2 EF 34 A7 2F 00 00 7F 81 00 01 00 00 00 01 38 00 38 1A 70 1A 68 44 44 00 80 00 31 AE 9B 60 58 74 04 E9 73 66 64 0D 32 19 40 00 3A 4A C0 3F 30 00 00 64 06 0C F4 64
1785249059433,16:30:59.712,00 00 00 00 00 00 00 00 18 00 42 00 00 A2 EF 34 A7 2F 00 00 7F 81 00 01 00 00 00 01 38 00 38 1A AB 1A 9A 44 44 00 80 00 31 AE 9B 60 58 5D 04 F0 7B 67 64 0D 32 19 40 00 3A 4A C0 3F 30 00 00 64 06 0C F5 64
1785249059933,16:31:00.233,00 00 00 00 00 00 00 00 18 00 42 00 00 A2 EF 34 A7 2F 00 00 7F 81 00 01 00 00 00 01 38 00 38 1A 80 1A 74 44 44 00 80 00 31 AE 9B 60 58 46 04 F7 78 66 64 0D 32 19 40 00 3A 4A C0 3F 30 00 00 64 06 0C F4 64
1785249060434,16:31:00.731,00 00 00 00 00 00 00 00 18 00 42 00 00 A2 EF 34 A7 2F 00 00 7F 81 00 01 00 00 00 01 38 00 38 1A A2 1A 81 44 44 00 80 00 31 AE 9B 60 58 56 04 EB 73 66 64 0D 32 19 40 00 3A 4A C0 3F 30 00 00 64 06 0C F5 64
1785249060935,16:31:01.207,00 00 00 00 00 00 00 00 18 00 42 00 00 A2 EF 34 A7 2F 00 00 7F 81 00 01 00 00 00 01 38 00 39 1A 89 1A 7F 44 44 00 80 00 31 AE 9B 60 58 6A 04 D3 7E 66 64 0D 32 19 40 00 3A 4A C0 3F 30 00 00 64 06 0C F4 64
1785249061436,16:31:01.735,00 00 00 00 00 00 00 00 18 00 42 00 00 A2 EF 34 A7 2F 00 00 7F 81 00 01 00 00 00 01 38 00 39 1A 7A 1A 7D 44 44 00 80 00 31 AE 9B 60 58 74 04 EE 79 66 64 0D 32 19 40 00 3A 4A C0 3F 30 00 00 64 06 0C F4 64
1785249061937,16:31:02.235,00 00 00 00 00 00 00 00 18 00 42 00 00 A2 EF 34 A7 2F 00 00 7F 81 00 01 00 00 00 01 38 00 39 1A 92 1A AB 44 44 00 80 00 31 AE 9B 60 58 66 04 FD 74 66 64 0D 32 19 40 00 3A 4A C0 3F 30 00 00 64 06 0C F4 64
1785249062437,16:31:02.760,00 00 00 00 00 00 00 00 18 00 42 00 00 A2 EF 34 A7 2F 00 00 7F 81 00 01 00 00 00 01 38 00 39 1A 86 1A 80 44 44 00 80 00 31 AE 9B 60 58 74 04 EF 7D 67 64 0D 32 19 40 00 3A 4A C0 3F 30 00 00 64 06 0C F5 65
1785249062939,16:31:03.222,00 00 00 00 00 00 00 00 18 00 42 00 00 A2 EF 34 A7 2F 00 00 7F 81 00 01 00 00 00 01 38 00 38 1A 52 1A 83 44 44 00 80 00 31 AE 9B 60 58 57 04 DE 76 66 64 0D 32 19 40 00 3A 4A C0 3F 30 00 00 64 06 0C F5 65
1785249063442,16:31:03.723,00 00 00 00 00 00 00 00 18 00 42 00 00 A2 EF 34 A7 2F 00 00 7F 81 00 01 00 00 00 01 38 00 38 1A 89 1A 87 44 44 00 80 00 31 AE 9B 60 58 6B 04 D3 75 66 64 0D 32 19 40 00 3A 4A C0 3F 31 00 00 64 06 0C F5 65
1785249063943,16:31:04.238,00 00 00 00 00 00 00 00 18 00 42 00 00 A2 EF 34 A7 2F 00 00 7F 81 00 01 00 00 00 01 38 00 38 1A 8F 1A 8F 44 44 00 80 00 31 AE 9B 60 58 70 04 D9 7C 66 64 0D 32 19 40 00 3A 4A C0 3F 31 00 00 64 06 0C F4 64
1785249064444,16:31:04.740,00 00 00 00 00 00 00 00 18 00 42 00 00 A2 EF 34 A7 2F 00 00 7F 81 00 01 00 00 00 01 38 00 38 1A B1 1A A6 44 44 00 80 00 31 AE 9B 60 58 6C 04 EC 75 66 64 0D 32 19 40 00 3A 4A C0 3F 31 00 00 64 06 0C F4 64
1785249064944,16:31:05.218,00 00 00 00 00 00 00 00 18 00 42 00 00 A2 EF 34 A7 2F 00 00 7F 81 00 01 00 00 00 01 38 00 39 1A 8F 1A 69 44 44 00 80 00 31 AE 9B 60 58 5A 04 F0 75 66 64 0D 32 19 40 00 3A 4A C0 3F 31 00 00 64 06 0C F4 64
1785249065445,16:31:05.723,00 00 00 00 00 00 00 00 18 00 42 00 00 A2 EF 34 A7 2F 00 00 7F 81 00 01 00 00 00 01 38 00 39 1A 98 1A 82 44 44 00 80 00 31 AE 9B 60 58 58 04 E0 7C 66 64 0D 32 19 40 00 3A 4A C0 3F 31 00 00 64 06 0C F5 65
1785249065946,16:31:06.239,00 00 00 00 00 00 00 00 18 00 42 00 00 A2 EF 34 A7 2F 00 00 7F 81 00 01 00 00 00 01 38 00 39 1A 89 1A 86 44 44 00 80 00 31 AE 9B 60 58 69 04 DF 75 66 64 0D 32 19 40 00 3A 4A C0 3F 31 00 00 64 06 0C F5 65
1785249066448,16:31:06.748,00 00 00 00 00 00 00 00 18 00 42 00 00 A2 EF 34 A7 2F 00 00 7F 81 00 01 00 00 00 01 38 00 39 1A 6D 1A 80 44 44 00 80 00 31 AE 9A 60 58 74 04 EC 7B 67 64 0D 32 19 40 00 3A 4A C0 3F 31 00 00 64 06 0C F4 64
1785249066950,16:31:07.249,00 00 00 00 00 00 00 00 18 00 42 00 00 A2 EF 34 A7 2F 00 00 7F 81 00 01 00 00 00 01 38 00 39 1A A2 1A A9 44 44 00 80 00 31 AE 9A 60 58 72 04 F6 7A 66 64 0D 32 19 40 00 3A 4A C0 3F 31 00 00 64 06 0C F4 64
1785249067452,16:31:07.753,00 00 00 00 00 00 00 00 18 00 42 00 00 A2 EF 34 A7 2F 00 00 7F 81 00 01 00 00 00 01 38 00 39 1A 9B 1A B3 44 44 00 80 00 31 AE 9A 60 58 44 04 E9 73 66 64 0D 32 19 40 00 3A 4A C0 3F 31 00 00 64 06 0C F4 64
1785249067954,16:31:08.237,00 00 00 00 00 00 00 00 18 00 42 00 00 A2 EF 34 A7 2F 00 00 7F 81 00 01 00 00 00 01 38 00 39 1A 74 1A 70 44 44 00 80 00 31 AE 9A 60 58 6F 04 D5 7D 67 64 0D 32 19 40 00 3A 4A C0 3F 31 00 00 64 06 0C F4 64
1785249068454,16:31:08.749,00 00 00 00 00 00 00 00 18 00 42 00 00 A2 EF 34 A7 2F 00 00 7F 81 00 01 00 00 00 01 38 00 39 1A 98 1A 96 44 44 00 80 00 31 AE 9A 60 58 6D 04 DE 7A 66 64 0D 32 19 40 00 3A 4A C0 3F 31 00 00 64 06 0C F4 64
1785249068955,16:31:09.251,00 00 00 00 00 00 00 00 18 00 42 00 00 A2 EF 34 A7 2F 00 00 7F 81 00 01 00 00 00 01 38 00 39 1A 8F 1A 89 44 44 00 80 00 31 AE 9A 60 58 74 04 E7 73 66 64 0D 32 19 40 00 3A 4A C0 3F 31 00 00 64 06 0C F4 64
1785249069458,16:31:09.743,00 00 00 00 00 00 00 00 18 00 42 00 00 A2 EF 34 A7 2F 00 00 7F 81 00 01 00 00 00 01 38 00 39 1A 8C 1A 7D 44 44 00 80 00 31 AE 9A 60 58 70 04 EB 7D 67 64 0D 32 19 40 00 3A 4A C0 3F 31 00 00 64 06 0C F4 64
1785249069960,16:31:10.255,00 00 00 00 00 00 00 00 18 00 42 00 00 A2 EF 34 A7 2F 00 00 7F 81 00 01 00 00 00 01 38 00 39 1A 83 1A 70 44 44 00 80 00 31 AE 9A 60 58 62 04 E7 77 66 64 0D 32 19 40 00 3A 4A C0 3F 31 00 00 64 06 0C F5 64
1785249070460,16:31:10.745,00 00 00 00 00 00 00 00 18 00 42 00 00 A2 EF 34 A7 2F 00 00 7F 81 00 01 00 00 00 01 38 00 39 1A 9F 1A 79 44 44 00 80 00 31 AE 9A 60 58 50 04 EB 74 66 64 0D 32 19 40 00 3A 4A C0 3F 31 00 00 64 06 0C F5 64
1785249070960,16:31:11.268,00 00 00 00 00 00 00 00 18 00 42 00 00 A2 EF 34 A7 2F 00 00 7F 81 00 01 00 00 00 01 38 00 38 1A 95 1A 9C 44 44 00 80 00 31 AE 9A 60 58 6E 04 F0 7E 66 64 0D 32 19 40 00 3A 4A C0 3F 31 00 00 64 06 0C F5 65
1785249071460,16:31:11.735,00 00 00 00 00 00 00 00 18 00 42 00 00 A2 EF 34 A7 2F 00 00 7F 81 00 01 00 00 00 01 38 00 38 1A B4 1A B1 44 44 00 80 00 31 AE 9A 60 58 6F 04 E5 79 66 64 0D 32 19 40 00 3A 4A C0 3F 31 00 00 64 06 0C F4 64
1785249071962,16:31:12.236,00 00 00 00 00 00 00 00 18 00 42 00 00 A2 EF 34 A7 2F 00 00 7F 81 00 01 00 00 00 01 38 00 39 1A 70 1A 8B 44 44 00 80 00 31 AE 9A 60 58 68 04 F0 75 66 64 0D 32 19 40 00 3A 4A C0 3F 31 00 00 64 06 0C F4 64
1785249072463,16:31:12.739,00 00 00 00 00 00 00 00 18 00 42 00 00 A2 EF 34 A7 2F 00 00 7F 81 00 01 00 00 00 01 38 00 39 1A 92 1A 93 44 44 00 80 00 31 AE 9A 60 58 45 04 EB 7E 66 64 0D 32 19 40 00 3A 4A C0 3F 31 00 00 64 06 0C F4 64
1785249072965,16:31:13.258,00 00 00 00 00 00 00 00 18 00 42 00 00 A2 EF 34 A7 2F 00 00 7F 81 00 01 00 00 00 01 38 00 39 1A 7D 1A A4 44 44 00 80 00 31 AE 9A 60 58 5A 04 D9 76 66 64 0D 32 19 40 00 3A 4A C0 3F 31 00 00 64 06 0C F5 65
1785249073466,16:31:13.771,00 00 00 00 00 00 00 00 18 00 42 00 00 A2 EF 34 A7 2F 00 00 7F 81 00 01 00 00 00 01 38 00 39 19 E4 19 DC 44 44 00 80 00 31 AE 9A 60 58 74 04 E6 74 66 64 0D 32 19 40 00 3A 4A C0 3F 31 00 00 64 07 0C F5 65
1785249073967,16:31:14.274,00 00 00 00 00 00 00 00 18 00 42 00 00 A2 EF 34 A7 2F 00 00 7F 81 00 01 00 00 00 00 18 00 39 1B 03 1A EA 44 44 00 80 00 31 AE 9A 60 58 63 04 F3 7D 66 64 0D 32 19 40 00 3A 4A C0 3F 31 00 00 64 06 0C F5 65
1785249074469,16:31:14.752,00 00 00 00 00 00 00 00 18 00 42 00 00 A2 EF 34 A7 2F 00 00 7F 81 00 01 00 00 00 00 18 00 39 1A BB 1A B4 44 44 00 80 00 31 AE 9A 60 58 67 04 FD 75 66 64 0D 32 19 40 00 3A 4A C0 3F 31 00 00 64 06 0C F4 64
1785249074969,16:31:15.257,00 00 00 00 00 00 00 00 18 00 42 00 00 A2 EF 34 A7 2F 00 00 7F 81 00 01 00 00 00 00 18 00 38 1A C4 1A A2 44 44 00 80 00 31 AE 9A 60 58 46 04 F1 74 66 64 0D 32 19 40 00 3A 4A C0 3F 31 00 00 64 06 0C F4 64
1785249075470,16:31:15.747,00 00 00 00 00 00 00 00 18 00 42 00 00 A2 EF 34 A7 2F 00 00 7F 81 00 01 00 00 00 00 18 00 38 1A 95 1A 95 44 44 00 80 00 31 AE 9A 60 58 6A 04 DE 7E 66 64 0D 32 19 40 00 3A 4A C0 3F 31 00 00 64 06 0C F4 64
1785249075970,16:31:16.272,00 00 00 00 00 00 00 00 18 00 42 00 00 A2 EF 34 A7 2F 00 00 7F 81 00 01 00 00 00 00 18 00 38 1A 74 1A 76 44 44 00 80 00 31 AE 9A 60 58 6E 04 DE 78 66 64 0D 32 19 40 00 3A 4A C0 3F 31 00 00 64 06 0C F5 65
1785249076472,16:31:16.772,00 00 00 00 00 00 00 00 18 00 42 00 00 A2 EF 34 A7 2F 00 00 7F 81 00 01 00 00 00 00 18 00 38 1A 9F 1A B2 44 44 00 80 00 31 AE 9A 60 58 6C 04 F7 76 66 64 0D 32 19 40 00 3A 4A C0 3F 31 00 00 64 06 0C F5 65
1785249076975,16:31:17.272,00 00 00 00 00 00 00 00 18 00 42 00 00 A2 EF 34 A7 2F 00 00 7F 81 00 01 00 00 00 00 18 00 39 1A 70 1A 86 44 44 00 80 00 31 AE 9A 60 58 55 04 EE 7E 66 64 0D 32 19 40 00 3A 4A C0 3F 31 00 00 64 06 0C F5 65
1785249077477,16:31:17.751,00 00 00 00 00 00 00 00 18 00 42 00 00 A2 EF 34 A7 2F 00 00 7F 81 00 01 00 00 00 00 18 00 39 1A 70 1A A5 44 44 00 80 00 31 AE 9A 60 58 3C 04 D3 75 66 64 0D 32 19 40 00 3A 4A C0 3F 31 00 00 64 06 0C F4 64
1785249077978,16:31:18.260,00 00 00 00 00 00 00 00 18 00 42 00 00 A2 EF 34 A7 2F 00 00 7F 81 00 01 00 00 00 00 18 00 39 1A A5 1A A2 44 44 00 80 00 30 AE 9A 60 58 67 04 DA 76 66 64 0D 32 19 40 00 3A 4A C0 3F 31 00 00 64 06 0C F4 64
1785249078480,16:31:18.777,00 00 00 00 00 00 00 00 18 00 42 00 00 A2 EF 34 A7 2F 00 00 7F 81 00 01 00 00 00 00 18 00 39 1A A5 1A 98 44 44 00 80 00 30 AE 9A 60 58 74 04 E6 7E 66 64 0D 32 19 40 00 3A 4A C0 3F 31 00 00 64 06 0C F4 64
1785249078980,16:31:19.277,00 00 00 00 00 00 00 00 18 00 42 00 00 A2 EF 34 A7 2F 00 00 7F 81 00 01 00 00 00 00 18 00 39 1A 77 1A 6C 44 44 00 80 00 30 AE 9A 60 58 70 04 F4 74 66 64 0D 32 19 40 00 3A 4A C0 3F 31 00 00 64 06 0C F5 65
1785249079481,16:31:19.755,00 00 00 00 00 00 00 00 18 00 42 00 00 A2 EF 34 A7 2F 00 00 7F 81 00 01 00 00 00 00 18 00 39 1A C7 1A AA 44 44 00 80 00 31 AE 9A 60 58 5D 04 E6 76 66 64 0D 32 19 40 00 3A 4A C0 3F 31 00 00 64 06 0C F4 64
1785249079981,16:31:20.281,00 00 00 00 00 00 00 00 18 00 42 00 00 A2 EF 34 A7 2F 00 00 7F 81 00 01 00 00 00 00 18 00 38 1A 83 1A 7E 44 44 00 80 00 30 AE 9A 60 58 53 04 E8 7C 66 64 0D 32 19 40 00 3A 4A C0 3F 31 00 00 64 06 0C F4 64
1785249080483,16:31:20.780,00 00 00 00 00 00 00 00 18 00 42 00 00 A2 EF 34 A7 2F 00 00 7F 81 00 01 00 00 00 01 38 00 38 1A 9F 1A 9A 44 44 00 80 00 30 AE 9A 60 58 69 04 E2 75 66 64 0D 32 19 40 00 3A 4A C0 3F 31 00 00 64 06 0C F4 64
1785249080984,16:31:21.281,00 00 00 00 00 00 00 00 18 00 42 00 00 A2 EF 34 A7 2F 00 00 7F 81 00 01 00 00 00 01 38 00 39 1A 64 1A 6D 44 44 00 80 00 30 AE 9A 60 58 6F 04 EB 7B 67 64 0D 32 19 40 00 3A 4A C0 3F 31 00 00 64 06 0C F4 64
1785249081485,16:31:21.759,00 00 00 00 00 00 00 00 18 00 42 00 00 A2 EF 34 A7 2F 00 00 7F 81 00 01 00 00 00 01 38 00 39 1A C1 1A C2 44 44 00 80 00 30 AE 9A 60 58 68 04 FD 7C 66 64 0D 32 19 40 00 3A 4A C0 3F 31 00 00 64 06 0C F4 64
1785249081985,16:31:22.300,00 00 00 00 00 00 00 00 18 00 42 00 00 A2 EF 34 A7 2F 00 00 7F 81 00 01 00 00 00 01 38 00 38 1A 95 1A 98 44 44 00 80 00 30 AE 9A 60 58 69 04 DC 75 66 64 0D 32 19 40 00 3A 4A C0 3F 31 00 00 64 06 0C F4 64
1785249082486,16:31:22.766,00 00 00 00 00 00 00 00 18 00 42 00 00 A2 EF 34 A7 2F 00 00 7F 81 00 01 00 00 00 01 38 00 38 1A 98 1A 9C 44 44 00 80 00 30 AE 9A 60 58 5B 04 D7 7A 67 64 0D 32 19 40 00 3A 4A C0 3F 31 00 00 64 06 0C F4 64
1785249082986,16:31:23.285,00 00 00 00 00 00 00 00 18 00 42 00 00 A2 EF 34 A7 2F 00 00 7F 81 00 01 00 00 00 01 38 00 39 1A A5 1A AA 44 44 00 80 00 30 AE 9A 60 58 6A 04 D1 79 66 64 0D 32 19 40 00 3A 4A C0 3F 31 00 00 64 06 0C F4 64
1785249083488,16:31:23.788,00 00 00 00 00 00 00 00 18 00 42 00 00 A2 EF 34 A7 2F 00 00 7F 81 00 01 00 00 00 01 38 00 39 1A 83 1A 7F 44 44 00 80 00 30 AE 9A 60 58 70 04 D7 73 66 64 0D 32 19 40 00 3A 4A C0 3F 31 00 00 64 06 0C F4 64
1785249083988,16:31:24.277,00 00 00 00 00 00 00 00 18 00 42 00 00 A2 EF 34 A7 2F 00 00 7F 81 00 01 00 00 00 01 38 00 39 1A A5 1A A7 44 44 00 80 00 30 AE 99 60 58 74 04 E0 7F 67 64 0D 32 19 40 00 3A 4A C0 3F 31 00 00 64 06 0C F4 64
1785249084490,16:31:24.789,00 00 00 00 00 00 00 00 18 00 42 00 00 A2 EF 34 A7 2F 00 00 7F 81 00 01 00 00 00 01 38 00 39 1A 61 1A 56 44 44 00 80 00 30 AE 99 60 58 60 04 E1 77 66 64 0D 32 19 40 00 3A 4A C0 3F 31 00 00 64 06 0C F5 64
1785249084992,16:31:25.289,00 00 00 00 00 00 00 00 18 00 42 00 00 A2 EF 34 A7 2F 00 00 7F 81 00 01 00 00 00 01 38 00 38 1A 8F 1A 6F 44 44 00 80 00 30 AE 99 60 58 4F 04 DF 74 66 64 0D 32 19 40 00 3A 4A C0 3F 31 00 00 64 06 0C F5 64
1785249085494,16:31:25.791,00 00 00 00 00 00 00 00 18 00 42 00 00 A2 EF 34 A7 2F 00 00 7F 81 00 01 00 00 00 01 28 00 38 1A EA 1A E7 44 44 00 80 00 30 AE 99 60 58 6A 04 D1 7E 66 64 0D 32 19 40 00 3A 4A C0 3F 31 00 00 64 06 0C F4 64
1785249085995,16:31:26.289,00 00 00 00 00 00 00 00 18 00 42 00 00 A2 EF 34 A7 2F 00 00 7F 81 00 01 00 00 00 01 28 00 39 1A 95 1A 8C 44 44 00 80 00 30 AE 99 60 58 74 04 E5 7C 66 64 0D 32 19 40 00 3A 4A C0 3F 31 00 00 64 06 0C F4 64
1785249086505,16:31:26.802,00 00 00 00 00 00 00 00 18 00 42 00 00 A2 EF 34 A7 2F 00 00 7F 81 00 01 00 00 00 01 20 00 39 17 66 17 6D 44 44 00 80 00 30 AE 99 60 58 75 04 C6 80 67 64 0D 32 19 40 00 3A 4A 90 3F 31 00 00 64 0D 0C F4 64
1785249087007,16:31:27.304,00 00 00 00 00 00 00 00 18 00 42 00 00 A2 EF 34 A7 2F 00 00 7F 81 00 01 00 00 00 01 20 00 38 17 8C 18 03 44 44 00 80 00 30 AE 99 60 58 69 05 A6 77 67 64 0D 32 19 40 00 3A 4A 67 3F 31 00 00 64 0E 0C F4 64
1785249087509,16:31:27.809,00 00 00 00 00 00 00 00 18 00 42 00 00 A2 EF 34 A7 2F 00 00 7F 81 00 01 00 00 00 01 20 00 38 18 D9 18 9B 44 44 00 80 00 30 AE 99 60 58 78 06 1C 80 68 64 0D 32 19 40 00 3A 4A 67 3F 31 00 00 64 0D 0C F4 64
1785249088010,16:31:28.310,00 00 00 00 00 00 00 00 18 00 42 00 00 A2 EF 34 A7 2F 00 00 7F 81 00 01 00 00 00 01 20 00 39 1B 47 1B 39 44 44 00 80 00 30 AE 99 60 58 6F 06 7F 7F 68 64 0D 32 19 40 00 3A 4A 7E 3F 31 00 00 64 0B 0C F4 64
1785249088511,16:31:28.808,00 00 00 00 00 00 00 00 18 00 42 00 00 A2 EF 34 A7 2F 00 00 7F 81 00 01 00 00 00 01 20 00 39 1D C2 1D B9 44 44 00 80 00 30 AE 99 60 58 79 07 48 79 67 64 0D 32 19 40 00 3A 4A 67 3F 31 00 00 64 05 0C F4 64
1785249089011,16:31:29.296,00 00 00 00 00 00 00 00 18 00 42 00 00 A2 EF 34 A7 2F 00 00 7F 81 00 01 00 00 00 01 20 00 39 1B 10 1A D8 44 44 00 80 00 30 AE 99 60 58 6E 06 8D 75 68 64 0D 32 19 40 00 3A 4A C0 3F 31 00 00 64 06 0C F5 65
1785249089512,16:31:29.798,00 00 00 00 00 00 00 00 18 00 42 00 00 A2 EF 34 A7 2F 00 00 7F 81 00 01 00 00 00 01 20 00 39 17 0F 17 0B 44 44 00 80 00 30 AE 99 60 58 84 05 D5 7A 69 64 0D 32 19 40 00 3A 4A 67 3F 31 00 00 64 0F 0C F5 65
1785249090013,16:31:30.308,00 00 00 00 00 00 00 00 18 00 42 00 00 A2 EF 34 A7 2F 00 00 7F 81 00 01 00 00 00 01 20 00 39 17 99 17 9D 44 44 00 80 00 30 AE 99 60 58 3E 06 0F 77 67 64 0D 32 19 40 00 3A 4A 67 3F 31 00 00 64 10 0C F4 64
1785249090517,16:31:30.814,00 00 00 00 00 00 00 00 18 00 42 00 00 A2 EF 34 A7 2F 00 00 7F 81 00 01 00 00 00 01 20 00 39 17 C7 17 FD 44 44 00 80 00 30 AE 99 60 58 71 06 3D 7C 67 64 0D 32 19 40 00 3A 4A 67 3F 31 00 00 64 11 0C F4 64
1785249091017,16:31:31.290,00 00 00 00 00 00 00 00 18 00 42 00 00 A2 EF 34 A7 2F 00 00 EF 81 00 09 00 00 00 01 20 00 39 1A 5E 1A 3D 44 44 04 8B 50 30 AE 99 60 58 56 06 8D 76 69 64 0D 41 20 40 01 3A 4A 00 3F 31 00 00 64 11 0D F4 64
1785249091518,16:31:31.828,00 00 00 00 00 00 00 00 18 00 42 00 00 A2 EF 34 A7 2F 00 00 EF 90 00 00 00 00 00 01 20 00 39 1C C7 1D 87 44 44 06 83 F0 30 AE 99 60 58 60 06 F8 77 69 67 0D 67 33 40 46 3A 4A 00 3F 31 00 00 64 17 11 F4 64
1785249092018,16:31:32.304,00 00 00 00 00 00 00 00 18 00 42 00 00 A2 EF 34 A7 2F 00 00 EF 90 00 00 00 00 00 01 20 00 3A 27 C0 28 4B 44 44 08 84 E0 30 AE 99 60 58 6D 08 9A 84 6A 75 0D 74 3A 40 6A 17 16 00 3F 31 00 00 64 16 13 F4 64
1785249092518,16:31:32.802,00 00 00 00 00 00 00 00 18 00 42 00 00 A2 EF 34 A7 2F 00 00 EF 90 00 00 00 00 00 01 20 00 3A 34 15 34 08 44 44 0B 86 20 30 AE 99 60 58 96 0B 71 83 6E 87 0D 71 38 40 6D 19 18 00 3F 31 00 00 64 15 14 F5 64
1785249093020,16:31:33.311,00 00 00 00 00 00 00 00 18 00 42 00 00 A2 EF 34 A7 2F 00 00 EF 81 00 09 00 00 00 01 20 00 38 31 12 30 FC 44 44 0F 86 30 30 AE 99 61 58 88 0C D0 8B 73 64 0D 32 19 40 01 30 3A 7F 3F 31 00 00 64 FF 12 F4 64
1785249093521,16:31:33.814,00 00 00 00 00 00 00 00 18 00 42 00 00 A2 EF 34 A7 2F 00 00 EF 80 00 00 00 00 00 01 20 00 38 1D 84 1D 3D 44 44 0F 81 8C 30 AE 99 61 58 81 0A EB 82 71 64 0D 47 23 40 0A 30 3A A7 3F 31 00 00 64 09 0C F4 64
1785249094022,16:31:34.319,00 00 00 00 00 00 00 00 18 00 42 00 00 A2 EF 34 A7 2F 00 00 EF 80 00 00 00 00 00 01 20 00 39 1D C5 1D EF 44 44 0E 7F 04 30 AE 99 61 58 65 08 A5 7A 6D 66 0D 4F 27 40 1F 30 3A 67 3F 31 00 00 64 0E 0D F4 64
1785249094524,16:31:34.808,00 00 00 00 00 00 00 00 18 00 42 00 00 A2 EF 34 A7 2F 00 00 EF 80 00 00 00 00 00 01 20 00 39 1E D2 1E D4 44 44 0F 80 CC 30 AE 99 61 58 78 08 1D 80 6C 66 0D 4D 26 40 1E 30 3A 67 3F 31 00 00 64 0E 0D F4 64
1785249095024,16:31:35.340,00 00 00 00 00 00 00 00 18 00 42 00 00 A2 EF 34 A7 2F 00 00 EF 80 00 00 00 00 00 01 20 00 39 1F 66 1F 65 44 44 10 81 5C 30 AE 99 61 58 81 08 18 83 6B 65 0D 47 23 40 13 30 3A 69 3F 31 00 00 64 0A 0D F5 65
1785249095526,16:31:35.832,00 00 00 00 00 00 00 00 18 00 42 00 00 A2 EF 34 A7 2F 00 00 EF 80 00 00 00 00 00 01 20 00 38 1F 26 1F 0A 44 44 10 80 04 30 AE 99 60 58 70 08 21 80 6B 64 0D 44 22 40 0A 30 3A 67 3F 31 00 00 64 07 0D F5 65
1785249096027,16:31:36.308,00 00 00 00 00 00 00 00 18 00 42 00 00 A2 EF 34 A7 2F 00 00 EF 81 00 09 00 00 00 01 20 00 38 1E AD 1E A8 44 44 0F 7F 18 30 AE 99 60 58 73 07 FD 7E 6A 64 0D 3C 1E 40 00 30 3A 00 3F 31 00 00 64 07 0D F5 65
1785249096528,16:31:36.807,00 00 00 00 00 00 00 00 18 00 42 00 00 A2 EF 34 A7 2F 00 00 EF 81 00 09 00 00 00 01 20 00 39 1D D1 1D D1 44 44 0F 7F 78 30 AE 9A 60 58 72 07 C5 78 69 64 0D 32 19 40 00 30 3A 00 3F 31 00 00 64 08 0C F4 64
1785249097029,16:31:37.313,00 00 00 00 00 00 00 00 18 00 42 00 00 A2 EF 34 A7 2F 00 00 EF 81 00 09 00 00 00 01 28 00 39 1D 3D 1D 31 44 44 0F 7F 88 30 AE 9A 60 58 77 07 9B 81 69 64 0D 32 19 40 00 30 3A 00 3F 31 00 00 64 08 0C F4 64
1785249097531,16:31:37.825,00 00 00 00 00 00 00 00 18 00 42 00 00 A2 EF 34 A7 2F 00 00 EF 81 00 09 00 00 00 01 28 00 38 1C CE 1C C1 44 44 0E 7F 54 30 AE 99 60 58 7F 07 7D 81 69 64 0D 32 19 40 00 30 3A 00 3F 31 00 00 64 07 0C F4 64
1785249098032,16:31:38.305,00 00 00 00 00 00 00 00 18 00 42 00 00 A2 EF 34 A7 2F 00 00 EF 81 00 09 00 00 00 01 28 00 38 1C 51 1C 1C 44 44 0E 7F 2C 30 AE 9A 60 58 77 07 5A 77 68 64 0D 32 19 40 00 30 3A 00 3F 31 00 00 64 08 0C F5 65
1785249098534,16:31:38.838,00 00 00 00 00 00 00 00 18 00 42 00 00 A2 EF 34 A7 2F 00 00 EF 81 00 09 00 00 00 01 38 00 39 1B 06 1B 3B 44 44 0E 7F 28 30 AE 9A 60 58 5C 07 31 7D 68 64 0D 32 19 40 00 30 3A 00 3F 31 00 00 64 09 0C F4 65
1785249099035,16:31:39.332,00 00 00 00 00 00 00 00 18 00 42 00 00 A2 EF 34 A7 2F 00 00 EF 81 00 09 00 00 00 01 38 00 39 1A 37 1A 59 44 44 0D 7E E0 30 AE 9A 60 58 7B 07 1B 76 68 64 0D 32 19 40 00 30 3A 00 3F 31 00 00 64 0A 0C F4 64
1785249099535,16:31:39.839,00 00 00 00 00 00 00 00 18 00 42 00 00 A2 EF 34 A7 2F 00 00 EF 81 00 09 00 00 00 01 38 00 38 1E 53 1E 4B 44 44 0C 7E 6C 30 AE 9A 60 58 7E 07 5D 75 68 64 0D 32 19 40 00 30 3A 00 3F 31 00 00 64 06 0C F5 65
1785249100036,16:31:40.328,00 00 00 00 00 00 00 00 18 00 42 00 00 A2 EF 34 A7 2F 00 00 EF 81 00 09 00 00 00 01 20 00 38 1D C5 1D CF 44 44 0B 7D 88 30 AE 9A 60 58 71 07 84 7E 68 64 0D 32 19 40 00 30 3A 00 3F 31 00 00 64 06 0C F4 64
1785249100537,16:31:40.828,00 00 00 00 00 00 00 00 18 00 42 00 00 A2 EF 34 A7 2F 00 00 EF 80 00 08 00 00 00 01 20 00 39 18 5A 18 7D 44 44 0B 7F A0 30 AE 9A 60 58 61 06 E8 76 68 64 0D 4A 25 40 0A 30 3A 00 3F 31 00 00 64 11 0D F4 64
1785249101038,16:31:41.337,00 00 00 00 00 00 00 00 18 00 42 00 00 A2 EF 34 A7 2F 00 00 EF 90 00 00 00 00 00 01 20 00 39 1C 8D 1C A0 44 44 0D 82 2C 30 AE 9A 60 58 80 07 0C 81 68 67 0D 66 33 40 4E 30 3A 00 3F 31 00 00 64 19 11 F4 64
1785249101539,16:31:41.837,00 00 00 00 00 00 00 00 18 00 42 00 00 A2 EF 34 A7 2F 00 00 EF 90 00 00 00 00 00 01 20 00 38 22 25 22 2A 44 44 0F 84 C0 30 AE 9A 60 58 82 07 DC 7B 6A 6F 0D 69 34 40 55 30 3A 00 3F 31 00 00 64 18 13 F5 64
1785249102041,16:31:42.321,00 00 00 00 00 00 00 00 18 00 42 00 00 A2 EF 34 A7 2F 00 00 EF 90 00 00 00 00 00 01 20 00 38 27 A4 27 AE 44 44 12 84 B4 30 AE 9A 60 58 85 09 47 85 6D 77 0D 6D 36 40 5C 17 17 00 3F 31 00 00 64 17 13 F5 65
1785249102543,16:31:42.843,00 00 00 00 00 00 00 00 18 00 42 00 00 A2 EF 34 A7 2F 00 00 EF 90 00 00 00 00 00 01 60 00 39 2D 12 2D 0E 44 44 15 86 20 30 AE 9A 60 58 84 0A B6 82 6F 80 0D 70 37 40 62 15 17 9B 3F 31 00 00 64 17 13 F4 64
1785249103043,16:31:43.340,00 00 00 00 00 00 00 00 18 00 42 00 00 A2 EF 34 A7 2F 00 00 EF 90 00 00 00 00 00 01 60 00 39 32 AF 32 BF 44 44 18 86 6C 30 AE 9A 60 58 8F 0B BE 94 73 85 0D 70 38 40 64 18 18 A3 3F 31 00 00 64 16 13 F4 64
1785249103546,16:31:43.845,00 00 00 00 00 00 00 00 18 00 42 00 00 A2 EF 34 A7 2F 00 00 EF 90 00 00 00 00 00 01 60 00 39 39 1B 39 6B 44 44 1B 86 18 30 AE 9A 60 58 97 0C BE 8D 77 92 00 70 38 40 64 19 17 9F 3F 31 00 00 64 16 15 F4 64
1785249104048,16:31:44.331,00 00 00 00 00 00 00 00 18 00 42 00 00 A2 EF 34 A7 2F 00 00 EF 80 00 00 00 00 00 01 60 00 39 40 63 40 A8 44 44 1F 86 94 30 AE 9A 60 58 9D 0E 56 9D 7D 9E 00 6F 37 40 63 18 16 9F 3F 31 00 00 64 17 18 F4 64
1785249104550,16:31:44.850,00 00 00 00 00 00 00 00 18 00 42 00 00 A2 EF 34 A7 2F 00 00 EF 80 00 00 00 00 00 01 60 00 39 46 C3 47 05 44 44 22 86 F4 30 AE 9A 60 58 86 0F FB A0 84 9E 00 6F 37 40 63 19 18 A0 3F 31 00 00 64 15 19 F4 64
1785249105051,16:31:45.355,00 00 00 00 00 00 00 00 18 00 42 00 00 A2 EF 34 A7 2F 00 00 EF 01 00 09 00 00 00 01 60 00 39 3E AA 3E 0C 44 44 24 85 D4 30 AE 9A 60 58 9D 10 3C 8F 81 64 0D 32 19 40 01 19 19 00 3F 31 00 00 64 FC 15 F4 64
1785249105553,16:31:45.854,00 00 00 00 00 00 00 00 18 00 42 00 00 A2 EF 34 A7 2F 00 00 EF 09 00 09 00 00 00 01 60 00 38 2A 4E 2A 2B 44 44 24 7D 54 30 AE 9A 60 58 83 0E 53 88 77 64 0D 32 19 40 00 19 19 00 3F 31 00 00 64 FB 10 F5 65
1785249106053,16:31:46.351,00 00 00 00 00 00 00 00 18 00 42 00 00 A2 EF 34 A7 2F 00 00 EF 09 00 09 00 00 00 01 60 00 38 2C DD 2C E5 44 44 22 7E 68 30 AE 9A 60 58 84 0C A2 7C 70 64 0D 32 19 40 00 19 19 00 3F 31 00 00 64 FB 10 F4 64
1785249106554,16:31:46.828,00 00 00 00 00 00 00 00 18 00 42 00 00 A2 EF 34 A7 2F 00 00 EF 09 00 09 00 00 00 01 60 00 38 2C 1F 2C 1A 44 44 21 7D 54 30 AE 9A 60 58 80 0C 05 7E 6E 64 0D 32 19 40 00 19 19 00 3F 31 00 00 64 FB 10 F4 64
1785249107055,16:31:47.335,00 00 00 00 00 00 00 00 18 00 42 00 00 A2 EF 34 A7 2F 00 00 EF 09 00 09 00 00 00 01 60 00 38 2B 05 2A FB 44 44 20 7D 30 30 AE 9A 60 58 70 0B 7A 82 6C 64 0D 32 19 40 00 19 19 00 3F 31 00 00 64 FB 10 F5 64
1785249107558,16:31:47.853,00 00 00 00 00 00 00 00 18 00 42 00 00 A2 EF 34 A7 2F 00 00 EF 01 00 09 00 00 00 01 60 00 39 29 D2 29 BF 44 44 1F 7E 5C 30 AE 9A 60 58 7C 0B 12 79 6A 64 0D 32 19 40 00 19 19 00 3F 31 00 00 64 FB 0F F4 64
1785249108060,16:31:48.357,00 00 00 00 00 00 00 00 18 00 42 00 00 A2 EF 34 A7 2F 00 00 EF 90 00 00 00 00 00 01 60 00 39 2F 5E 2F 28 44 44 1F 7E 54 30 AE 9A 60 58 83 0A 91 79 6A 75 0D AC 55 40 9F 1A 21 00 3F 31 00 00 64 10 12 F5 65
1785249108563,16:31:48.864,00 00 00 00 00 00 00 00 18 00 42 00 00 A2 EF 34 A7 2F 00 00 EF 80 00 00 00 00 00 01 60 00 39 4B FF 4B AD 44 44 1F 7F 90 30 AE 9A 60 58 A4 0F 8D 86 6E 6D 0D 32 19 40 06 19 17 00 3F 31 00 00 64 01 17 F4 64
1785249109064,16:31:49.367,00 00 00 00 00 00 00 00 18 00 42 00 00 A2 EF 34 A7 2F 00 00 EF 09 00 09 00 00 00 01 78 00 39 38 64 38 50 44 44 1F 80 18 30 AE 9A 60 58 8C 0F F6 87 72 64 0D 32 19 40 00 19 17 00 3F 31 00 00 64 FB 13 F4 64
1785249109566,16:31:49.839,00 00 00 00 00 00 00 00 18 00 42 00 00 A2 EF 34 A7 2F 00 00 EF 09 00 09 00 00 00 01 78 00 39 38 C6 38 AE 44 44 1D 7C B8 30 AE 9A 60 58 85 0F 88 85 70 64 0D 32 19 40 00 19 17 00 3F 31 00 00 64 FB 13 F4 64
1785249110068,16:31:50.369,00 00 00 00 00 00 00 00 18 00 42 00 00 A2 EF 34 A7 2F 00 00 EF 09 00 09 00 00 00 01 78 00 39 33 21 32 F8 44 44 1A 7B 68 30 AE 9B 60 58 83 0E 96 82 6E 64 0D 32 19 40 00 19 17 00 3F 31 00 00 64 FB 12 F5 64
1785249110571,16:31:50.870,00 00 00 00 00 00 00 00 18 00 42 00 00 A2 EF 34 A7 2F 00 00 EF 09 00 09 00 00 00 01 78 00 38 2B DB 2B AA 44 44 17 79 E0 30 AE 9A 60 58 90 0D 09 86 6D 64 0D 32 19 40 00 19 17 00 3F 31 00 00 64 FB 10 F4 64
1785249111072,16:31:51.392,00 00 00 00 00 00 00 00 18 00 42 00 00 A2 EF 34 A7 2F 00 00 EF 01 00 09 00 00 00 01 38 00 38 22 EB 23 03 44 44 13 77 FC 30 AE 9A 60 58 7F 0A E9 82 6C 64 0D 32 19 40 00 19 17 00 3F 31 00 00 64 01 0E F4 64
1785249111573,16:31:51.845,00 00 00 00 00 00 00 00 18 00 42 00 00 A2 EF 34 A7 2F 00 00 EF 81 00 09 00 00 00 01 38 00 39 1D C9 1D B1 44 44 0F 77 88 30 AE 9B 60 58 77 09 00 82 6B 64 0D 32 19 40 00 19 17 00 3F 31 00 00 64 06 0C F4 64
1785249112074,16:31:52.362,00 00 00 00 00 00 00 00 18 00 42 00 00 A2 EF 34 A7 2F 00 00 EF 81 00 09 00 00 00 01 38 00 39 1E 20 1E 49 44 44 0B 78 C4 30 AE 9A 60 58 60 08 2D 7C 6A 64 0D 32 19 40 00 19 17 00 3F 31 00 00 64 06 0C F5 65
1785249112575,16:31:52.868,00 00 00 00 00 00 00 00 18 00 42 00 00 A2 EF 34 A7 2F 00 00 EF 81 00 09 00 00 00 01 38 00 38 1E 1C 1E 2F 44 44 08 78 1C 30 AE 9A 60 58 61 07 E0 7B 69 64 0D 32 19 40 00 19 17 00 3F 31 00 00 64 06 0C F4 64
1785249113076,16:31:53.374,00 00 00 00 00 00 00 00 18 00 42 00 00 A2 EF 34 A7 2F 00 00 EF 81 00 09 00 00 00 01 20 00 38 1C 2F 1B B4 44 44 07 7C 98 30 AE 9A 60 58 54 07 A5 7E 69 64 0D 32 19 40 00 19 17 00 3F 31 00 00 64 08 0C F5 64
1785249113576,16:31:53.880,00 00 00 00 00 00 00 00 18 00 42 00 00 A2 EF 34 A7 2F 00 00 EF 80 00 00 00 00 00 01 20 00 38 1A FD 1A F5 44 44 07 80 90 30 AE 9A 60 58 61 07 22 78 69 65 0D 5A 2D 40 29 19 17 00 3F 31 00 00 64 10 0D F4 64
1785249114078,16:31:54.358,00 00 00 00 00 00 00 00 18 00 42 00 00 A2 EF 34 A7 2F 00 00 EF 90 00 00 00 00 00 01 20 00 38 20 E6 21 50 44 44 08 81 4C 30 AE 9A 60 58 6C 07 B0 80 69 6D 0D 66 32 40 4D 19 17 00 3F 31 00 00 64 18 12 F4 64
1785249114580,16:31:54.884,00 00 00 00 00 00 00 00 18 00 42 00 00 A2 EF 34 A7 2F 00 00 EF 90 00 00 00 00 00 01 20 00 38 2D 12 2D 0F 44 44 0B 85 60 30 AE 9A 60 58 77 09 A8 7D 6B 7D 0D 69 34 40 54 16 16 00 3F 31 00 00 64 15 13 F4 64
1785249115082,16:31:55.386,00 00 00 00 00 00 00 00 18 00 42 00 00 A2 EF 34 A7 2F 00 00 EF 90 00 00 00 00 00 01 20 00 38 3A 3E 3A 6A 44 44 0E 85 D8 30 AE 9A 60 58 8F 0C A9 87 6F 93 00 71 38 40 63 19 17 00 3F 31 00 00 64 16 16 F5 65
1785249115582,16:31:55.881,00 00 00 00 00 00 00 00 18 00 42 00 00 A2 EF 34 A7 2F 00 00 EF 80 00 00 00 00 00 01 20 00 39 39 55 39 2D 44 44 12 87 68 30 AE 9A 60 58 8F 0E 1E 97 78 69 0D 32 19 40 03 2A 31 B2 3F 31 00 00 64 02 13 F5 65
1785249116084,16:31:56.387,00 00 00 00 00 00 00 00 18 00 42 00 00 A2 EF 34 A7 2F 00 00 EF 01 00 09 00 00 00 01 20 00 39 25 FF 25 3A 44 44 11 7F F8 30 AE 9A 60 58 75 0C C0 81 73 64 0D 44 22 40 02 2A 31 00 3F 31 00 00 64 00 0E F4 64
1785249116584,16:31:56.864,00 00 00 00 00 00 00 00 18 00 42 00 00 A2 EF 34 A7 2F 00 00 EF 90 00 00 00 00 00 01 20 00 38 21 67 21 C0 44 44 11 7D 94 30 AE 9A 60 58 82 0A 36 89 70 70 0D 71 38 40 5C 2A 31 00 3F 31 00 00 64 1B 15 F4 64
1785249117086,16:31:57.382,00 00 00 00 00 00 00 00 18 00 42 00 00 A2 EF 34 A7 2F 00 00 EF 90 00 00 00 00 00 01 20 00 38 25 76 25 5D 44 44 12 82 54 30 AE 9A 60 58 84 09 DB 89 70 76 0D 79 3C 40 73 2A 31 00 3F 31 00 00 64 19 14 F5 65
1785249117587,16:31:57.881,00 00 00 00 00 00 00 00 18 00 42 00 00 A2 EF 34 A7 2F 00 00 EF 90 00 00 00 00 00 01 20 00 39 29 CB 29 F3 44 44 14 84 0C 30 AE 99 60 58 7F 0A A8 8C 72 7E 0D 7B 3D 40 7C 15 17 00 3F 31 00 00 64 19 14 F4 64
1785249118088,16:31:58.365,00 00 00 00 00 00 00 00 18 00 42 00 00 A2 EF 34 A7 2F 00 00 EF 90 00 00 00 00 00 01 60 00 39 2D BD 2D B6 44 44 16 83 E4 30 AE 99 60 58 91 0B A0 89 75 84 0D 7C 3E 40 7E 15 17 9C 3F 31 00 00 64 18 14 F4 64
1785249118590,16:31:58.890,00 00 00 00 00 00 00 00 18 00 42 00 00 A2 EF 34 A7 2F 00 00 EF 90 00 00 00 00 00 01 60 00 39 31 FE 32 1E 44 44 18 84 00 30 AE 99 60 58 96 0C 27 8C 78 86 0D 7D 3E 40 80 18 19 A1 3F 31 00 00 64 16 13 F4 64
1785249119090,16:31:59.375,00 00 00 00 00 00 00 00 18 00 42 00 00 A2 EF 34 A7 2F 00 00 EF 90 00 00 00 00 00 01 60 00 39 36 40 36 2E 44 44 1A 84 38 30 AE 99 60 58 7A 0C B7 9B 7A 8D 0D 7E 3F 40 82 18 18 A0 3F 31 00 00 64 16 14 F4 64
1785249119614,16:31:59.908,00 00 00 00 00 00 00 00 18 00 42 00 00 A2 EF 34 A7 2F 00 00 EF 90 00 00 00 00 00 01 60 00 39 3A 98 3A 97 44 44 1C 83 FC 30 AE 9A 60 58 8C 0D A1 94 7D 96 00 81 40 40 86 18 17 A1 3F 31 00 00 64 17 16 F4 64
1785249120115,16:32:00.416,00 00 00 00 00 00 00 00 18 00 42 00 00 A2 EF 34 A7 2F 00 00 EF 90 00 00 00 00 00 01 60 00 39 3F 8C 3F 59 44 44 1E 84 30 30 AE 99 60 58 9C 0E 90 A4 81 9E 00 83 41 40 8B 18 16 A0 3F 31 00 00 64 18 18 F4 64
1785249120616,16:32:00.906,00 00 00 00 00 00 00 00 18 00 42 00 00 A2 EF 34 A7 2F 00 00 EF 90 00 00 00 00 00 01 60 00 39 44 5E 44 7D 44 44 21 84 9C 30 AE 9A 60 58 90 0F D0 A4 88 A3 00 84 42 40 8E 19 15 9C 3F 31 00 00 64 19 1A F4 64
1785249121118,16:32:01.400,00 00 00 00 00 00 00 00 18 00 42 00 00 A2 EF 34 A7 2F 00 00 EF 90 00 00 00 00 00 01 60 00 39 49 E3 49 F0 44 44 23 84 D8 30 AE 9A 60 58 96 12 38 BB 8F A9 00 86 42 40 91 19 15 7D 3F 31 00 00 64 1A 1B F4 64
1785249121619,16:32:01.898,00 00 00 00 00 00 00 00 18 00 42 00 00 A2 EF 34 A7 2F 00 00 EF 90 00 00 00 00 00 01 60 00 39 4F D3 4F D9 44 44 26 85 AC 30 AE 9A 60 58 AB 17 AB D1 9F B0 00 87 43 40 93 1A 16 67 3F 31 00 00 64 1D 1C F4 64
1785249122121,16:32:02.421,00 00 00 00 00 00 00 00 18 00 42 00 00 A2 EF 34 A7 2F 00 00 EF 90 00 00 00 00 00 01 60 00 39 56 2A 56 43 44 44 29 86 40 30 AE 9A 60 58 C0 1C DD EA B2 B3 07 8A 45 40 99 1A 16 00 3F 31 00 00 64 1E 1D F4 64
1785249122622,16:32:02.922,00 00 00 00 00 00 00 00 18 00 42 00 00 A2 EF 34 A7 2F 00 00 EF 80 00 00 00 00 00 01 60 00 39 5B 44 5A 96 44 44 2C 86 68 30 AE 9A 60 58 B5 20 CD D3 BC 9D 84 3F 1F 40 50 1A 16 9A 3F 31 00 00 64 10 1B F4 64
1785249123123,16:32:03.423,00 00 00 00 00 00 00 00 18 00 42 00 00 A2 EF 34 A7 2F 00 00 EF 09 00 01 00 00 00 01 60 00 39 47 5E 47 3E 44 44 2D 84 A8 30 AE 9A 60 58 94 1A B2 9F 9C 64 0D 32 19 40 00 2E 3D 00 40 31 00 00 64 FB 17 F4 64
1785249123625,16:32:03.932,00 00 00 00 00 00 00 00 18 00 42 00 00 A2 EF 34 A7 2F 00 00 EF 80 00 00 00 00 00 01 60 00 39 3E AA 3E 7D 44 44 2C 7E 78 30 AE 9A 60 58 95 14 41 8E 84 87 0D 71 38 40 59 2C 46 00 40 31 00 00 64 0D 15 F4 64
1785249124130,16:32:04.431,00 00 00 00 00 00 00 00 18 00 42 00 00 A2 EF 34 A7 2F 00 00 EF 90 00 00 00 00 00 01 60 00 39 3C 77 3C 9F 44 44 2C 7E FC 30 AE 9A 60 58 9F 12 5D 9B 82 99 00 77 3B 40 70 18 1E 00 3F 31 00 00 64 18 17 F4 64
1785249124631,16:32:04.912,00 00 00 00 00 00 00 00 18 00 42 00 00 A2 EF 34 A7 2F 00 00 EF 90 00 00 00 00 00 01 60 00 38 3E 44 3E 58 44 44 2D 82 0C 30 AE 9A 60 58 A3 12 EF B3 8A A4 00 78 3C 40 74 1A 19 00 3F 31 00 00 64 1B 19 F4 64
1785249125132,16:32:05.431,00 00 00 00 00 00 00 00 18 00 42 00 00 A2 EF 34 A7 2F 00 00 EF 90 00 00 00 00 00 01 60 00 38 40 AC 40 8C 44 44 2F 83 2C 30 AE 9A 60 58 AC 14 42 C1 95 A7 00 7A 3D 40 78 1A 19 67 3F 31 00 00 64 1C 1A F4 64
1785249125632,16:32:05.929,00 00 00 00 00 00 00 00 18 00 42 00 00 A2 EF 34 A7 2F 00 00 EF 90 00 00 00 00 00 01 60 00 39 43 1E 43 1C 44 44 31 83 80 30 AE 9A 60 58 AF 15 9C C0 9C A9 00 7B 3D 40 7A 1A 19 67 3F 31 00 00 64 1C 1B F4 64
1785249126134,16:32:06.422,00 00 00 00 00 00 00 00 18 00 42 00 00 A2 EF 34 A7 2F 00 00 EF 90 00 00 00 00 00 01 60 00 39 45 96 45 8A 44 44 33 83 94 30 AE 9A 60 58 9D 17 21 C6 A2 AC 00 7B 3D 40 7C 1A 19 67 3F 31 00 00 64 1D 1C F4 64
1785249126635,16:32:06.911,00 00 00 00 00 00 00 00 18 00 42 00 00 A2 EF 34 A7 2F 00 00 EF 90 00 00 00 00 00 01 60 00 39 48 56 48 57 44 44 35 83 E8 30 AE 9A 60 58 A9 18 A6 D8 A7 AE 00 7E 3E 40 7F 1A 19 67 3F 31 00 00 64 1D 1D F4 64
1785249127137,16:32:07.438,00 00 00 00 00 00 00 00 18 00 42 00 00 A2 EF 34 A7 2F 00 00 EF 90 00 00 00 00 00 01 60 00 39 4B 06 4A B0 44 44 37 83 F4 30 AE 9A 60 58 B2 1A 41 D8 AF B0 00 80 40 40 86 1A 19 67 3F 31 00 00 64 1E 1D F4 64
1785249127637,16:32:07.937,00 00 00 00 00 00 00 00 18 00 42 00 00 A2 EF 34 A7 2F 00 00 EF 90 00 00 00 00 00 01 60 00 39 4D 81 4D 63 44 44 39 83 D0 30 AE 9B 60 58 B6 1B D9 DF B5 B1 17 82 41 40 89 1A 19 00 3F 31 00 00 64 1E 1D F4 64
1785249128138,16:32:08.439,00 00 00 00 00 00 00 00 18 00 42 00 00 A2 EF 34 A7 2F 00 00 EF 90 00 00 00 00 00 01 60 00 39 4F EF 4F DE 44 44 3B 83 D0 30 AE 9B 60 58 AE 1B E0 C4 AF B2 8F 84 41 40 8D 1A 19 00 3F 31 00 00 64 1E 1D F4 64
1785249128640,16:32:08.976,00 00 00 00 00 00 00 00 18 00 42 00 00 A2 EF 34 A7 2F 00 00 EF 90 00 00 00 00 00 01 60 00 39 52 A4 52 79 44 44 3C 83 94 30 AE 9B 60 58 BC 1C 1C CE A8 B2 64 85 42 40 90 1A 19 00 3F 31 00 00 64 1E 1D F4 64
1785249129142,16:32:09.443,00 00 00 00 00 00 00 00 18 00 42 00 00 A2 EF 34 A7 2F 00 00 EF 90 00 00 00 00 00 01 60 00 39 55 2A 54 FC 44 44 3E 83 A8 30 AE 9B 60 58 BF 1E 63 E6 B2 B4 70 87 43 40 95 1A 19 00 3F 31 00 00 64 1F 1E F4 64
1785249129643,16:32:09.930,00 00 00 00 00 00 00 00 18 00 42 00 00 A2 EF 34 A7 2F 00 00 EF 90 00 00 00 00 00 01 60 00 39 57 B7 57 A8 44 44 40 83 A0 30 AE 9C 60 58 B4 1F 95 E2 B6 B5 7B 88 43 40 96 1A 19 00 3F 31 00 00 64 1F 1E F4 64
1785249130144,16:32:10.445,00 00 00 00 00 00 00 00 18 00 42 00 00 A2 EF 34 A7 2F 00 00 EF 90 00 00 00 00 00 01 60 00 39 5A 48 5A 10 44 44 42 84 34 30 AE 9C 60 58 BC 20 5E D9 B5 B5 74 8D 46 40 9F 1A 19 00 3F 31 00 00 64 1F 1E F4 64
1785249130644,16:32:10.924,00 00 00 00 00 00 00 00 18 00 42 00 00 A2 EF 34 A7 2F 00 00 EF 90 00 00 00 00 00 01 60 00 39 5C 90 5C A8 44 44 44 83 D8 30 AE 9C 5E 58 B7 21 4C E4 B8 B6 7C 8D 46 40 A1 1A 19 00 3F 31 00 00 64 1F 1F F4 64
1785249131146,16:32:11.424,00 00 00 00 00 00 00 00 18 00 42 00 00 A2 EF 34 A7 2F 00 00 EF 80 00 00 00 00 00 01 60 00 39 56 CE 56 AB 44 44 46 83 88 30 AE 9C 5E 58 B0 1E 7B BF AE 70 0D 32 19 40 06 1A 19 67 3F 31 00 00 64 00 1B F4 64
1785249131647,16:32:11.945,00 00 00 00 00 00 00 00 18 00 42 00 00 A2 EF 34 A7 2F 00 00 EF 80 00 00 00 00 00 01 60 00 39 3F 35 3F 21 44 44 45 7E 70 30 AE 9C 5E 58 96 17 9D 9E 90 71 0D 61 30 40 2F 1A 19 00 3F 31 00 00 64 05 15 F4 64
1785249132148,16:32:12.447,00 00 00 00 00 00 00 00 18 00 42 00 00 A2 EF 34 A7 2F 00 00 EF 80 00 00 00 00 00 01 60 00 39 41 C3 41 C4 44 44 43 7D 68 30 AE 9C 5E 58 94 14 25 A1 85 9D 00 73 39 40 64 19 1F 00 3F 31 00 00 64 17 18 F4 64
1785249132650,16:32:12.948,00 00 00 00 00 00 00 00 18 00 42 00 00 A2 EF 34 A7 2F 00 00 EF 80 00 00 00 00 00 01 60 00 39 42 35 42 17 44 44 43 80 2C 30 AE 9C 5E 58 AC 14 57 B3 8D A5 00 76 3B 40 6F 19 1B 00 3F 31 00 00 64 1B 1A F4 64
1785249133150,16:32:13.449,00 00 00 00 00 00 00 00 18 00 42 00 00 A2 EF 34 A7 2F 00 00 EF 90 00 00 00 00 00 01 60 00 39 43 45 43 34 44 44 44 81 A4 30 AE 9C 5E 58 9C 15 8C BF 98 A9 00 7A 3D 40 78 19 1A 00 3F 31 00 00 64 1C 1B F4 64
1785249133651,16:32:13.923,00 00 00 00 00 00 00 00 18 00 42 00 00 A2 EF 34 A7 2F 00 00 EF 90 00 00 00 00 00 01 60 00 39 44 5E 44 65 44 44 45 82 34 30 AE 9C 5E 58 A1 16 AF CE A2 AB 00 7D 3E 40 7E 19 1A 67 3F 31 00 00 64 1D 1C F4 64
1785249134152,16:32:14.448,00 00 00 00 00 00 00 00 18 00 42 00 00 A2 EF 34 A7 2F 00 00 EF 90 00 00 00 00 00 01 60 00 39 45 6C 45 AF 44 44 47 82 74 30 AE 9C 5E 58 A8 17 89 CF A6 AC 00 7E 3F 40 80 19 1A 67 3F 31 00 00 64 1D 1C F4 64
1785249134653,16:32:14.950,00 00 00 00 00 00 00 00 18 00 42 00 00 A2 EF 34 A7 2F 00 00 EF 90 00 00 00 00 00 01 60 00 39 46 82 46 B6 44 44 48 82 70 30 B0 9C 5E 58 B4 18 52 DB AE AD 06 7F 3F 40 83 19 1A 67 3F 31 00 00 64 1D 1C F4 64
1785249135155,16:32:15.455,00 00 00 00 00 00 00 00 18 00 42 00 00 A2 EF 34 A7 2F 00 00 EF 90 00 00 00 00 00 01 60 00 39 47 E4 47 B2 44 44 49 82 54 30 B0 9C 5E 58 B1 19 0A D5 B1 AE 19 7F 3F 40 84 19 1A 67 3F 30 00 00 64 1E 1D F4 64
1785249135656,16:32:15.930,00 00 00 00 00 00 00 00 18 00 42 00 00 A2 EF 34 A7 2F 00 00 EF 90 00 00 00 00 00 01 60 00 39 49 3E 49 10 44 44 4A 82 68 30 B0 9D 5E 58 AD 19 CF D9 B2 AF 25 80 40 40 86 19 1A 67 3F 30 00 00 64 1E 1D F4 64
1785249136158,16:32:16.458,00 00 00 00 00 00 00 00 18 00 42 00 00 A2 EF 34 A7 2F 00 00 EF 90 00 00 00 00 00 01 60 00 39 4A 5B 4A 40 44 44 4B 82 98 30 B0 9D 5E 58 B0 1A 6C E4 B5 B0 36 81 40 40 88 19 1A 67 3F 30 00 00 64 1E 1D F4 64
1785249136659,16:32:16.961,00 00 00 00 00 00 00 00 18 00 42 00 00 A2 EF 34 A7 2F 00 00 EF 90 00 00 00 00 00 01 60 00 38 4B 81 4B 6D 44 44 4C 82 94 30 B0 9D 5E 58 B5 1A 47 CA B2 B1 94 82 40 40 89 19 1A 67 3E 30 00 00 64 1E 1D F4 64
1785249137163,16:32:17.468,00 00 00 00 00 00 00 00 18 00 42 00 00 A2 EF 34 A7 2F 00 00 EF 90 00 00 00 00 00 01 60 00 38 4C 64 4C B9 44 44 4E 82 E0 30 B0 9D 5E 58 B0 19 AB CB A8 B0 63 82 40 40 8A 19 1A 67 3E 30 00 00 64 1E 1D F4 64
1785249137665,16:32:17.950,00 00 00 00 00 00 00 00 18 00 42 00 00 A2 EF 34 A7 2F 00 00 EF 80 00 00 00 00 00 01 60 00 38 4D 81 4D 68 44 44 4F 82 30 30 B0 9D 5E 58 AE 1A A1 D3 AC B1 64 71 38 40 7D 19 1A 67 3E 30 00 00 64 1C 1D F4 64
1785249138166,16:32:18.461,00 00 00 00 00 00 00 00 18 00 42 00 00 A2 EF 34 A7 2F 00 00 EF 09 00 01 00 00 00 01 60 00 38 42 E3 42 27 44 44 4F 82 20 30 B0 9D 5E 58 92 17 6E A4 9F 64 0D 32 19 40 01 2C 3E 00 3E 30 00 00 64 FB 16 F4 64
1785249138667,16:32:18.963,00 00 00 00 00 00 00 00 18 00 42 00 00 A2 EF 34 A7 2F 00 00 EF 08 00 08 00 00 00 01 60 00 38 37 39 37 97 44 44 4E 7E 34 2F B0 9D 5E 58 93 11 F7 89 85 64 0D 42 21 40 03 2C 3E 00 3E 30 00 00 64 FB 13 F4 64
1785249139168,16:32:19.441,00 00 00 00 00 00 00 00 18 00 42 00 00 A2 EF 34 A7 2F 00 00 EF 00 00 00 00 00 00 01 60 00 38 3B BA 3B CA 44 44 4C 7C D8 2F B0 9D 5E 58 96 10 25 89 78 67 0D 4A 25 40 14 2C 3E 00 3F 30 00 00 64 00 14 F4 64
1785249139669,16:32:19.955,00 00 00 00 00 00 00 00 18 00 42 00 00 A2 EF 34 A7 2F 00 00 EF 80 00 00 00 00 00 00 40 00 38 3B 20 3B 04 44 44 4B 7D 80 2F B0 9D 5E 58 79 0E 7F 83 73 70 0D 54 2A 40 29 2C 3E C0 3F 30 00 00 64 06 14 F4 64
1785249140169,16:32:20.444,00 00 00 00 00 00 00 00 18 00 42 00 00 A2 EF 34 A7 2F 00 00 EF 80 00 00 00 00 00 00 40 00 38 3A 20 3A 36 44 44 4A 7D AC 2F B0 9D 5E 58 85 0B F6 7F 71 7E 0D 60 30 40 3B 2C 2D B1 3F 30 00 00 64 0B 14 F4 64
1785249140670,16:32:20.942,00 00 00 00 00 00 00 00 18 00 42 00 00 A2 EF 34 A7 2F 00 00 EF 80 00 00 00 00 00 00 40 00 38 39 BA 39 8F 44 44 4A 7E EC 2F B0 9D 5E 58 76 0B 31 82 71 8B 00 63 31 40 4A 1B 19 AF 3F 30 00 00 64 12 14 F4 64
1785249141171,16:32:21.472,00 00 00 00 00 00 00 00 18 00 42 00 00 A2 EF 34 A7 2F 00 00 EF 90 00 00 00 00 00 00 40 00 38 39 C8 39 BE 44 44 49 7F 38 2F B0 9D 5E 58 95 0B 8F 91 73 91 00 6B 35 40 55 1A 16 9F 3F 30 00 00 64 15 15 F4 64
1785249141672,16:32:21.950,00 00 00 00 00 00 00 00 18 00 42 00 00 A2 EF 34 A7 2F 00 00 EF 90 00 00 00 00 00 00 40 00 38 39 80 39 94 44 44 49 7F 9C 2F B0 9D 5E 58 8A 0C B1 9B 78 93 00 72 39 40 66 19 17 9C 3F 30 00 00 64 16 15 F4 64
1785249142172,16:32:22.445,00 00 00 00 00 00 00 00 18 00 42 00 00 A2 EF 34 A7 2F 00 00 EF 90 00 00 00 00 00 00 40 00 38 39 38 39 2B 44 44 49 7F E8 2F B0 9D 5E 58 92 0D A1 9B 7D 94 00 72 39 40 68 18 17 9C 3F 30 00 00 64 17 15 F4 64
1785249142673,16:32:22.948,00 00 00 00 00 00 00 00 18 00 42 00 00 A2 EF 34 A7 2F 00 00 EF 90 00 00 00 00 00 00 40 00 38 39 2A 38 F1 44 44 49 7F D0 2F B0 9D 5E 58 7E 0E 43 A4 82 96 00 73 39 40 6A 17 18 9C 3F 30 00 00 64 18 16 F4 64
1785249143174,16:32:23.479,00 00 00 00 00 00 00 00 18 00 42 00 00 A2 EF 34 A7 2F 00 00 EF 90 00 00 00 00 00 00 40 00 38 38 E3 38 F0 44 44 48 7F 24 2F B0 9C 5E 58 99 0E C5 9C 85 96 00 74 3A 40 6C 17 18 9D 3F 30 00 00 64 18 16 F4 64
1785249143674,16:32:23.961,00 00 00 00 00 00 00 00 18 00 42 00 00 A2 EF 34 A7 2F 00 00 EF 90 00 00 00 00 00 00 40 00 38 38 E3 38 A3 44 44 48 7F 88 2F B0 9D 5E 58 7D 0E F5 9E 86 96 00 75 3A 40 6E 17 19 9E 3F 30 00 00 65 18 16 F4 64
1785249144177,16:32:24.473,00 00 00 00 00 00 00 00 18 00 42 00 00 A2 EF 34 A7 2F 00 00 EF 90 00 00 00 00 00 01 60 00 38 38 E3 38 F7 44 44 48 7F 88 2F B0 9D 5E 58 90 0F 21 AD 89 97 00 75 3A 40 6E 17 19 9F 3F 30 00 00 65 19 16 F4 64
1785249144677,16:32:24.980,00 00 00 00 00 00 00 00 18 00 42 00 00 A2 EF 34 A7 2F 00 00 EF 90 00 00 00 00 00 01 60 00 38 38 E3 38 C4 44 44 48 7F E8 2F B0 9D 5E 58 90 0F 38 AC 8A 97 00 76 3B 40 70 17 19 A0 3F 30 00 00 64 19 16 F4 64
1785249145177,16:32:25.483,00 00 00 00 00 00 00 00 18 00 42 00 00 A2 EF 34 A7 2F 00 00 EF 90 00 00 00 00 00 01 60 00 38 39 38 39 58 44 44 48 80 18 2F B0 9D 5E 58 82 0F 33 9E 89 98 00 77 3B 40 73 17 19 A1 3F 30 00 00 64 19 16 F4 64
1785249145678,16:32:25.980,00 00 00 00 00 00 00 00 18 00 42 00 00 A2 EF 34 A7 2F 00 00 EF 90 00 00 00 00 00 01 60 00 38 38 FF 38 F0 44 44 48 80 90 2F B0 9D 5E 58 9E 0F 35 A0 8A 97 00 77 3B 40 73 17 19 A3 3F 30 00 00 65 19 16 F4 64
1785249146178,16:32:26.455,00 00 00 00 00 00 00 00 18 00 42 00 00 A2 EF 34 A7 2F 00 00 EF 90 00 00 00 00 00 01 60 00 38 39 2A 39 1C 44 44 48 80 18 2F B0 9D 5E 58 88 0F 23 A3 8A 97 00 77 3B 40 73 17 18 A4 3F 30 00 00 64 18 16 F4 64
1785249146680,16:32:26.978,00 00 00 00 00 00 00 00 18 00 42 00 00 A2 EF 34 A7 2F 00 00 EF 90 00 00 00 00 00 01 60 00 38 38 F1 38 D7 44 44 48 80 18 2F B0 9D 5E 58 8A 0F 0A A0 8A 97 00 77 3B 40 73 17 18 A5 3F 30 00 00 65 18 16 F4 64
1785249147181,16:32:27.478,00 00 00 00 00 00 00 00 18 00 42 00 00 A2 EF 34 A7 2F 00 00 EF 90 00 00 00 00 00 01 60 00 38 38 E3 38 E4 44 44 48 7F A0 2F B0 9D 5E 58 A1 0F 04 AE 8A 97 00 77 3B 40 73 17 18 A6 3F 30 00 00 65 18 16 F4 64
1785249147682,16:32:27.979,00 00 00 00 00 00 00 00 18 00 42 00 00 A2 EF 34 A7 2F 00 00 EF 90 00 00 00 00 00 01 60 00 38 39 1B 38 F1 44 44 48 7F D0 2F B0 9D 5E 58 87 0E E4 AE 8A 97 00 77 3B 40 73 17 18 A7 3F 30 00 00 65 18 16 F4 64
1785249148183,16:32:28.463,00 00 00 00 00 00 00 00 18 00 42 00 00 A2 EF 34 A7 2F 00 00 EF 90 00 00 00 00 00 01 60 00 38 38 D4 38 E6 44 44 48 7F E8 2F B0 9D 5E 58 9E 0E D8 9D 89 96 00 77 3B 40 72 17 18 A8 3F 30 00 00 65 18 16 F4 64
1785249148683,16:32:28.979,00 00 00 00 00 00 00 00 18 00 42 00 00 A2 EF 34 A7 2F 00 00 EF 90 00 00 00 00 00 01 60 00 38 38 E3 38 F3 44 44 48 80 00 2F B0 9D 5E 58 91 0E B3 9C 88 96 00 76 3B 40 72 17 18 A9 3F 30 00 00 65 18 16 F4 64
1785249149184,16:32:29.501,00 00 00 00 00 00 00 00 18 00 42 00 00 A2 EF 34 A7 2F 00 00 EF 90 00 00 00 00 00 01 60 00 38 38 F1 39 0A 44 44 48 80 30 2F B0 9D 5E 58 98 0E 9E A8 89 96 00 77 3B 40 73 17 18 A9 3E 30 00 00 65 18 16 F4 64
1785249149686,16:32:29.968,00 00 00 00 00 00 00 00 18 00 42 00 00 A2 EF 34 A7 2F 00 00 EF 90 00 00 00 00 00 01 60 00 39 38 D4 38 EB 44 44 48 7F A0 2F B0 9D 5E 58 92 0E 7B 9E 88 96 00 77 3C 40 74 17 18 AA 3E 30 00 00 65 18 16 F3 64
1785249150188,16:32:30.484,00 00 00 00 00 00 00 00 18 00 42 00 00 A2 EF 34 A7 2F 00 00 EF 90 00 00 00 00 00 01 60 00 39 38 FF 38 DE 44 44 48 80 78 2F B0 9D 5E 58 90 0E 60 A6 88 95 00 78 3C 40 75 17 18 AB 3E 30 00 00 65 18 15 F4 64
1785249150689,16:32:30.965,00 00 00 00 00 00 00 00 18 00 42 00 00 A2 EF 34 A7 2F 00 00 EF 90 00 00 00 00 00 01 60 00 38 38 B8 38 B6 44 44 49 80 30 2F B0 9D 5E 58 7F 0E 5C 9D 87 95 00 78 3C 40 75 17 18 AB 3E 30 00 00 65 18 15 F4 64
1785249151196,16:32:31.481,00 00 00 00 00 00 00 00 18 00 42 00 00 A2 EF 34 A7 2F 00 00 EF 90 00 00 00 00 00 01 60 00 38 38 D4 38 B9 44 44 49 80 48 2F B0 9D 5E 58 9E 0E 5D 9B 87 95 00 77 3C 40 74 17 18 AC 3F 30 00 00 65 18 15 F4 64
1785249151697,16:32:31.995,00 00 00 00 00 00 00 00 18 00 42 00 00 A2 EF 34 A7 2F 00 00 EF 90 00 00 00 00 00 01 60 00 38 38 E3 38 9B 44 44 49 7F E8 2F B0 9D 5E 58 8A 0E 42 AA 87 95 00 78 3C 40 75 17 18 AC 3E 30 00 00 65 18 15 F3 64
1785249152198,16:32:32.494,00 00 00 00 00 00 00 00 18 00 42 00 00 A2 EF 34 A7 2F 00 00 EF 90 00 00 00 00 00 01 60 00 38 38 C6 38 ED 44 44 49 7F E8 2F B0 9D 5E 58 7C 0E 33 AB 87 95 00 79 3C 40 76 17 18 AD 3E 30 00 00 65 18 15 F3 64
1785249152699,16:32:32.997,00 00 00 00 00 00 00 00 18 00 42 00 00 A2 EF 34 A7 2F 00 00 EF 90 00 00 00 00 00 01 60 00 38 38 FF 38 DA 44 44 49 80 30 2F B0 9D 5E 58 9A 0E 16 99 86 95 00 7B 3D 40 7B 17 18 AD 3E 30 00 00 65 17 15 F4 64
1785249153200,16:32:33.494,00 00 00 00 00 00 00 00 18 00 42 00 00 A2 EF 34 A7 2F 00 00 EF 90 00 00 00 00 00 01 60 00 38 39 0D 39 22 44 44 49 80 30 2F B0 9D 5E 58 73 0E 11 99 85 94 00 79 3C 40 79 17 18 AD 3F 30 00 00 65 17 15 F4 64
1785249153701,16:32:33.994,00 00 00 00 00 00 00 00 18 00 42 00 00 A2 EF 34 A7 2F 00 00 EF 80 00 00 00 00 00 01 60 00 38 39 0D 38 E8 44 44 49 7F CC 2F B0 9D 5E 58 90 0E 05 A6 86 90 00 58 2C 40 4C 18 18 AE 3E 30 00 00 65 13 15 F3 64
1785249154203,16:32:34.482,00 00 00 00 00 00 00 00 18 00 42 00 00 A2 EF 34 A7 2F 00 00 EF 90 00 00 00 00 00 01 60 00 38 40 63 40 AC 44 44 48 7F 54 2F B0 9D 5E 58 8B 0E 37 93 7F 90 00 B4 59 40 B1 1C 22 00 3F 30 00 00 65 10 16 F3 64
1785249154704,16:32:35.011,00 00 00 00 00 00 00 00 18 00 42 00 00 A2 EF 34 A7 2F 00 00 EF 00 00 00 00 00 00 01 60 00 38 44 DA 44 26 44 44 48 7E 20 2F B0 9D 5E 58 A5 12 61 95 7E 64 0D 32 19 40 02 19 1B 00 3F 30 00 00 65 FC 16 F3 64
1785249155206,16:32:35.503,00 00 00 00 00 00 00 00 18 00 42 00 00 A2 EF 34 A7 2F 00 00 EF 80 00 00 00 00 00 01 60 00 38 45 2D 44 E4 44 44 47 7D FC 2F B0 9D 5E 58 91 12 1A 8B 79 76 0D 5F 2F 40 35 19 1B 00 3F 30 00 00 65 06 16 F3 64
1785249155706,16:32:36.011,00 00 00 00 00 00 00 00 18 00 42 00 00 A2 EF 34 A7 2F 00 00 EF 80 00 00 00 00 00 01 60 00 38 45 6C 45 6B 44 44 47 7F 60 2F B0 9D 5E 58 A6 12 94 9A 7D 99 00 6F 37 40 5C 19 21 00 3F 30 00 00 65 13 18 F4 64
1785249156210,16:32:36.510,00 00 00 00 00 00 00 00 18 00 42 00 00 A2 EF 34 A7 2F 00 00 EF 80 00 00 00 00 00 01 60 00 38 46 01 45 F3 44 44 48 81 A0 2F B0 9E 5E 58 AC 14 64 B6 89 A4 00 76 3B 40 6F 19 1A 00 3F 30 00 00 65 1A 1A F4 64
1785249156710,16:32:37.012,00 00 00 00 00 00 00 00 18 00 42 00 00 A2 EF 34 A7 2F 00 00 EF 80 00 00 00 00 00 01 60 00 38 46 EF 46 CD 44 44 49 82 3C 2F B0 9E 5E 58 9E 16 A0 C6 9A A4 00 74 3A 40 6E 19 1D 00 3F 30 00 00 65 19 1A F4 64
1785249157210,16:32:37.510,00 00 00 00 00 00 00 00 18 00 42 00 00 A2 EF 34 A7 2F 00 00 EF 80 00 00 00 00 00 01 60 00 38 47 8B 47 7B 44 44 4A 81 D4 2F B0 9E 5E 58 89 14 C9 B2 9B 94 1A 63 31 40 4F 1A 29 B8 3F 30 00 00 65 0F 17 F3 64
1785249157711,16:32:38.009,00 00 00 00 00 00 00 00 18 00 42 00 00 A2 EF 34 A7 2F 00 00 EF 80 00 00 00 00 00 01 60 00 38 45 96 45 23 44 44 49 80 00 2F B0 9E 5D 58 98 11 AB 9E 90 6D 0D 48 24 40 1E 33 3F A4 3F 30 00 00 65 02 16 F4 64
1785249158212,16:32:38.514,00 00 00 00 00 00 00 00 18 00 42 00 00 A2 EF 34 A7 2F 00 00 EF 00 00 00 00 00 00 01 60 00 38 46 6C 46 31 44 44 48 7D 80 2F B0 9E 5D 58 A1 11 BC 8F 7F 64 0D 41 20 40 04 33 3F 00 3F 30 00 00 65 FB 16 F3 64
1785249158713,16:32:39.011,00 00 00 00 00 00 00 00 18 00 42 00 00 A2 EF 34 A7 2F 00 00 EF 00 00 00 00 00 00 01 60 00 38 44 87 44 A9 44 44 47 7C F4 2F B0 9E 5D 58 95 11 95 8A 76 64 0D 40 20 40 02 33 3F 00 3F 30 00 00 65 FB 16 F3 64
1785249159215,16:32:39.511,00 00 00 00 00 00 00 00 18 00 42 00 00 A2 EF 34 A7 2F 00 00 EF 09 00 01 00 00 00 01 60 00 38 43 6D 43 82 44 44 45 7C E4 2F B0 9E 5D 58 9C 11 5B 87 74 64 0D 3A 1D 40 00 33 3F 00 3F 30 00 00 65 FB 16 F3 64
1785249159716,16:32:40.030,00 00 00 00 00 00 00 00 18 00 42 00 00 A2 EF 34 A7 2F 00 00 EF 09 00 01 00 00 00 01 60 00 38 42 5B 42 4F 44 44 44 7E 04 2F B0 9E 5D 58 95 11 0E 84 72 64 0D 32 19 40 00 33 3F 00 3F 30 00 00 65 FB 16 F4 64
1785249160218,16:32:40.515,00 00 00 00 00 00 00 00 18 00 42 00 00 A2 EF 34 A7 2F 00 00 EF 09 00 01 00 00 00 01 60 00 38 41 65 41 6D 44 44 43 7D C0 2F B0 9E 5D 58 9E 10 D3 83 71 64 0D 32 19 40 00 33 3F 00 3F 30 00 00 65 FB 15 F3 64
1785249160719,16:32:41.026,00 00 00 00 00 00 00 00 18 00 42 00 00 A2 EF 34 A7 2F 00 00 EF 09 00 01 00 00 00 01 78 00 38 3F C2 3F A8 44 44 42 7D 68 2F B0 9D 5E 58 9E 10 87 84 71 64 0D 32 19 40 00 33 3F 00 3F 30 00 00 65 FB 15 F3 64
1785249161221,16:32:41.496,00 00 00 00 00 00 00 00 18 00 42 00 00 A2 EF 34 A7 2F 00 00 EF 09 00 09 00 00 00 01 78 00 38 3D 4A 3D 1B 44 44 3F 7B B4 2F B0 9D 5E 58 9C 10 26 84 71 64 0D 32 19 40 00 33 3F 00 3F 30 00 00 65 FB 15 F3 64
1785249161721,16:32:42.017,00 00 00 00 00 00 00 00 18 00 42 00 00 A2 EF 34 A7 2F 00 00 EF 09 00 09 00 00 00 01 78 00 38 3A 89 3A 47 44 44 3C 79 94 2F B0 9D 5E 58 95 0F 8D 81 70 64 0D 32 19 40 00 33 3F 00 3F 30 00 00 65 FB 14 F3 64
1785249162222,16:32:42.516,00 00 00 00 00 00 00 00 18 00 42 00 00 A2 EF 34 A7 2F 00 00 EF 09 00 09 00 00 00 01 78 00 38 36 B5 36 77 44 44 39 79 50 2F B0 9E 5E 58 96 0E C4 80 6F 64 0D 32 19 40 00 33 3F 00 3F 30 00 00 65 FB 13 F3 64
1785249162723,16:32:43.000,00 00 00 00 00 00 00 00 18 00 42 00 00 A2 EF 34 A7 2F 00 00 EF 09 00 09 00 00 00 01 78 00 38 32 40 32 14 44 44 34 77 54 2F B0 9E 5E 58 91 0D C9 7E 6F 64 0D 32 19 40 00 33 3F 00 3F 30 00 00 65 FB 12 F3 64
1785249163225,16:32:43.524,00 00 00 00 00 00 00 00 18 00 42 00 00 A2 EF 34 A7 2F 00 00 EF 09 00 09 00 00 00 01 78 00 38 2E 3E 2E 16 44 44 30 77 30 2F B0 9D 5E 58 90 0C C0 87 70 64 0D 32 19 40 00 33 3F 00 3F 30 00 00 65 FB 11 F3 64
1785249163726,16:32:44.002,00 00 00 00 00 00 00 00 18 00 42 00 00 A2 EF 34 A7 2F 00 00 EF 09 00 09 00 00 00 01 78 00 38 2A B4 2A AF 44 44 2C 78 28 30 B0 9E 5E 58 73 0B 9F 7A 6D 64 0D 32 19 40 00 33 3F 00 3F 30 00 00 65 FB 10 F4 64
1785249164226,16:32:44.524,00 00 00 00 00 00 00 00 18 00 42 00 00 A2 EF 34 A7 2F 00 00 EF 01 00 09 00 00 00 01 78 00 38 26 25 26 15 44 44 28 79 D4 30 B0 9D 5E 58 86 0A 97 82 6C 64 0D 32 19 40 00 33 3F 00 3F 30 00 00 65 FE 0E F4 64
1785249164727,16:32:45.021,00 00 00 00 00 00 00 00 18 00 42 00 00 A2 EF 34 A7 2F 00 00 EF 81 00 09 00 00 00 01 78 00 38 22 2F 22 0B 44 44 23 77 BC 30 B0 9D 5E 58 82 09 86 7B 6B 64 0D 32 19 40 00 33 3F 00 3F 30 00 00 65 02 0D F3 64
1785249165229,16:32:45.502,00 00 00 00 00 00 00 00 18 00 42 00 00 A2 EF 34 A7 2F 00 00 EF 81 00 09 00 00 00 01 78 00 38 1E C6 1E FE 44 44 20 78 44 30 B0 9D 5E 58 6A 08 84 80 6A 64 0D 32 19 40 00 33 3F 00 3F 30 00 00 65 05 0D F4 64
1785249165731,16:32:46.031,00 00 00 00 00 00 00 00 18 00 42 00 00 A2 EF 34 A7 2F 00 00 EF 81 00 09 00 00 00 01 78 00 38 1C E0 1C D8 44 44 1D 79 CC 30 B0 9D 5E 58 77 07 B7 7C 6A 64 0D 32 19 40 00 33 3F 00 3F 30 00 00 65 07 0C F3 64
1785249166232,16:32:46.520,00 00 00 00 00 00 00 00 18 00 42 00 00 A2 EF 34 A7 2F 00 00 EF 81 00 09 00 00 00 01 60 00 38 1D 75 1D 70 44 44 1B 7C A0 30 B0 9D 5E 58 69 07 56 7A 69 64 0D 32 19 40 00 33 3F 00 3F 30 00 00 65 07 0C F4 64
1785249166734,16:32:47.025,00 00 00 00 00 00 00 00 18 00 42 00 00 A2 EF 34 A7 2F 00 00 EF 90 00 00 00 00 00 01 60 00 38 27 02 27 0D 44 44 19 7D 04 30 B0 9D 5E 58 88 07 EA 76 69 6A 0D 32 19 40 4C 23 26 00 3F 30 00 00 65 0C 0F F3 64
1785249167235,16:32:47.533,00 00 00 00 00 00 00 00 18 00 42 00 00 A2 EF 34 A7 2F 00 00 EF 90 00 00 00 00 00 01 60 00 38 31 E8 32 2B 44 44 18 7C BC 30 B0 9D 5E 58 92 0A 3A 7C 69 73 0D 32 19 40 55 2C 2E 00 3F 30 00 00 65 0B 12 F3 64
1785249167736,16:32:48.031,00 00 00 00 00 00 00 00 18 00 42 00 00 A2 EF 34 A7 2F 00 00 EF 01 00 09 00 00 00 01 60 00 38 2F CA 2F 15 44 44 16 7C 30 30 B0 9D 5E 58 84 0C 6A 7E 6B 64 0D 32 19 40 00 29 29 00 3F 30 00 00 65 FC 11 F4 64
1785249168238,16:32:48.531,00 00 00 00 00 00 00 00 18 00 42 00 00 A2 EF 34 A7 2F 00 00 EF 01 00 09 00 00 00 01 20 00 38 26 4B 26 5A 44 44 14 7C 84 30 B0 9D 5E 58 73 0A D8 81 6C 64 0D 32 19 40 00 29 29 00 3F 30 00 00 65 FE 0E F3 64
1785249168738,16:32:49.036,00 00 00 00 00 00 00 00 18 00 42 00 00 A2 EF 34 A7 2F 00 00 EF 01 00 09 00 00 00 01 20 00 38 22 E5 22 E2 44 44 11 7B 00 30 B0 9D 5E 58 83 09 B9 7A 6B 64 0D 32 19 40 00 29 29 00 3F 30 00 00 65 01 0E F4 64
1785249169238,16:32:49.535,00 00 00 00 00 00 00 00 18 00 42 00 00 A2 EF 34 A7 2F 00 00 EF 81 00 09 00 00 00 01 28 00 38 1E B9 1E 9F 44 44 0F 7B A0 30 B0 9D 5E 58 6C 08 A2 7A 6A 64 0D 32 19 40 00 29 29 00 3F 30 00 00 65 05 0C F3 64
1785249169741,16:32:50.037,00 00 00 00 00 00 00 00 18 00 42 00 00 A2 EF 34 A7 2F 00 00 EF 81 00 09 00 00 00 01 38 00 39 1B 37 1B 26 44 44 0E 7C 98 30 B0 9D 5E 58 79 07 C1 7F 69 64 0D 32 19 40 00 29 29 00 3F 30 00 00 65 09 0C F3 64
1785249170241,16:32:50.520,00 00 00 00 00 00 00 00 18 00 42 00 00 A2 EF 34 A7 2F 00 00 EF 81 00 09 00 00 00 01 20 00 39 1A 43 19 FB 44 44 0D 7D 90 30 B0 9D 5E 58 70 07 1A 77 69 64 0D 33 19 40 00 29 29 00 3E 30 00 00 65 0C 0C F3 64
1785249170742,16:32:51.013,00 00 00 00 00 00 00 00 18 00 42 00 00 A2 EF 34 A7 2F 00 00 EF 90 00 00 00 00 00 01 20 00 38 1B 23 1B 20 44 44 0D 7F 7C 30 B0 9D 5E 58 7D 06 DE 82 69 65 0D 66 32 40 47 29 29 00 3E 30 00 00 65 14 0F F3 64
1785249171243,16:32:51.560,00 00 00 00 00 00 00 00 18 00 42 00 00 A2 EF 34 A7 2F 00 00 EF 90 00 00 00 00 00 01 20 00 38 1E 2B 1E 66 44 44 0E 81 04 30 B0 9D 5E 58 7A 07 42 85 6A 69 0D 74 3A 40 67 29 29 00 3E 30 00 00 65 18 12 F3 64
1785249171745,16:32:52.042,00 00 00 00 00 00 00 00 18 00 42 00 00 A2 EF 34 A7 2F 00 00 EF 90 00 00 00 00 00 01 20 00 38 23 61 23 E7 44 44 10 83 CC 30 AE 9D 5E 58 6A 08 34 88 6C 71 0D 79 3C 40 76 29 29 00 3F 30 00 00 65 18 13 F4 64
1785249172247,16:32:52.544,00 00 00 00 00 00 00 00 18 00 42 00 00 A2 EF 34 A7 2F 00 00 EF 90 00 00 00 00 00 01 20 00 38 28 C6 28 D5 44 44 12 84 B8 30 AE 9D 5E 58 8B 09 89 7F 6E 79 0D 7C 3E 40 7A 16 17 81 3F 30 00 00 65 17 13 F3 64
1785249172749,16:32:53.048,00 00 00 00 00 00 00 00 18 00 42 00 00 A2 EF 34 A7 2F 00 00 EF 90 00 00 00 00 00 01 60 00 38 2D 7D 2D 73 44 44 14 84 B0 30 AE 9D 5E 58 85 0A CB 85 71 81 0D 86 43 40 8E 16 17 9C 3F 30 00 00 65 17 13 F4 64
1785249173251,16:32:53.550,00 00 00 00 00 00 00 00 18 00 42 00 00 A2 EF 34 A7 2F 00 00 EF 90 00 00 00 00 00 01 60 00 38 32 35 32 43 44 44 17 84 EC 30 AE 9D 5E 58 8B 0B C5 97 74 85 0D 8A 45 40 9A 18 18 A3 3E 30 00 00 65 16 13 F4 64
1785249173752,16:32:54.027,00 00 00 00 00 00 00 00 18 00 42 00 00 A2 EF 34 A7 2F 00 00 EF 90 00 00 00 00 00 01 60 00 38 36 EA 37 06 44 44 1A 85 50 30 AE 9D 5E 58 97 0C A5 8F 78 8F 0D 8C 45 40 9D 18 17 A0 3E 30 00 00 65 16 15 F3 64
1785249174254,16:32:54.551,00 00 00 00 00 00 00 00 18 00 42 00 00 A2 EF 34 A7 2F 00 00 EF 90 00 00 00 00 00 01 60 00 38 3B 7C 3B C0 44 44 1C 85 7C 30 AE 9D 5E 58 8A 0D D9 98 7D 98 00 8F 47 40 A3 18 17 A0 3E 30 00 00 65 17 16 F3 64
1785249174755,16:32:55.053,00 00 00 00 00 00 00 00 18 00 42 00 00 A2 EF 34 A7 2F 00 00 EF 90 00 00 00 00 00 01 60 00 38 40 E3 40 CA 44 44 1F 85 38 30 AE 9E 5E 58 84 0F 36 A6 83 A0 00 92 48 40 A9 18 16 9E 3E 30 00 00 65 18 18 F4 64
1785249175256,16:32:55.551,00 00 00 00 00 00 00 00 18 00 42 00 00 A2 EF 34 A7 2F 00 00 EF 90 00 00 00 00 00 01 60 00 38 47 05 47 04 44 44 22 85 98 30 AE 9E 5E 58 9D 11 12 B4 8E A7 00 96 4A 40 B2 19 15 8A 3E 30 00 00 65 1A 1B F3 64
1785249175756,16:32:56.033,00 00 00 00 00 00 00 00 18 00 42 00 00 A2 EF 34 A7 2F 00 00 EF 90 00 00 00 00 00 01 60 00 38 4D D0 4D DA 44 44 25 86 44 30 AE 9E 5E 58 AC 15 D7 CE 9A AE 00 98 4B 40 B6 19 16 67 3E 30 00 00 65 1C 1C F3 64
1785249176258,16:32:56.531,00 00 00 00 00 00 00 00 18 00 42 00 00 A2 EF 34 A7 2F 00 00 EF 90 00 00 00 00 00 01 60 00 38 54 EB 54 D9 44 44 28 86 E8 30 AE 9E 5D 58 BD 1B 50 E7 AF B2 0B 9B 4D 40 BC 19 16 67 3E 30 00 00 65 1E 1D F4 64
1785249176759,16:32:57.057,00 00 00 00 00 00 00 00 18 00 42 00 00 A2 EF 34 A7 2F 00 00 EF 90 00 00 00 00 00 01 60 00 38 5C 20 5B F9 44 44 2C 86 E0 30 AE 9F 5D 58 BD 20 06 F2 BE B5 B0 9F 4F 40 C3 19 16 00 3E 30 00 00 65 1F 1E F4 64
1785249177261,16:32:57.547,00 00 00 00 00 00 00 00 18 00 42 00 00 A2 EF 34 A7 2F 00 00 EF 90 00 00 00 00 00 01 60 00 38 62 7A 62 89 44 44 2F 87 60 30 AE 9F 5D 58 BE 1F ED C7 AB B5 6F A1 50 40 CA 19 16 00 3E 30 00 00 65 1F 1F F3 64
1785249177762,16:32:58.049,00 00 00 00 00 00 00 00 18 00 42 00 00 A2 EF 34 A7 2F 00 00 EF 10 00 00 00 00 00 01 60 00 38 69 62 69 68 44 44 33 86 A4 30 AE 9F 5D 58 C1 23 4A DF B2 B5 77 A4 51 40 CF 19 16 00 3E 30 00 00 65 1F 20 F3 64
1785249178264,16:32:58.565,00 00 00 00 00 00 00 00 18 00 42 00 00 A2 EF 34 A7 2F 00 00 EF 10 00 00 00 00 00 01 60 00 38 70 76 70 54 44 44 36 86 C8 30 AE 9F 5D 58 C5 25 B5 E0 B6 B3 87 A7 53 40 D5 19 16 00 3E 30 00 00 65 20 23 F3 64
1785249178765,16:32:59.064,00 00 00 00 00 00 00 00 18 00 42 00 00 A2 EF 34 A7 2F 00 00 EF 10 00 00 00 00 00 01 60 00 39 77 55 77 8C 44 44 39 86 C8 30 AE A0 5D 58 C4 27 48 DE B6 B1 96 AB 55 40 DD 19 16 00 3E 30 00 00 65 1F 26 F4 64
1785249179265,16:32:59.560,00 00 00 00 00 00 00 00 18 00 42 00 00 A2 EF 34 A7 2F 00 00 EF 00 00 00 00 00 00 01 60 00 39 79 90 79 37 44 44 3C 86 98 30 AE A0 5D 58 C0 27 3C C9 AD 72 0D 32 19 40 0B 19 16 00 3E 30 00 00 65 FE 27 F3 64
1785249179767,16:33:00.044,00 00 00 00 00 00 00 00 18 00 42 00 00 A2 EF 34 A7 2F 00 00 EF 00 00 00 00 00 00 01 60 00 38 56 0A 55 E2 44 44 3C 7F AC 30 AE A0 5D 58 A7 20 CC AC 99 64 0D 60 30 40 22 19 16 00 3E 30 00 00 65 FC 1A F3 64
1785249180268,16:33:00.564,00 00 00 00 00 00 00 00 18 00 42 00 00 A2 EF 34 A7 2F 00 00 EF 90 00 00 00 00 00 01 60 00 38 50 7C 50 7A 44 44 3B 7E 98 30 AE A0 5D 58 A8 1A CF BA 91 A4 00 8D 46 40 8B 1C 22 00 3E 30 00 00 65 17 1B F4 64
1785249180769,16:33:01.070,00 00 00 00 00 00 00 00 18 00 42 00 00 A2 EF 34 A7 2F 00 00 EF 90 00 00 00 00 00 01 60 00 38 52 86 52 6C 44 44 3C 81 78 30 AE A0 5C 58 BB 1B D2 D9 A2 AE 1E 94 49 40 AC 1C 22 00 3E 30 00 00 65 1B 1C F3 64
1785249181271,16:33:01.560,00 00 00 00 00 00 00 00 18 00 42 00 00 A2 EF 34 A7 2F 00 00 EF 90 00 00 00 00 00 01 60 00 38 55 0A 54 ED 44 44 3E 83 60 30 AE A0 5C 58 B3 1E AF EB B7 B3 51 9A 4C 40 BA 1C 22 00 3E 30 00 00 65 1F 1E F3 64
1785249181773,16:33:02.073,00 00 00 00 00 00 00 00 18 00 42 00 00 A2 EF 34 A7 2F 00 00 EF 90 00 00 00 00 00 01 60 00 38 57 D8 57 ED 44 44 40 84 50 30 AE A0 5C 58 B6 1E 65 BF B0 B4 8A 9B 4D 40 BD 1C 22 00 3E 30 00 00 65 1F 1E F3 64
1785249182273,16:33:02.572,00 00 00 00 00 00 00 00 18 00 42 00 00 A2 EF 34 A7 2F 00 00 EF 90 00 00 00 00 00 01 60 00 38 5A 8F 5A 96 44 44 42 84 50 30 AE A0 5C 58 B7 1E FF DF AD B5 68 9F 4F 40 C3 1C 22 00 3E 30 00 00 65 1F 1E F3 64
1785249182774,16:33:03.081,00 00 00 00 00 00 00 00 18 00 42 00 00 A2 EF 34 A7 2F 00 00 EF 90 00 00 00 00 00 01 60 00 38 5D 01 5C CD 44 44 44 84 08 30 AE A0 5C 58 BF 20 ED DE B6 B6 77 A1 50 40 CA 1C 22 00 3E 30 00 00 65 1F 1F F3 64
1785249183274,16:33:03.579,00 00 00 00 00 00 00 00 18 00 42 00 00 A2 EF 34 A7 2F 00 00 EF 90 00 00 00 00 00 01 60 00 38 5F 6D 5F 90 44 44 46 83 A8 31 AE A0 5C 58 B9 22 1A E4 B6 B6 74 A1 50 40 CB 1C 22 00 3E 30 00 00 65 1F 1F F3 64
1785249183776,16:33:04.080,00 00 00 00 00 00 00 00 18 00 42 00 00 A2 EF 34 A7 2F 00 00 EF 90 00 00 00 00 00 01 60 00 38 61 FB 61 D1 44 44 48 83 68 30 AE A0 5C 58 BF 22 92 DA B6 B6 77 A1 50 40 CB 1C 22 00 3E 30 00 00 65 1F 1F F3 64
1785249184278,16:33:04.558,00 00 00 00 00 00 00 00 18 00 42 00 00 A2 EF 34 A7 2F 00 00 EF 10 00 00 00 00 00 01 60 00 38 64 80 64 89 44 44 4A 83 98 30 AE A0 5C 58 BC 23 20 D9 B6 B6 7B A2 51 40 CC 1C 22 00 3E 30 00 00 65 20 20 F3 64
1785249184778,16:33:05.080,00 00 00 00 00 00 00 00 18 00 42 00 00 A2 EF 34 A7 2F 00 00 EF 10 00 00 00 00 00 01 60 00 39 66 9D 66 80 44 44 4C 83 C4 31 AE A0 5C 58 BE 23 C3 D9 B6 B5 7E A6 52 40 D3 1C 22 00 3E 30 00 00 65 20 20 F3 64
1785249185280,16:33:05.576,00 00 00 00 00 00 00 00 18 00 42 00 00 A2 EF 34 A7 2F 00 00 EF 10 00 00 00 00 00 01 60 00 39 69 31 69 0D 44 44 4D 83 8C 30 AE A1 5C 58 C1 24 6A E0 B5 B5 7F A9 54 40 DA 1C 22 00 3E 30 00 00 65 20 21 F3 64
1785249185782,16:33:06.057,00 00 00 00 00 00 00 00 18 00 42 00 00 A2 EF 34 A7 2F 00 00 EF 10 00 00 00 00 00 01 60 00 38 6B B5 6B 7F 44 44 4F 83 60 30 AE A1 5C 58 C0 25 12 E5 B6 B4 83 AD 56 40 E1 1C 22 00 3E 30 00 00 65 20 21 F3 64
1785249186282,16:33:06.583,00 00 00 00 00 00 00 00 18 00 42 00 00 A2 EF 34 A7 2F 00 00 EF 10 00 00 00 00 00 01 60 00 38 6E 23 6D FB 44 44 51 83 50 30 AE A1 5C 58 C2 25 AA D5 B5 B4 85 AE 57 40 E5 1C 22 00 3E 30 00 00 65 20 22 F3 64
1785249186783,16:33:07.059,00 00 00 00 00 00 00 00 18 00 42 00 00 A2 EF 34 A7 2F 00 00 EF 10 00 00 00 00 00 01 60 00 38 71 8D 71 52 44 44 53 83 90 30 AE A1 5C 58 C2 26 57 D7 B4 B3 88 67 33 40 96 1C 22 00 3D 2F 00 00 65 20 23 F3 64
1785249187285,16:33:07.585,00 00 00 00 00 00 00 00 18 00 42 00 00 A2 EF 34 A7 2F 00 00 EF 09 00 01 00 00 00 01 60 00 38 5F E5 5F 81 44 44 53 82 BC 30 AE A1 5C 58 B2 23 40 B8 A6 64 0D 32 19 40 01 1C 22 00 3E 2F 00 00 65 FB 1C F3 64
1785249187786,16:33:08.089,00 00 00 00 00 00 00 00 18 00 42 00 00 A2 EF 34 A7 2F 00 00 EF 80 00 00 00 00 00 01 60 00 38 51 44 51 27 44 44 52 7E 24 30 AE A1 5C 58 B1 1B B7 A8 94 99 00 7A 3D 40 6A 2C 39 00 3E 30 00 00 65 14 1B F3 64
1785249188286,16:33:08.564,00 00 00 00 00 00 00 00 18 00 42 00 00 A2 EF 34 A7 2F 00 00 EF 80 00 00 00 00 00 01 60 00 38 50 B5 50 81 44 44 52 7F 24 30 AE A1 5C 58 B0 1B 10 D2 9E B0 1A 83 41 40 85 1C 24 00 3E 2F 00 00 65 1D 1C F3 64
1785249188787,16:33:09.065,00 00 00 00 00 00 00 00 18 00 42 00 00 A2 EF 34 A7 2F 00 00 EF 90 00 00 00 00 00 01 60 00 38 51 9B 51 B6 44 44 53 81 58 30 AE A1 5C 58 BB 1D 46 EE B3 B2 4C 81 40 40 8B 1C 24 00 3D 2F 00 00 65 1E 1D F3 64
1785249189288,16:33:09.583,00 00 00 00 00 00 00 00 18 00 42 00 00 A2 EF 34 A7 2F 00 00 EF 80 00 00 00 00 00 01 60 00 38 52 10 52 14 44 44 54 82 20 30 AE A1 5C 58 A8 1B 42 BE AE 9F 5B 6F 38 40 66 1B 29 AF 3E 2F 00 00 65 12 1B F3 64
1785249189790,16:33:10.093,00 00 00 00 00 00 00 00 18 00 42 00 00 A2 EF 34 A7 2F 00 00 EF 80 00 00 00 00 00 01 60 00 38 51 D5 51 AF 44 44 54 80 40 30 AE A1 5C 58 86 15 0C A9 99 8F 0D 64 32 40 4D 30 30 A5 3E 2F 00 00 65 0C 19 F3 64
1785249190291,16:33:10.593,00 00 00 00 00 00 00 00 18 00 42 00 00 A2 EF 34 A7 2F 00 00 EF 80 00 00 00 00 00 01 60 00 38 51 44 51 22 44 44 54 7E FC 30 AE A1 5C 58 92 12 92 9B 8B 92 0D 69 34 40 53 2D 29 A3 3E 2F 00 00 65 0D 19 F3 64
1785249190792,16:33:11.097,00 00 00 00 00 00 00 00 18 00 42 00 00 A2 EF 34 A7 2F 00 00 EF 80 00 00 00 00 00 01 60 00 38 51 27 50 F8 44 44 53 7F 60 30 AE A1 5C 58 A0 11 AA 99 86 94 0D 68 34 40 55 28 24 A5 3E 2F 00 00 65 0E 19 F3 64
1785249191293,16:33:11.570,00 00 00 00 00 00 00 00 18 00 42 00 00 A2 EF 34 A7 2F 00 00 EF 80 00 00 00 00 00 01 60 00 38 50 7C 50 4E 44 44 53 7F 60 30 AE A1 5C 58 8A 11 4F 9A 84 92 0D 67 33 40 52 2B 25 9F 3E 2F 00 00 65 0D 19 F3 64
1785249191794,16:33:12.096,00 00 00 00 00 00 00 00 18 00 42 00 00 A2 EF 34 A7 2F 00 00 EF 80 00 00 00 00 00 01 60 00 38 50 0B 50 08 44 44 52 7F 44 30 AE A1 5C 58 8D 11 58 A5 84 93 0D 67 34 40 53 29 24 9E 3E 2F 00 00 65 0D 19 F3 64
1785249192296,16:33:12.596,00 00 00 00 00 00 00 00 18 00 42 00 00 A2 EF 34 A7 2F 00 00 EF 80 00 00 00 00 00 01 60 00 38 4F 9C 4F 84 44 44 52 7F 44 30 AE A1 5C 58 A4 11 51 9E 84 95 0D 69 34 40 56 24 23 A1 3E 2F 00 00 65 0E 19 F3 64
1785249192797,16:33:13.089,00 00 00 00 00 00 00 00 18 00 42 00 00 A2 EF 34 A7 2F 00 00 EF 80 00 00 00 00 00 01 60 00 39 4F 80 4F 6A 44 44 52 7F 64 30 AE A1 5C 58 88 11 1A A0 85 9F 00 73 39 40 67 1B 1B A6 3D 2F 00 00 65 13 1A F3 64
1785249193298,16:33:13.592,00 00 00 00 00 00 00 00 18 00 42 00 00 A2 EF 34 A7 2F 00 00 EF 90 00 00 00 00 00 01 60 00 39 4F EF 4F FF 44 44 52 7F E0 30 AE A1 5C 58 A2 11 BC AC 8A AA 00 7E 3F 40 7D 1C 15 94 3E 2F 00 00 65 1A 1B F3 64
1785249193799,16:33:14.101,00 00 00 00 00 00 00 00 18 00 42 00 00 A2 EF 34 A7 2F 00 00 EF 80 00 00 00 00 00 01 60 00 38 50 D1 50 C1 44 44 52 81 18 30 AE A1 5C 58 B8 16 5B D6 9B AE 00 7D 3E 40 81 1C 15 67 3E 2F 00 00 65 1B 1C F3 64
1785249194300,16:33:14.597,00 00 00 00 00 00 00 00 18 00 42 00 00 A2 EF 34 A7 2F 00 00 EF 80 00 00 00 00 00 01 60 00 38 51 7E 51 5F 44 44 53 81 B8 30 AE A1 5C 58 AE 19 9A D8 AD A7 68 73 3A 40 73 1C 15 9A 3E 30 00 00 65 17 1B F3 64
1785249194802,16:33:15.108,00 00 00 00 00 00 00 00 18 00 42 00 00 A2 EF 34 A7 2F 00 00 EF 80 00 00 00 00 00 01 60 00 38 51 D5 52 0E 44 44 54 81 80 30 AE A1 5C 58 AB 16 0D B7 A3 A3 28 74 3A 40 6D 1C 1E A8 3E 2F 00 00 65 14 1B F3 64
1785249195306,16:33:15.607,00 00 00 00 00 00 00 00 18 00 42 00 00 A2 EF 34 A7 2F 00 00 EF 80 00 00 00 00 00 01 60 00 38 52 10 52 0A 44 44 54 80 40 30 B0 A1 5C 58 AD 13 E6 BE 9A A9 3D 7E 3F 40 7C 1C 19 9A 3E 2F 00 00 65 19 1B F3 64
1785249195806,16:33:16.083,00 00 00 00 00 00 00 00 18 00 42 00 00 A2 EF 34 A7 2F 00 00 EF 80 00 00 00 00 00 01 60 00 38 52 C2 52 A0 44 44 55 80 E4 30 B0 A1 5C 58 BA 17 6C D8 A2 AD 31 77 3C 40 7C 1C 19 7A 3E 30 00 00 65 1A 1C F3 64
1785249196308,16:33:16.602,00 00 00 00 00 00 00 00 18 00 42 00 00 A2 EF 34 A7 2F 00 00 EF 80 00 00 00 00 00 01 60 00 38 53 1C 52 F6 44 44 55 81 8C 2F B0 A1 5C 58 89 16 0D C2 A4 9A 2D 6C 36 40 5E 1F 26 AD 3E 30 00 00 65 10 1A F3 64
1785249196810,16:33:17.107,00 00 00 00 00 00 00 00 18 00 42 00 00 A2 EF 34 A7 2F 00 00 EF 80 00 00 00 00 00 01 60 00 38 52 A4 52 90 44 44 55 80 24 2F B0 A1 5C 58 8F 13 61 A1 94 8F 0D 63 32 40 4D 37 2E 99 3E 2F 00 00 65 0B 19 F3 64
1785249197311,16:33:17.616,00 00 00 00 00 00 00 00 18 00 42 00 00 A2 EF 34 A7 2F 00 00 EF 80 00 00 00 00 00 01 60 00 38 51 F3 51 BF 44 44 55 7F 18 2F B0 A1 5C 58 A6 14 13 A0 89 83 0D 5C 2E 40 3D 52 42 73 3E 2F 00 00 65 08 19 F3 64
1785249197841,16:33:18.247,00 00 00 00 00 00 00 00 18 00 42 00 00 A2 EF 34 A7 2F 00 00 EF 80 00 00 00 00 00 01 60 00 38 51 27 51 1E 44 44 54 7E 98 2F B0 A1 5C 58 A0 15 81 9D 85 7C 0D 5A 2D 40 37 56 46 67 3E 2F 00 00 65 06 19 F3 64
1785249198436,16:33:18.809,00 00 00 00 00 00 00 00 18 00 42 00 00 A2 EF 34 A7 2F 00 00 EF 80 00 00 00 00 00 01 60 00 38 50 0B 4F FD 44 44 52 7E 40 2F B0 A1 5C 58 9F 15 DB 99 82 7A 0D 58 2C 40 35 56 46 67 3E 2F 00 00 65 05 19 F3 64
1785249198937,16:33:19.246,00 00 00 00 00 00 00 00 18 00 42 00 00 A2 EF 34 A7 2F 00 00 EF 80 00 00 00 00 00 01 60 00 38 4F 2E 4E ED 44 44 51 7E 0C 2F B0 A1 5C 58 9B 15 8E 95 81 76 0D 57 2C 40 32 56 46 67 3E 2F 00 00 66 05 18 F3 64
1785249199438,16:33:19.711,00 00 00 00 00 00 00 00 18 00 42 00 00 A2 EF 34 A7 2F 00 00 EF 80 00 00 00 00 00 01 60 00 38 4E 55 4E 28 44 44 51 7E 18 2F B0 A1 5C 58 AA 15 24 94 7F 77 0D 58 2C 40 32 56 46 67 3E 2F 00 00 66 05 18 F3 64
1785249199939,16:33:20.244,00 00 00 00 00 00 00 00 18 00 42 00 00 A2 EF 34 A7 2F 00 00 EF 80 00 00 00 00 00 01 60 00 38 4D 81 4D 89 44 44 50 7E 40 2F B0 A1 5C 58 A7 14 EA 95 7E 76 0D 58 2C 40 32 56 46 67 3E 30 00 00 66 05 18 F3 64
1785249200440,16:33:20.715,00 00 00 00 00 00 00 00 18 00 42 00 00 A2 EF 34 A7 2F 00 00 EF 80 00 00 00 00 00 01 60 00 39 4C CB 4C 8F 44 44 4F 7E 68 2F B0 A1 5C 58 A8 14 AB 98 7E 77 0D 58 2C 40 33 56 46 67 3E 2F 00 00 66 05 18 F3 64
1785249200940,16:33:21.218,00 00 00 00 00 00 00 00 18 00 42 00 00 A2 EF 34 A7 2F 00 00 EF 80 00 00 00 00 00 01 60 00 39 4C E5 4C D9 44 44 4E 7E 70 2F B0 A1 5C 58 A4 14 90 96 7E 7C 0D 5A 2D 40 37 56 46 67 3E 2F 00 00 66 07 18 F3 64
1785249201441,16:33:21.732,00 00 00 00 00 00 00 00 18 00 42 00 00 A2 EF 34 A7 2F 00 00 EF 80 00 00 00 00 00 01 60 00 38 4B 9A 4B A7 44 44 4E 7E CC 2F B0 A1 5C 58 9C 14 8A 96 7F 7E 0D 5B 2D 40 38 56 46 67 3E 2F 00 00 66 07 17 F3 64
1785249201943,16:33:22.238,00 00 00 00 00 00 00 00 18 00 42 00 00 A2 EF 34 A7 2F 00 00 EF 80 00 00 00 00 00 01 60 00 38 4B 1E 4B 09 44 44 4D 7F 08 2F B0 A1 5C 58 A1 14 6E 9D 81 87 0D 5F 2F 40 40 3D 42 8E 3E 2F 00 00 66 0A 17 F3 64
1785249202445,16:33:22.760,00 00 00 00 00 00 00 00 18 00 42 00 00 A2 EF 34 A7 2F 00 00 EF 80 00 00 00 00 00 01 60 00 38 4B 50 4B 2F 44 44 4D 7F 28 2F B0 A1 5C 58 95 12 82 9F 82 97 00 6B 35 40 58 1B 25 BF 3E 2F 00 00 66 10 18 F3 64
1785249202946,16:33:23.284,00 00 00 00 00 00 00 00 18 00 42 00 00 A2 EF 34 A7 2F 00 00 EF 80 00 00 00 00 00 01 60 00 38 4B 69 4B 59 44 44 4D 80 1C 2F B0 A1 5C 58 81 10 21 99 83 9A 00 6E 37 40 5D 19 1C B9 3E 2F 00 00 66 12 18 F3 64
1785249203448,16:33:23.727,00 00 00 00 00 00 00 00 18 00 42 00 00 A2 EF 34 A7 2F 00 00 EF 80 00 00 00 00 00 01 60 00 38 4B CC 4C 23 44 44 4E 80 C0 2F B0 A1 5C 58 A4 0F 3B 9B 83 A2 00 75 3A 40 6C 19 16 AC 3E 30 00 00 66 16 19 F3 64
1785249203948,16:33:24.228,00 00 00 00 00 00 00 00 18 00 42 00 00 A2 EF 34 A7 2F 00 00 EF 80 00 00 00 00 00 01 60 00 38 4C E5 4C D3 44 44 4E 81 30 2F B0 A1 5C 58 A5 0F EF A8 88 A5 00 77 3B 40 73 1B 13 A3 3E 30 00 00 66 18 1A F3 64
1785249204451,16:33:24.752,00 00 00 00 00 00 00 00 18 00 42 00 00 A2 EF 34 A7 2F 00 00 EF 80 00 00 00 00 00 01 60 00 38 4D 81 4D 86 44 44 4F 81 E4 2F B0 A1 5C 58 86 10 C9 B0 8D 9B 00 6D 36 40 5F 19 1B B1 3E 2F 00 00 66 11 19 F3 64
1785249204953,16:33:25.235,00 00 00 00 00 00 00 00 18 00 42 00 00 A2 EF 34 A7 2F 00 00 EF 80 00 00 00 00 00 01 60 00 38 4D D0 4E 0A 44 44 50 81 04 2F B0 A1 5C 58 A3 10 4A A0 8A 9C 00 6E 37 40 60 19 1B B4 3E 30 00 00 66 12 19 F3 64
1785249205473,16:33:25.754,00 00 00 00 00 00 00 00 18 00 42 00 00 A2 EF 34 A7 2F 00 00 EF 80 00 00 00 00 00 01 60 00 38 4E 70 4E 66 44 44 50 80 CC 2F B0 A1 5C 58 96 0F D8 A8 88 A2 00 76 3B 40 6C 1B 16 A9 3E 2F 00 00 66 15 1A F3 64
1785249205975,16:33:26.274,00 00 00 00 00 00 00 00 18 00 42 00 00 A2 EF 34 A7 2F 00 00 EF 80 00 00 00 00 00 01 60 00 38 4F 80 4F 1D 44 44 51 81 28 2F B0 A1 5C 58 9D 10 C8 AE 8B A8 00 78 3C 40 77 1C 14 9C 3E 30 00 00 66 18 1B F3 64
1785249206476,16:33:26.778,00 00 00 00 00 00 00 00 18 00 42 00 00 A2 EF 34 A7 2F 00 00 EF 80 00 00 00 00 00 01 60 00 38 4F 49 4F 22 44 44 52 82 20 2F B0 A1 5C 58 A9 12 1C A8 92 86 0D 51 28 40 34 3E 34 94 3E 30 00 00 66 08 18 F3 64
1785249206977,16:33:27.298,00 00 00 00 00 00 00 00 18 00 42 00 00 A2 EF 34 A7 2F 00 00 EF 09 00 01 00 00 00 00 40 00 38 4F 49 4E DF 44 44 51 7F 88 2F B0 A1 5C 58 A1 13 DD 98 85 64 0D 32 19 40 00 3E 34 00 3E 30 00 00 66 FB 18 F3 64
1785249207479,16:33:27.752,00 00 00 00 00 00 00 00 18 00 42 00 00 A2 EF 34 A7 2F 00 00 EF 09 00 01 00 00 00 00 40 00 38 4D D0 4E 05 44 44 50 7D A8 2F B0 A1 5C 58 95 13 F3 8D 7D 64 0D 32 19 40 00 3E 34 00 3E 30 00 00 66 FB 18 F3 64
1785249207980,16:33:28.275,00 00 00 00 00 00 00 00 18 00 42 00 00 A2 EF 34 A7 2F 00 00 EF 09 00 01 00 00 00 00 40 00 38 4C B1 4C 81 44 44 4F 7D B8 2F B0 A1 5C 58 9A 13 A6 8B 78 64 0D 32 19 40 00 3E 34 00 3E 30 00 00 66 FB 17 F3 64
1785249208481,16:33:28.759,00 00 00 00 00 00 00 00 18 00 42 00 00 A2 EF 34 A7 2F 00 00 EF 09 00 01 00 00 00 00 40 00 38 4B B3 4B AD 44 44 4E 7E 1C 2F B0 A1 5C 58 97 13 5B 8B 76 64 0D 32 19 40 00 3E 34 00 3E 30 00 00 66 FB 17 F3 64
1785249208983,16:33:29.281,00 00 00 00 00 00 00 00 18 00 42 00 00 A2 EF 34 A7 2F 00 00 EF 09 00 01 00 00 00 00 40 00 38 4A D5 4A BE 44 44 4D 7E 44 2F B0 A1 5C 58 A5 13 22 8A 76 64 0D 32 19 40 00 3E 34 00 3E 30 00 00 66 FB 17 F3 64
1785249209484,16:33:29.784,00 00 00 00 00 00 00 00 18 00 42 00 00 A2 EF 34 A7 2F 00 00 EF 09 00 01 00 00 00 00 40 00 38 49 FB 49 F0 44 44 4C 7E 18 2F B0 A1 5C 58 92 12 CF 87 75 64 0D 32 19 40 00 3E 34 00 3E 30 00 00 66 FB 17 F3 64
1785249209985,16:33:30.272,00 00 00 00 00 00 00 00 18 00 42 00 00 A2 EF 34 A7 2F 00 00 EF 09 00 01 00 00 00 00 40 00 38 49 0F 48 E6 44 44 4B 7E 74 2F B0 A1 5C 58 9B 12 9E 8F 75 64 0D 32 19 40 00 3E 34 00 3E 30 00 00 66 FB 17 F3 64
1785249210486,16:33:30.769,00 00 00 00 00 00 00 00 18 00 42 00 00 A2 EF 34 A7 2F 00 00 EF 09 00 01 00 00 00 00 40 00 38 48 3F 48 20 44 44 4A 7E 7C 2F B0 A1 5C 58 9E 12 5C 8B 75 64 0D 32 19 40 00 3E 34 00 3E 30 00 00 66 FB 17 F3 64
1785249210986,16:33:31.318,00 00 00 00 00 00 00 00 18 00 42 00 00 A2 EF 34 A7 2F 00 00 EF 09 00 01 00 00 00 00 40 00 38 47 74 47 69 44 44 49 7E 54 2F B0 A1 5C 58 A3 12 25 8C 73 64 0D 34 1A 40 00 3E 34 00 3E 30 00 00 66 FB 16 F3 64
1785249211489,16:33:31.773,00 00 00 00 00 00 00 00 18 00 42 00 00 A2 EF 34 A7 2F 00 00 EF 09 00 01 00 00 00 00 40 00 38 46 C3 46 B4 44 44 49 7E 8C 2F B0 A1 5C 58 98 11 F9 8A 74 64 0D 36 1B 40 00 3E 34 00 3E 30 00 00 66 FB 16 F3 64
1785249211992,16:33:32.281,00 00 00 00 00 00 00 00 18 00 42 00 00 A2 EF 34 A7 2F 00 00 EF 09 00 01 00 00 00 00 40 00 38 45 EB 45 D6 44 44 48 7E 7C 2F B0 A1 5C 58 8C 11 C3 8A 74 64 0D 37 1C 40 00 3E 34 00 3E 30 00 00 66 FB 16 F3 64
1785249212493,16:33:32.794,00 00 00 00 00 00 00 00 18 00 42 00 00 A2 EF 34 A7 2F 00 00 EF 09 00 01 00 00 00 00 40 00 38 45 2D 45 13 44 44 47 7E 9C 2F B0 A1 5C 58 A0 11 A3 85 73 64 0D 38 1C 40 00 3E 34 00 3E 30 00 00 66 FB 16 F3 64
1785249212997,16:33:33.316,00 00 00 00 00 00 00 00 18 00 42 00 00 A2 EF 34 A7 2F 00 00 EF 09 00 01 00 00 00 00 40 00 38 44 73 44 67 44 44 46 7E 90 30 B0 A1 5C 58 A2 11 78 86 73 64 0D 38 1C 40 00 3E 34 00 3E 30 00 00 66 FB 16 F3 64
1785249213498,16:33:33.792,00 00 00 00 00 00 00 00 18 00 42 00 00 A2 EF 34 A7 2F 00 00 EF 09 00 01 00 00 00 00 40 00 38 43 E5 43 E2 44 44 46 7E A8 30 B0 A1 5C 58 93 11 43 84 72 64 0D 38 1C 40 00 3E 34 00 3E 30 00 00 66 FB 16 F3 64
1785249213999,16:33:34.306,00 00 00 00 00 00 00 00 18 00 42 00 00 A2 EF 34 A7 2F 00 00 EF 09 00 01 00 00 00 00 40 00 38 43 45 43 46 44 44 45 7E C8 30 B0 A1 5C 58 91 11 2B 89 72 64 0D 39 1C 40 00 3E 34 00 3E 30 00 00 66 FB 16 F3 64
1785249214500,16:33:34.779,00 00 00 00 00 00 00 00 18 00 42 00 00 A2 EF 34 A7 2F 00 00 EF 09 00 01 00 00 00 00 40 00 38 42 6E 42 8C 44 44 44 7E E4 30 B0 A1 5C 58 9B 11 01 89 71 64 0D 38 1C 40 00 3E 34 00 3E 30 00 00 66 FB 16 F3 64
1785249215001,16:33:35.311,00 00 00 00 00 00 00 00 18 00 42 00 00 A2 EF 34 A7 2F 00 00 EF 09 00 01 00 00 00 00 40 00 38 41 C3 41 C6 44 44 44 7E C0 30 B0 A1 5C 58 97 10 CD 84 71 64 0D 38 1C 40 00 3E 34 00 3E 30 00 00 66 FB 16 F3 64
1785249215506,16:33:35.808,00 00 00 00 00 00 00 00 18 00 42 00 00 A2 EF 34 A7 2F 00 00 EF 09 00 01 00 00 00 00 40 00 38 41 1A 41 07 44 44 43 7E 58 30 B0 A1 5C 58 8C 10 A5 8A 71 64 0D 39 1C 40 00 3E 34 00 3E 30 00 00 66 FB 15 F3 64
1785249216007,16:33:36.309,00 00 00 00 00 00 00 00 18 00 42 00 00 A2 EF 34 A7 2F 00 00 EF 09 00 01 00 00 00 00 40 00 38 40 51 40 15 44 44 42 7E 8C 30 B0 A1 5C 58 96 10 6B 88 71 64 0D 3A 1D 40 00 3E 34 00 3E 30 00 00 66 FB 15 F3 64
1785249216507,16:33:36.806,00 00 00 00 00 00 00 00 18 00 42 00 00 A2 EF 34 A7 2F 00 00 EF 00 00 00 00 00 00 00 40 00 38 3F B0 3F 7E 44 44 42 7E A8 30 B0 A1 5C 58 92 10 54 84 70 64 0D 42 21 40 04 3E 34 00 3E 30 00 00 66 FB 15 F3 64
1785249217008,16:33:37.306,00 00 00 00 00 00 00 00 18 00 42 00 00 A2 EF 34 A7 2F 00 00 EF 00 00 00 00 00 00 00 40 00 38 3E EF 3E E8 44 44 41 7E 88 30 B0 A1 5C 58 9B 10 18 81 70 66 0D 4A 25 40 13 3E 34 00 3E 30 00 00 66 FF 15 F3 64
1785249217510,16:33:37.810,00 00 00 00 00 00 00 00 18 00 42 00 00 A2 EF 34 A7 2F 00 00 EF 80 00 00 00 00 00 00 40 00 38 3E 66 3E 7C 44 44 40 7E 94 30 B0 A1 5C 58 89 0F FE 85 70 6B 0D 4F 27 40 1F 3E 34 A8 3E 30 00 00 66 03 15 F3 64
1785249218011,16:33:38.307,00 00 00 00 00 00 00 00 18 00 42 00 00 A2 EF 34 A7 2F 00 00 EF 80 00 00 00 00 00 00 40 00 38 3E 11 3D F5 44 44 40 7E E4 30 B0 A1 5C 58 86 0D A8 88 70 6E 0D 51 28 40 25 3E 34 BB 3E 30 00 00 66 04 15 F3 64
1785249218513,16:33:38.812,00 00 00 00 00 00 00 00 18 00 42 00 00 A2 EF 34 A7 2F 00 00 EF 80 00 00 00 00 00 00 40 00 38 3D DF 3D D2 44 44 3F 7F 80 30 B0 A1 5C 58 8F 0C 14 7E 6E 6C 0D 4E 27 40 20 3E 34 B3 3E 30 00 00 66 03 15 F3 64
1785249219014,16:33:39.315,00 00 00 00 00 00 00 00 18 00 42 00 00 A2 EF 34 A7 2F 00 00 EF 80 00 00 00 00 00 00 40 00 38 3D 6B 3D 38 44 44 3F 7F 90 30 B0 A1 5C 58 87 0B DC 7F 6D 6A 0D 4E 27 40 1D 3E 34 AA 3E 30 00 00 66 03 15 F3 64
1785249219514,16:33:39.814,00 00 00 00 00 00 00 00 18 00 42 00 00 A2 EF 34 A7 2F 00 00 EF 80 00 00 00 00 00 00 40 00 38 3C F8 3D 01 44 44 3F 7F 80 30 B0 A1 5C 58 7F 0B DD 7D 6C 6B 0D 4E 27 40 1F 3E 34 AE 3E 30 00 00 66 03 15 F3 64
1785249220016,16:33:40.308,00 00 00 00 00 00 00 00 18 00 42 00 00 A2 EF 34 A7 2F 00 00 EF 80 00 00 00 00 00 00 40 00 38 3C 87 3C 70 44 44 3E 7F 28 30 B0 A0 5C 58 90 0B 98 7F 6C 6B 0D 4F 27 40 1F 3E 34 B1 3E 30 00 00 66 03 14 F3 64
1785249220518,16:33:40.817,00 00 00 00 00 00 00 00 18 00 42 00 00 A2 EF 34 A7 2F 00 00 EF 80 00 00 00 00 00 00 40 00 38 3D 29 3D 36 44 44 3E 7E E4 30 B0 A0 5C 58 7A 0B 14 7F 6C 72 0D 54 2A 40 2B 3E 34 C0 3E 30 00 00 66 06 15 F3 64
1785249221020,16:33:41.319,00 00 00 00 00 00 00 00 18 00 42 00 00 A2 EF 34 A7 2F 00 00 EF 80 00 00 00 00 00 00 40 00 38 3C 38 3C 1B 44 44 3E 7F 84 30 B0 A0 5C 58 7B 0A 90 7E 6C 72 0D 53 29 40 2A 3E 34 C0 3E 30 00 00 66 06 14 F3 64
1785249221521,16:33:41.827,00 00 00 00 00 00 00 00 18 00 42 00 00 A2 EF 34 A7 2F 00 00 EF 80 00 00 00 00 00 00 40 00 38 3B 8B 3B 98 44 44 3E 7F CC 30 AE A0 5C 58 72 0A 5B 7B 6C 6E 0D 51 28 40 25 3E 34 C0 3E 30 00 00 66 05 14 F3 64
1785249222023,16:33:42.299,00 00 00 00 00 00 00 00 18 00 42 00 00 A2 EF 34 A7 2F 00 00 EF 80 00 00 00 00 00 00 40 00 38 3B D9 3B DE 44 44 3D 7F DC 30 AE A0 5C 58 8A 0A 64 7B 6B 6A 0D 4D 26 40 1D 3E 34 AF 3E 30 00 00 66 03 14 F3 64
1785249222524,16:33:42.822,00 00 00 00 00 00 00 00 18 00 42 00 00 A2 EF 34 A7 2F 00 00 EF 80 00 00 00 00 00 00 40 00 38 3B 7C 3B 80 44 44 3D 7F 50 30 AE A0 5C 58 79 0A C9 83 6B 6A 0D 4D 26 40 1D 3E 34 AD 3E 30 00 00 66 03 14 F3 64
1785249223025,16:33:43.321,00 00 00 00 00 00 00 00 18 00 42 00 00 A2 EF 34 A7 2F 00 00 EF 80 00 00 00 00 00 00 40 00 38 3B 10 3B 21 44 44 3D 7F 68 30 AE A0 5C 58 88 0B 01 80 6B 6A 0D 4D 26 40 1C 3E 34 AC 3E 30 00 00 66 03 14 F3 64
1785249223531,16:33:43.828,00 00 00 00 00 00 00 00 18 00 42 00 00 A2 EF 34 A7 2F 00 00 EF 80 00 00 00 00 00 00 40 00 39 3A B6 3A C6 44 44 3C 7F 24 30 AE A0 5C 58 88 0B 1F 82 6B 6A 0D 4C 26 40 1C 3E 34 AC 3E 30 00 00 66 03 14 F3 64
1785249224031,16:33:44.327,00 00 00 00 00 00 00 00 18 00 42 00 00 A2 EF 34 A7 2F 00 00 EF 80 00 00 00 00 00 00 40 00 39 3A 3E 3A 28 44 44 3C 7F 38 30 AE A0 5C 58 82 0B 2D 7C 6B 6A 0D 4C 26 40 1B 3E 34 AC 3E 30 00 00 66 03 14 F3 64
1785249224534,16:33:44.813,00 00 00 00 00 00 00 00 18 00 42 00 00 A2 EF 34 A7 2F 00 00 EF 80 00 00 00 00 00 00 40 00 38 39 F4 39 F2 44 44 3C 7F 1C 30 AE A0 5C 58 76 0B 1A 7A 6B 6A 0D 4C 26 40 1B 3E 34 AD 3E 30 00 00 66 03 14 F3 64
1785249225035,16:33:45.350,00 00 00 00 00 00 00 00 18 00 42 00 00 A2 EF 34 A7 2F 00 00 EF 80 00 00 00 00 00 00 40 00 38 39 9D 39 B1 44 44 3B 7F 3C 30 AE A0 5C 58 77 0A EC 84 6B 6A 0D 4D 27 40 1D 3E 34 B0 3E 30 00 00 66 03 13 F3 64
1785249225537,16:33:45.835,00 00 00 00 00 00 00 00 18 00 42 00 00 A2 EF 34 A7 2F 00 00 EF 80 00 00 00 00 00 00 40 00 38 3A D4 3A E9 44 44 3B 7F 40 30 AE A0 5C 58 7A 0A 77 86 6C 75 0D 58 2C 40 2F 41 3A BF 3E 30 00 00 66 08 14 F3 64
1785249226038,16:33:46.335,00 00 00 00 00 00 00 00 18 00 42 00 00 A2 EF 34 A7 2F 00 00 EF 80 00 00 00 00 00 00 40 00 38 39 C8 39 A5 44 44 3B 7F D0 30 AE A0 5C 58 8D 0A 6B 7B 6C 7E 0D 5A 2D 40 37 2B 27 AA 3E 30 00 00 66 0B 13 F3 64
1785249226538,16:33:46.833,00 00 00 00 00 00 00 00 18 00 42 00 00 A2 EF 34 A7 2F 00 00 EF 80 00 00 00 00 00 00 40 00 39 3A 03 39 F1 44 44 3B 80 70 30 AE A0 5C 58 88 0A ED 7E 6D 82 0D 5C 2E 40 3C 24 23 A4 3E 30 00 00 66 0C 13 F3 64
1785249227039,16:33:47.325,00 00 00 00 00 00 00 00 18 00 42 00 00 A2 EF 34 A7 2F 00 00 EF 80 00 00 00 00 00 00 40 00 39 3A 98 3A A7 44 44 3C 80 A0 31 AE A0 5C 58 8B 0B 7C 87 6F 86 0D 5D 2F 40 3F 1F 20 A9 3E 30 00 00 66 0E 14 F3 64
1785249227541,16:33:47.838,00 00 00 00 00 00 00 00 18 00 42 00 00 A2 EF 34 A7 2F 00 00 EF 80 00 00 00 00 00 00 40 00 38 3A C5 3B 00 44 44 3C 81 48 31 AE A0 5C 58 78 0B E1 84 70 79 0D 55 2A 40 31 2F 30 B2 3E 30 00 00 66 08 14 F3 64
1785249228043,16:33:48.339,00 00 00 00 00 00 00 00 18 00 42 00 00 A2 EF 34 A7 2F 00 00 EF 80 00 00 00 00 00 00 40 00 38 39 F4 39 FE 44 44 3C 80 A8 31 AE A0 5C 58 7E 0B 3B 83 6F 6C 0D 4E 27 40 20 37 39 BB 3E 30 00 00 66 04 14 F3 64
1785249228544,16:33:48.840,00 00 00 00 00 00 00 00 18 00 42 00 00 A2 EF 34 A7 2F 00 00 EF 80 00 00 00 00 00 00 40 00 38 3A 3E 3A 0C 44 44 3C 7F BC 31 AE A0 5C 58 87 0B 0A 81 6D 6A 0D 4C 26 40 1B 37 39 AB 3E 30 00 00 66 03 14 F3 64
1785249229045,16:33:49.341,00 00 00 00 00 00 00 00 18 00 42 00 00 A2 EF 34 A7 2F 00 00 EF 80 00 00 00 00 00 00 40 00 38 3A 3E 3A 57 44 44 3C 7F 58 31 AE A0 5C 58 81 0B 15 7B 6C 6A 0D 4D 26 40 1C 37 39 AD 3E 30 00 00 66 03 14 F3 64
1785249229546,16:33:49.857,00 00 00 00 00 00 00 00 18 00 42 00 00 A2 EF 34 A7 2F 00 00 EF 80 00 00 00 00 00 00 40 00 38 39 F4 39 D8 44 44 3B 7F 2C 31 AE A0 5C 58 74 0B 07 81 6B 6B 0D 4F 27 40 1F 37 39 B5 3E 30 00 00 66 04 14 F3 64
1785249230047,16:33:50.326,00 00 00 00 00 00 00 00 18 00 42 00 00 A2 EF 34 A7 2F 00 00 EF 80 00 00 00 00 00 00 40 00 38 3A A7 3A A7 44 44 3B 7F 7C 31 AE A0 5C 58 75 0A 89 7C 6B 71 0D 55 2A 40 2A 37 39 C0 3E 30 00 00 66 07 14 F3 64
1785249230549,16:33:50.859,00 00 00 00 00 00 00 00 18 00 42 00 00 A2 EF 34 A7 2F 00 00 EF 80 00 00 00 00 00 00 40 00 38 39 E6 39 F9 44 44 3B 7F D0 31 AE A0 5C 58 74 0A 24 84 6C 7A 0D 58 2C 40 33 31 2C B2 3E 30 00 00 66 09 14 F3 64
1785249231050,16:33:51.335,00 00 00 00 00 00 00 00 18 00 42 00 00 A2 EF 34 A7 2F 00 00 EF 80 00 00 00 00 00 00 40 00 38 39 F4 39 C2 44 44 3B 80 30 31 AE A0 5C 58 7A 0A 6B 87 6D 7C 0D 59 2C 40 35 2E 2A AB 3E 30 00 00 66 0A 14 F3 64
1785249231550,16:33:51.822,00 00 00 00 00 00 00 00 18 00 42 00 00 A2 EF 34 A7 2F 00 00 EF 80 00 00 00 00 00 00 40 00 38 3A 20 3A 01 44 44 3C 80 C4 31 AE A0 5C 58 7E 0A C6 7E 6D 79 0D 57 2B 40 32 33 2F AF 3E 30 00 00 66 09 14 F3 64
1785249232052,16:33:52.347,00 00 00 00 00 00 00 00 18 00 42 00 00 A2 EF 34 A7 2F 00 00 EF 80 00 00 00 00 00 00 40 00 38 3A 4D 3A 62 44 44 3C 80 84 31 AE A0 5C 58 85 0A E0 89 6E 78 0D 57 2B 40 32 33 30 AE 3E 30 00 00 66 09 14 F3 64
1785249232554,16:33:52.833,00 00 00 00 00 00 00 00 18 00 42 00 00 A2 EF 34 A7 2F 00 00 EF 80 00 00 00 00 00 00 40 00 39 3A 4D 3A 4D 44 44 3C 80 20 31 AE A0 5C 58 91 0B 06 83 6E 7A 0D 58 2C 40 33 32 2F AB 3E 30 00 00 66 09 14 F3 64
1785249233056,16:33:53.355,00 00 00 00 00 00 00 00 18 00 42 00 00 A2 EF 34 A7 2F 00 00 EF 80 00 00 00 00 00 00 40 00 39 3A 98 3A 64 44 44 3C 80 20 31 AE A0 5C 58 8C 0B 37 85 6E 7C 0D 58 2C 40 34 2F 2D A8 3E 30 00 00 66 0A 14 F3 64
1785249233557,16:33:53.860,00 00 00 00 00 00 00 00 18 00 42 00 00 A2 EF 34 A7 2F 00 00 EF 80 00 00 00 00 00 00 40 00 38 3A A7 3A 6C 44 44 3C 80 54 31 AE A0 5C 58 7E 0B 81 7F 6E 7E 0D 59 2D 40 36 2D 2C A3 3E 30 00 00 66 0A 14 F3 64
1785249234059,16:33:54.358,00 00 00 00 00 00 00 00 18 00 42 00 00 A2 EF 34 A7 2F 00 00 EF 80 00 00 00 00 00 00 40 00 38 3A C5 3A B7 44 44 3C 80 54 31 AE A0 5C 58 92 0B C8 80 6F 78 0D 57 2B 40 31 33 34 AB 3E 30 00 00 66 09 14 F3 64
1785249234560,16:33:54.839,00 00 00 00 00 00 00 00 18 00 42 00 00 A2 EF 34 A7 2F 00 00 EF 80 00 00 00 00 00 00 40 00 38 3A B6 3A C6 44 44 3C 80 10 31 AE A0 5C 58 81 0B 4D 85 6F 70 0D 52 29 40 28 38 3B C0 3E 30 00 00 66 06 14 F3 64
1785249235060,16:33:55.346,00 00 00 00 00 00 00 00 18 00 42 00 00 A2 EF 34 A7 2F 00 00 EF 80 00 00 00 00 00 00 40 00 38 3A 6B 3A 66 44 44 3C 7F 8C 31 AE A0 5C 58 71 0A C2 85 6E 70 0D 52 29 40 28 38 3B C0 3E 30 00 00 66 06 14 F3 64
1785249235561,16:33:55.856,00 00 00 00 00 00 00 00 18 00 42 00 00 A2 EF 34 A7 2F 00 00 EF 80 00 00 00 00 00 00 40 00 38 3A 2F 3A 09 44 44 3C 7F BC 31 AE A0 5C 58 72 0A 67 7B 6D 71 0D 53 29 40 29 38 3B C0 3E 30 00 00 66 06 14 F3 64
1785249236062,16:33:56.360,00 00 00 00 00 00 00 00 18 00 42 00 00 A2 EF 34 A7 2F 00 00 EF 80 00 00 00 00 00 00 40 00 38 3A 03 39 FF 44 44 3C 7F B0 31 AE A0 5C 58 7A 0A 1C 82 6C 71 0D 53 29 40 28 38 3B C0 3E 30 00 00 66 06 14 F3 64
1785249236563,16:33:56.849,00 00 00 00 00 00 00 00 18 00 42 00 00 A2 EF 34 A7 2F 00 00 EF 80 00 00 00 00 00 00 40 00 38 39 BA 39 D6 44 44 3B 7F 7C 31 AE A0 5C 58 6F 0A 06 82 6C 71 0D 53 29 40 29 38 3B C0 3E 30 00 00 66 07 13 F3 64
1785249237064,16:33:57.360,00 00 00 00 00 00 00 00 18 00 42 00 00 A2 EF 34 A7 2F 00 00 EF 80 00 00 00 00 00 00 40 00 38 39 80 39 A5 44 44 3B 7F 70 31 AE A0 5C 58 82 0A 04 7B 6B 73 0D 55 2A 40 2C 3B 35 BC 3E 30 00 00 66 07 13 F3 64
1785249237565,16:33:57.846,00 00 00 00 00 00 00 00 18 00 42 00 00 A2 EF 34 A7 2F 00 00 EF 80 00 00 00 00 00 00 40 00 38 39 71 39 66 44 44 3B 7F 90 31 AE A0 5C 58 88 09 F0 7A 6B 74 0D 55 2A 40 2D 38 33 B8 3E 30 00 00 66 08 13 F3 64
1785249238066,16:33:58.355,00 00 00 00 00 00 00 00 18 00 42 00 00 A2 EF 34 A7 2F 00 00 EF 80 00 00 00 00 00 00 40 00 38 39 55 39 23 44 44 3B 7F A0 31 AE A0 5C 58 71 0A 06 81 6C 7E 0D 5C 2E 40 38 2E 28 A5 3E 30 00 00 66 0B 13 F3 64
1785249238567,16:33:58.873,00 00 00 00 00 00 00 00 18 00 42 00 00 A2 EF 34 A7 2F 00 00 EF 80 00 00 00 00 00 00 40 00 39 39 9D 39 7F 44 44 3B 80 00 31 AE A0 5C 58 8E 0A F3 7F 6D 89 00 64 32 40 48 1B 1A A6 3E 30 00 00 66 11 14 F3 64
1785249239072,16:33:59.409,00 00 00 00 00 00 00 00 18 00 42 00 00 A2 EF 34 A7 2F 00 00 EF 80 00 00 00 00 00 00 40 00 39 3A 3E 3A 4C 44 44 3B 81 00 31 AE A0 5C 58 96 0C 01 87 71 90 00 65 33 40 50 1B 17 94 3E 30 00 00 68 14 15 F3 64
1785249239572,16:33:59.876,00 00 00 00 00 00 00 00 18 00 42 00 00 A2 EF 34 A7 2F 00 00 EF 80 00 00 00 00 00 00 40 00 38 3A B6 3A 89 44 44 3C 81 78 31 AE A0 5C 58 8A 0D 3C 8B 76 89 00 60 30 40 44 1B 21 A7 3E 30 00 00 66 0F 14 F3 64
1785249240073,16:34:00.392,00 00 00 00 00 00 00 00 18 00 42 00 00 A2 EF 34 A7 2F 00 00 EF 80 00 00 00 00 00 00 40 00 38 3B 20 3B 25 44 44 3C 80 A8 31 AE A0 5C 58 97 0C ED 93 78 8B 00 62 31 40 46 1B 1F AA 3E 30 00 00 66 10 15 F3 64
1785249240574,16:34:00.848,00 00 00 00 00 00 00 00 18 00 42 00 00 A2 EF 34 A7 2F 00 00 EF 80 00 00 00 00 00 00 40 00 38 3B 6C 3B 50 44 44 3D 81 10 31 AE A0 5C 58 96 0C 9E 8A 77 8D 00 63 32 40 49 1B 1D AA 3E 30 00 00 66 11 15 F3 64
1785249241075,16:34:01.378,00 00 00 00 00 00 00 00 18 00 42 00 00 A2 EF 34 A7 2F 00 00 EF 80 00 00 00 00 00 00 40 00 38 3C 08 3B FC 44 44 3D 80 CC 31 AE A0 5C 58 8A 0C A0 8B 78 94 00 69 34 40 55 1A 18 9B 3E 30 00 00 66 15 16 F3 64
1785249241576,16:34:01.864,00 00 00 00 00 00 00 00 18 00 42 00 00 A2 EF 34 A7 2F 00 00 EF 80 00 00 00 00 00 00 40 00 38 3C E8 3C B9 44 44 3E 81 80 31 AE A0 5C 58 90 0D A4 96 7B 99 00 6D 36 40 5D 18 16 99 3E 2F 00 00 66 17 17 F3 64
1785249242078,16:34:02.375,00 00 00 00 00 00 00 00 18 00 42 00 00 A2 EF 34 A7 2F 00 00 EF 80 00 00 00 00 00 00 40 00 38 3D DF 3D AA 44 44 3F 81 D0 31 AE A0 5C 58 9F 0E CD 9F 81 9B 00 6D 36 40 5F 18 17 98 3E 2F 00 00 66 17 17 F3 64
1785249242580,16:34:02.875,00 00 00 00 00 00 00 00 18 00 42 00 00 A2 EF 34 A7 2F 00 00 EF 80 00 00 00 00 00 00 40 00 38 3E DE 3E C9 44 44 40 81 B8 31 AD A0 5C 58 89 0F 89 A2 86 9C 00 6E 37 40 5F 18 18 98 3E 2F 00 00 66 17 17 F3 64
1785249243081,16:34:03.356,00 00 00 00 00 00 00 00 18 00 42 00 00 A2 EF 34 A7 2F 00 00 EF 80 00 00 00 00 00 00 40 00 38 3F C2 3F D4 44 44 41 81 C8 31 AD A0 5C 58 A1 10 12 AB 89 9D 00 6F 37 40 62 18 18 98 3E 30 00 00 68 17 18 F3 64
1785249243582,16:34:03.882,00 00 00 00 00 00 00 00 18 00 42 00 00 A2 EF 34 A7 2F 00 00 EF 80 00 00 00 00 00 00 40 00 39 40 AC 40 B3 44 44 42 81 E8 31 AD A0 5C 58 98 10 84 A4 8B 9E 00 6F 37 40 62 18 19 98 3E 2F 00 00 68 17 18 F3 64
1785249244082,16:34:04.370,00 00 00 00 00 00 00 00 18 00 42 00 00 A2 EF 34 A7 2F 00 00 EF 80 00 00 00 00 00 00 40 00 39 41 8A 41 76 44 44 43 81 94 31 AD A0 5C 58 98 10 C6 AF 8D 9D 00 6F 37 40 62 18 19 99 3E 2F 00 00 66 17 18 F3 64
1785249244582,16:34:04.881,00 00 00 00 00 00 00 00 18 00 42 00 00 A2 EF 34 A7 2F 00 00 EF 80 00 00 00 00 00 00 40 00 38 42 6E 42 44 44 44 44 81 C8 31 AD A0 5C 58 90 10 D8 A4 8C 9D 00 6F 37 40 62 19 19 9A 3E 2F 00 00 68 16 18 F3 64
1785249245083,16:34:05.381,00 00 00 00 00 00 00 00 18 00 42 00 00 A2 EF 34 A7 2F 00 00 EF 80 00 00 00 00 00 00 40 00 38 43 31 43 2B 44 44 44 81 A8 31 AD A0 5C 58 9A 10 C6 A5 8C 9D 00 6F 37 40 62 19 1A 9B 3E 30 00 00 68 16 18 F3 64
1785249245586,16:34:05.888,00 00 00 00 00 00 00 00 18 00 42 00 00 A2 EF 34 A7 2F 00 00 EF 80 00 00 00 00 00 00 40 00 38 43 E5 43 A4 44 44 45 81 70 31 AD A0 5C 58 A5 10 BC A7 8D 9E 00 6F 37 40 62 19 1A 9C 3E 30 00 00 68 16 19 F3 64
1785249246088,16:34:06.383,00 00 00 00 00 00 00 00 18 00 42 00 00 A2 EF 34 A7 2F 00 00 EF 80 00 00 00 00 00 00 40 00 38 44 5E 44 47 44 44 46 81 60 31 AD A0 5C 58 94 10 D9 A4 8C 9E 00 6F 37 40 62 19 1A 9C 3E 30 00 00 68 16 19 F3 64
1785249246590,16:34:06.894,00 00 00 00 00 00 00 00 18 00 42 00 00 A2 EF 34 A7 2F 00 00 EF 80 00 00 00 00 00 00 40 00 38 45 03 44 F9 44 44 46 81 68 31 AD A0 5C 58 8A 10 E2 A5 8C 9D 00 6E 37 40 61 19 1A 9D 3E 30 00 00 68 15 18 F3 64
1785249247091,16:34:07.389,00 00 00 00 00 00 00 00 18 00 42 00 00 A2 EF 34 A7 2F 00 00 EF 80 00 00 00 00 00 00 40 00 38 45 6C 45 65 44 44 47 81 10 31 AD A0 5C 58 A2 10 B4 AC 8C 9D 00 6D 36 40 60 19 1A 9E 3E 30 00 00 68 15 18 F3 64
1785249247592,16:34:07.893,00 00 00 00 00 00 00 00 18 00 42 00 00 A2 EF 34 A7 2F 00 00 EF 80 00 00 00 00 00 00 40 00 38 45 81 45 96 44 44 47 80 B8 31 AD A0 5C 58 83 10 40 9B 87 8B 0D 5E 2F 40 43 24 2B A3 3E 30 00 00 68 0C 16 F3 64
1785249248095,16:34:08.373,00 00 00 00 00 00 00 00 18 00 42 00 00 A2 EF 34 A7 2F 00 00 EF 80 00 00 00 00 00 00 40 00 38 44 EF 44 EC 44 44 47 7F A4 31 AD A0 5C 58 89 0E DD 90 80 7B 0D 58 2C 40 35 3A 3E BA 3F 30 00 00 68 07 16 F3 64
1785249248597,16:34:08.893,00 00 00 00 00 00 00 00 18 00 42 00 00 A2 EF 34 A7 2F 00 00 EF 80 00 00 00 00 00 00 40 00 38 44 21 44 1A 44 44 46 7E 8C 31 AD A0 5C 58 8D 0D 8E 8B 79 72 0D 53 29 40 2C 3A 3E B6 3F 30 00 00 68 05 16 F3 64
1785249249099,16:34:09.395,00 00 00 00 00 00 00 00 18 00 42 00 00 A2 EF 34 A7 2F 00 00 EF 80 00 00 00 00 00 00 40 00 38 43 6D 43 4E 44 44 45 7D A0 31 AD A0 5C 58 78 0C 9C 87 72 70 0D 53 29 40 29 3A 3E B2 3F 30 00 00 68 04 16 F3 64
1785249249599,16:34:09.880,00 00 00 00 00 00 00 00 18 00 42 00 00 A2 EF 34 A7 2F 00 00 EF 80 00 00 00 00 00 00 40 00 38 42 35 42 26 44 44 44 7D E0 31 AD A0 5C 58 8C 0C 16 84 70 6E 0D 51 28 40 26 3A 3E B3 3F 30 00 00 68 04 16 F3 64
1785249250100,16:34:10.385,00 00 00 00 00 00 00 00 18 00 42 00 00 A2 EF 34 A7 2F 00 00 EF 80 00 00 00 00 00 00 40 00 38 40 E3 40 E9 44 44 43 7E 08 31 AD 9F 5D 58 83 0B DB 7D 6D 6C 0D 4F 27 40 22 3A 3E AD 3F 30 00 00 68 03 15 F3 64
1785249250602,16:34:10.910,00 00 00 00 00 00 00 00 18 00 42 00 00 A2 EF 34 A7 2F 00 00 EF 80 00 00 00 00 00 00 40 00 38 3F B0 3F AB 44 44 42 7D A0 31 AD A0 5D 58 78 0B D1 84 6D 6B 0D 4E 27 40 20 3A 3E AC 3F 30 00 00 68 03 15 F3 64
1785249251103,16:34:11.402,00 00 00 00 00 00 00 00 18 00 42 00 00 A2 EF 34 A7 2F 00 00 EF 80 00 00 00 00 00 00 40 00 38 3E 66 3E 67 44 44 40 7D 64 31 AD 9F 5D 58 85 0B C2 84 6C 6B 0D 4E 27 40 1F 3A 3E AD 3F 30 00 00 68 03 15 F3 64
1785249251604,16:34:11.905,00 00 00 00 00 00 00 00 18 00 42 00 00 A2 EF 34 A7 2F 00 00 EF 80 00 00 00 00 00 00 40 00 38 3D 39 3D 38 44 44 3F 7D 94 31 AD 9F 5D 58 8E 0B 95 7F 6C 6B 0D 4E 27 40 1F 3A 3E B0 3F 30 00 00 68 03 15 F3 64
1785249252104,16:34:12.397,00 00 00 00 00 00 00 00 18 00 42 00 00 A2 EF 34 A7 2F 00 00 EF 80 00 00 00 00 00 00 40 00 38 3C 08 3B E6 44 44 3E 7D 88 31 AD 9F 5D 58 8C 0B 22 80 6C 6C 0D 50 28 40 22 3A 3E B7 3E 30 00 00 68 04 14 F3 64
1785249252605,16:34:12.906,00 00 00 00 00 00 00 00 18 00 42 00 00 A2 EF 34 A7 2F 00 00 EF 80 00 00 00 00 00 00 40 00 38 3B 9B 3B B4 44 44 3D 7D D0 31 AD 9F 5D 58 74 0A A7 7C 6C 71 0D 55 2A 40 2B 3A 3E C0 3F 30 00 00 68 07 14 F3 64
1785249253106,16:34:13.380,00 00 00 00 00 00 00 00 18 00 42 00 00 A2 EF 34 A7 2F 00 00 EF 80 00 00 00 00 00 00 40 00 38 3A 89 3A A8 44 44 3C 7D C8 31 AD 9F 5D 58 79 0A 5E 7D 6B 7E 0D 5C 2E 40 38 2E 29 AF 3E 30 00 00 68 0A 14 F3 64
1785249253608,16:34:13.885,00 00 00 00 00 00 00 00 18 00 42 00 00 A2 EF 34 A7 2F 00 00 EF 80 00 00 00 00 00 00 40 00 38 39 F4 39 D9 44 44 3B 7E 88 31 AD 9F 5D 58 73 0A C9 7F 6D 88 00 61 30 40 44 1C 1D AF 3E 30 00 00 68 0F 14 F3 64
1785249254109,16:34:14.405,00 00 00 00 00 00 00 00 18 00 42 00 00 A2 EF 34 A7 2F 00 00 EF 80 00 00 00 00 00 00 40 00 38 39 C8 39 C8 44 44 3B 7F A0 31 AD 9F 5D 58 7F 0B 28 8E 70 8C 00 64 32 40 4B 1B 19 A9 3E 30 00 00 68 12 14 F3 64
1785249254609,16:34:14.903,00 00 00 00 00 00 00 00 18 00 42 00 00 A2 EF 34 A7 2F 00 00 EF 80 00 00 00 00 00 00 40 00 38 39 D7 39 CF 44 44 3B 80 10 31 AD 9F 5D 58 97 0B B8 92 74 90 00 67 33 40 52 1B 17 9B 3E 30 00 00 68 14 15 F3 64
1785249255110,16:34:15.403,00 00 00 00 00 00 00 00 18 00 42 00 00 A2 EF 34 A7 2F 00 00 EF 80 00 00 00 00 00 00 40 00 38 39 E6 39 FC 44 44 3B 80 60 31 AD 9F 5D 58 97 0C EC 8D 77 8A 00 60 30 40 47 1B 1D A7 3E 30 00 00 68 11 14 F3 64
1785249255610,16:34:15.908,00 00 00 00 00 00 00 00 18 00 42 00 00 A2 EF 34 A7 2F 00 00 EF 80 00 00 00 00 00 00 40 00 39 39 D7 39 DC 44 44 3B 7F F0 31 AD A0 5D 58 96 0C C1 8A 78 87 0D 60 30 40 43 1C 22 AF 3E 30 00 00 68 0F 14 F3 64
1785249256112,16:34:16.388,00 00 00 00 00 00 00 00 18 00 42 00 00 A2 EF 34 A7 2F 00 00 EF 80 00 00 00 00 00 00 40 00 39 39 AB 39 9F 44 44 3B 7F 80 31 AD 9F 5D 58 82 0C 1C 93 77 8A 00 63 31 40 48 1B 1C AF 3E 30 00 00 68 11 14 F3 64
1785249256614,16:34:16.911,00 00 00 00 00 00 00 00 18 00 42 00 00 A2 EF 34 A7 2F 00 00 EF 80 00 00 00 00 00 00 40 00 38 39 9D 39 71 44 44 3B 7F F0 31 AD A0 5D 58 83 0C 1B 95 77 8E 00 66 33 40 4F 1B 19 A3 3E 30 00 00 68 13 15 F3 64
1785249257114,16:34:17.412,00 00 00 00 00 00 00 00 18 00 42 00 00 A2 EF 34 A7 2F 00 00 EF 80 00 00 00 00 00 00 40 00 38 39 F4 39 BD 44 44 3B 80 10 31 AD A0 5D 58 7E 0C CC 8D 79 90 00 67 33 40 52 1A 19 9D 3E 30 00 00 68 14 15 F3 64
1785249257615,16:34:17.909,00 00 00 00 00 00 00 00 18 00 42 00 00 A2 EF 34 A7 2F 00 00 EF 90 00 00 00 00 00 00 40 00 38 3A 2F 3A 75 44 44 3B 80 80 31 AD A0 5D 58 82 0D 74 94 7B 95 00 6F 37 40 5D 18 17 9C 3E 30 00 00 68 17 16 F3 64
1785249258117,16:34:18.412,00 00 00 00 00 00 00 00 18 00 42 00 00 A2 EF 34 A7 2F 00 00 EF 90 00 00 00 00 00 00 40 00 38 3A 89 3A 78 44 44 3C 80 84 31 AD A0 5D 58 96 0E 25 A5 80 98 00 73 3A 40 69 18 17 9C 3E 30 00 00 68 18 16 F3 64
1785249258618,16:34:18.920,00 00 00 00 00 00 00 00 18 00 42 00 00 A2 EF 34 A7 2F 00 00 EF 90 00 00 00 00 00 00 40 00 38 3B 20 3A F8 44 44 3C 80 C4 31 AD A0 5D 58 7F 0E D3 A3 84 99 00 77 3B 40 71 17 18 9C 3E 30 00 00 68 18 16 F3 64
1785249259119,16:34:19.419,00 00 00 00 00 00 00 00 18 00 42 00 00 A2 EF 34 A7 2F 00 00 EF 90 00 00 00 00 00 00 40 00 38 3B AA 3B C3 44 44 3D 81 1C 31 AD A0 5D 58 9E 0F 4A AD 88 9B 00 78 3C 40 74 17 17 9C 3E 30 00 00 68 19 17 F3 64
1785249259620,16:34:19.920,00 00 00 00 00 00 00 00 18 00 42 00 00 A2 EF 34 A7 2F 00 00 EF 90 00 00 00 00 00 00 40 00 38 3C 38 3C 20 44 44 3D 81 54 31 AD A0 5D 58 A0 0F A0 A5 8A 9D 00 7A 3D 40 78 17 18 9B 3E 30 00 00 68 19 17 F3 64
1785249260121,16:34:20.419,00 00 00 00 00 00 00 00 18 00 42 00 00 A2 EF 34 A7 2F 00 00 EF 90 00 00 00 00 00 00 40 00 38 3D 09 3D 04 44 44 3E 81 60 31 AD A0 5D 58 91 10 22 A7 8C 9E 00 79 3D 40 79 18 17 94 3E 30 00 00 68 19 17 F3 64
1785249260622,16:34:20.919,00 00 00 00 00 00 00 00 18 00 42 00 00 A2 EF 34 A7 2F 00 00 EF 90 00 00 00 00 00 00 40 00 39 3D BE 3D C0 44 44 3F 81 E0 31 AD A0 5D 58 91 11 23 AF 90 A1 00 7A 3D 40 79 19 18 81 3E 30 00 00 68 1A 18 F3 64
1785249261124,16:34:21.421,00 00 00 00 00 00 00 00 18 00 42 00 00 A2 EF 34 A7 2F 00 00 EF 90 00 00 00 00 00 00 40 00 39 3E CD 3E F8 44 44 40 81 A4 31 AD A0 5D 58 95 12 DA B9 95 A5 00 78 3C 40 77 1A 19 6B 3E 30 00 00 68 1B 19 F3 64
1785249261625,16:34:21.909,00 00 00 00 00 00 00 00 18 00 42 00 00 A2 EF 34 A7 2F 00 00 EF 90 00 00 00 00 00 00 40 00 38 3F B0 3F A6 44 44 41 81 FC 31 AD A0 5C 58 99 14 40 BA 9A A6 00 74 3A 40 70 1A 19 67 3E 30 00 00 68 1C 1A F3 64
1785249262125,16:34:22.429,00 00 00 00 00 00 00 00 18 00 42 00 00 A2 EF 34 A7 2F 00 00 EF 80 00 00 00 00 00 00 40 00 38 40 9A 40 86 44 44 42 82 5C 31 AD A0 5C 58 AA 14 D9 C6 9D 9F 00 6E 37 40 64 18 1D 9F 3E 30 00 00 68 18 18 F3 64
1785249262626,16:34:22.924,00 00 00 00 00 00 00 00 18 00 42 00 00 A2 EF 34 A7 2F 00 00 EF 80 00 00 00 00 00 00 40 00 38 40 E3 40 C2 44 44 42 81 B8 31 AE A0 5C 58 A3 12 93 B4 97 9A 00 6A 35 40 59 1A 20 AA 3E 2F 00 00 68 14 17 F3 64
1785249263127,16:34:23.448,00 00 00 00 00 00 00 00 18 00 42 00 00 A2 EF 34 A7 2F 00 00 EF 80 00 00 00 00 00 00 40 00 38 41 3F 41 3B 44 44 43 80 CC 31 AE A0 5C 58 7D 10 83 A9 8E 99 00 69 34 40 58 1A 1D AD 3E 2F 00 00 68 14 17 F3 64
1785249263628,16:34:23.904,00 00 00 00 00 00 00 00 18 00 42 00 00 A2 EF 34 A7 2F 00 00 EF 80 00 00 00 00 00 00 40 00 38 41 65 41 22 44 44 43 80 90 31 AE A0 5C 58 92 0F 55 A0 87 96 00 66 33 40 52 1A 1E B7 3E 2F 00 00 68 12 17 F3 64
1785249264129,16:34:24.425,00 00 00 00 00 00 00 00 18 00 42 00 00 A2 EF 34 A7 2F 00 00 EF 80 00 00 00 00 00 00 40 00 38 41 65 41 54 44 44 43 80 54 31 AE A0 5C 58 7F 0E 5E 93 83 94 00 64 32 40 4E 1A 1E BD 3D 2F 00 00 68 10 17 F3 64
1785249264631,16:34:24.932,00 00 00 00 00 00 00 00 18 00 42 00 00 A2 EF 34 A7 2F 00 00 EF 80 00 00 00 00 00 00 40 00 38 41 2D 41 04 44 44 43 7F EC 31 AE A0 5C 58 8D 0D 9E 93 7E 93 00 64 32 40 4C 1B 1E C0 3E 2F 00 00 68 10 16 F3 64
1785249265131,16:34:25.409,00 00 00 00 00 00 00 00 18 00 42 00 00 A2 EF 34 A7 2F 00 00 EF 80 00 00 00 00 00 00 40 00 38 41 2D 40 D2 44 44 43 7F 9C 31 AE A0 5C 58 7A 0D 2E 94 7B 8C 0D 5F 2F 40 43 20 23 B8 3E 2F 00 00 68 0D 16 F3 64
1785249265636,16:34:25.934,00 00 00 00 00 00 00 00 18 00 42 00 00 A2 EF 34 A7 2F 00 00 EF 80 00 00 00 00 00 00 40 00 39 40 D0 40 D6 44 44 42 7F 70 31 AE A0 5C 58 79 0C AC 92 78 8C 0D 60 30 40 43 22 22 B6 3E 30 00 00 68 0D 16 F3 64
1785249266137,16:34:26.420,00 00 00 00 00 00 00 00 18 00 42 00 00 A2 EF 34 A7 2F 00 00 EF 80 00 00 00 00 00 00 40 00 39 40 63 40 6C 44 44 42 7F 70 31 AE A0 5C 58 93 0C 67 8F 76 8E 0D 61 30 40 46 1F 20 BB 3E 2F 00 00 68 0E 16 F3 64
1785249266638,16:34:26.939,00 00 00 00 00 00 00 00 18 00 42 00 00 A2 EF 34 A7 2F 00 00 EF 80 00 00 00 00 00 00 40 00 38 40 75 40 83 44 44 42 7F 70 31 AE A0 5C 58 78 0C 2F 8A 75 8F 0D 62 31 40 47 1E 1E BE 3D 2F 00 00 68 0E 16 F3 64
1785249267139,16:34:27.437,00 00 00 00 00 00 00 00 18 00 42 00 00 A2 EF 34 A7 2F 00 00 EF 80 00 00 00 00 00 00 40 00 38 40 63 40 54 44 44 42 7F B0 31 AE A0 5C 58 7F 0C 0B 86 75 8F 0D 61 31 40 47 1D 1E BF 3E 2F 00 00 68 0E 16 F3 64
1785249267640,16:34:27.940,00 00 00 00 00 00 00 00 18 00 42 00 00 A2 EF 34 A7 2F 00 00 EF 80 00 00 00 00 00 00 40 00 38 40 2D 40 0C 44 44 42 7F D8 31 AE A0 5C 58 85 0B FB 8B 74 8F 0D 61 31 40 46 1D 1D BF 3E 2F 00 00 68 0E 16 F3 64
1785249268141,16:34:28.418,00 00 00 00 00 00 00 00 18 00 42 00 00 A2 EF 34 A7 2F 00 00 EF 80 00 00 00 00 00 00 40 00 38 40 3F 40 4A 44 44 42 7F B0 31 AE A0 5C 58 74 0B F3 88 74 8F 0D 61 30 40 46 1E 1E BE 3D 2F 00 00 68 0E 16 F3 64
1785249268643,16:34:28.936,00 00 00 00 00 00 00 00 18 00 42 00 00 A2 EF 34 A7 2F 00 00 EF 80 00 00 00 00 00 00 40 00 38 3F F7 3F FE 44 44 42 7F EC 31 AE A0 5C 58 91 0B EA 85 74 8D 0D 60 30 40 44 20 1F BB 3D 2F 00 00 68 0E 16 F3 64
1785249269145,16:34:29.447,00 00 00 00 00 00 00 00 18 00 42 00 00 A2 EF 34 A7 2F 00 00 EF 80 00 00 00 00 00 00 40 00 38 3F E5 3F E5 44 44 42 7F DC 31 AE A0 5C 58 95 0B DF 8F 74 8D 0D 60 30 40 44 20 20 B9 3D 2F 00 00 68 0D 16 F3 64
1785249269647,16:34:29.946,00 00 00 00 00 00 00 00 18 00 42 00 00 A2 EF 34 A7 2F 00 00 EF 80 00 00 00 00 00 00 40 00 38 3F C2 3F B8 44 44 42 7F C4 31 AE A0 5C 58 79 0B D8 85 73 88 0D 5A 2D 40 3D 25 23 B9 3E 2F 00 00 68 0B 15 F3 64
1785249270148,16:34:30.444,00 00 00 00 00 00 00 00 18 00 42 00 00 A2 EF 34 A7 2F 00 00 EF 80 00 00 00 00 00 00 40 00 38 3E 11 3D DE 44 44 41 7F C4 31 AE A0 5C 58 90 0B CB 82 71 6C 0D 4D 26 40 1F 34 31 B6 3E 30 00 00 68 04 15 F3 64
1785249270649,16:34:30.951,00 00 00 00 00 00 00 00 18 00 42 00 00 A2 EF 34 A7 2F 00 00 EF 00 00 00 00 00 00 00 40 00 38 3E 55 3E 5A 44 44 40 7E 78 31 AE A0 5C 58 94 0D 45 7F 6E 66 0D 48 24 40 12 34 31 00 3E 30 00 00 68 FF 15 F3 64
1785249271152,16:34:31.458,00 00 00 00 00 00 00 00 18 00 42 00 00 A2 EF 34 A7 2F 00 00 EF 00 00 00 00 00 00 00 40 00 38 3D 4A 3D 1E 44 44 3F 7D D8 31 AE A0 5C 58 8C 0E A8 87 6E 66 0D 47 24 40 11 34 31 00 3E 30 00 00 68 FF 15 F3 64
1785249271653,16:34:31.953,00 00 00 00 00 00 00 00 18 00 42 00 00 A2 EF 34 A7 2F 00 00 EF 00 00 00 00 00 00 00 40 00 38 3C 57 3C 67 44 44 3E 7D D8 31 AE A1 5C 58 8B 0F 0F 7F 6E 66 0D 47 23 40 11 34 31 00 3E 30 00 00 68 FF 14 F3 64
1785249272153,16:34:32.437,00 00 00 00 00 00 00 00 18 00 42 00 00 A2 EF 34 A7 2F 00 00 EF 00 00 00 00 00 00 00 40 00 38 3B 5D 3B 54 44 44 3D 7E 44 31 AE A1 5C 58 85 0F 2D 84 6F 66 0D 48 24 40 12 34 31 00 3E 30 00 00 68 00 14 F3 64
1785249272654,16:34:32.952,00 00 00 00 00 00 00 00 18 00 42 00 00 A2 EF 34 A7 2F 00 00 EF 00 00 00 00 00 00 00 40 00 38 3A A7 3A A7 44 44 3D 7E 1C 31 AE A1 5C 58 88 0E FF 85 6F 68 0D 4A 25 40 16 34 31 00 3E 2F 00 00 68 01 14 F3 64
1785249273156,16:34:33.438,00 00 00 00 00 00 00 00 18 00 42 00 00 A2 EF 34 A7 2F 00 00 EF 80 00 00 00 00 00 00 40 00 38 39 E6 39 E2 44 44 3C 7E 8C 31 AE A1 5C 58 78 0D 9A 80 6F 6C 0D 50 28 40 21 34 31 B8 3E 2F 00 00 68 04 14 F3 64
1785249273673,16:34:33.955,00 00 00 00 00 00 00 00 18 00 42 00 00 A2 EF 34 A7 2F 00 00 EF 80 00 00 00 00 00 00 40 00 39 38 F1 38 DB 44 44 3B 7E D8 30 AE A1 5C 58 8C 0B 83 82 6E 71 0D 54 2A 40 2A 44 44 C0 3D 2F 00 00 68 07 13 F3 64
1785249274174,16:34:34.471,00 00 00 00 00 00 00 00 18 00 42 00 00 A2 EF 34 A7 2F 00 00 EF 80 00 00 00 00 00 00 40 00 39 39 71 39 38 44 44 3B 7F 2C 30 AE A1 5C 58 7A 0A A2 7C 6D 7A 0D 59 2C 40 34 31 2E B3 3E 2F 00 00 68 09 13 F3 64
1785249274675,16:34:34.973,00 00 00 00 00 00 00 00 18 00 42 00 00 A2 EF 34 A7 2F 00 00 EF 80 00 00 00 00 00 00 40 00 38 39 9D 39 B5 44 44 3B 7F B0 30 AE A0 5C 58 81 0A BD 89 6E 82 0D 62 31 40 3F 23 21 A6 3D 2F 00 00 68 0D 14 F3 64
1785249275177,16:34:35.472,00 00 00 00 00 00 00 00 18 00 42 00 00 A2 EF 34 A7 2F 00 00 EF 90 00 00 00 00 00 00 40 00 38 3A 3E 3A 30 44 44 3B 7F F0 30 AE A1 5C 58 9C 0D 4D 95 72 95 00 7F 3F 40 7E 18 17 00 3D 2F 00 00 68 16 16 F3 64
1785249275677,16:34:35.969,00 00 00 00 00 00 00 00 18 00 42 00 00 A2 EF 34 A7 2F 00 00 EF 90 00 00 00 00 00 00 40 00 39 3B 4E 3B 4B 44 44 3C 81 78 30 AE A1 5C 58 A1 0F F0 A6 7E 9C 00 7F 3F 40 83 17 18 00 3D 2F 00 00 68 19 17 F3 64
1785249276179,16:34:36.454,00 00 00 00 00 00 00 00 18 00 42 00 00 A2 EF 34 A7 2F 00 00 EF 90 00 00 00 00 00 00 40 00 39 3C 67 3C 84 44 44 3D 82 2C 30 AE A1 5C 58 98 11 D2 B0 8A A1 00 7E 3F 40 83 19 19 00 3D 2F 00 00 68 1B 18 F3 64
1785249276680,16:34:36.974,00 00 00 00 00 00 00 00 18 00 42 00 00 A2 EF 34 A7 2F 00 00 EF 90 00 00 00 00 00 00 40 00 38 3E 11 3D E7 44 44 3F 82 B0 30 AE A1 5C 58 A0 13 3A B5 93 A4 00 7D 3E 40 81 1A 19 67 3D 2F 00 00 68 1C 19 F3 64
1785249277182,16:34:37.480,00 00 00 00 00 00 00 00 18 00 42 00 00 A2 EF 34 A7 2F 00 00 EF 80 00 00 00 00 00 00 40 00 38 3F 9E 3F A4 44 44 40 83 18 30 AE A1 5C 58 A8 14 16 B6 99 9C 00 6B 35 40 5E 18 1E A1 3D 2F 00 00 68 16 18 F3 64
1785249277685,16:34:37.994,00 00 00 00 00 00 00 00 18 00 42 00 00 A2 EF 34 A7 2F 00 00 EF 80 00 00 00 00 00 00 40 00 38 3F F7 3F EC 44 44 42 82 B8 30 AE A1 5C 58 A0 11 99 A1 92 93 00 64 32 40 4D 1A 26 BA 3E 2F 00 00 68 10 17 F3 64
1785249278185,16:34:38.484,00 00 00 00 00 00 00 00 18 00 42 00 00 A2 EF 34 A7 2F 00 00 EF 80 00 00 00 00 00 00 40 00 38 40 3F 40 07 44 44 42 81 14 30 AE A1 5C 58 7D 0F 4E 93 87 8F 0D 60 30 40 46 1D 26 BF 3E 2F 00 00 68 0E 16 F3 64
1785249278686,16:34:38.958,00 00 00 00 00 00 00 00 18 00 42 00 00 A2 EF 34 A7 2F 00 00 EF 80 00 00 00 00 00 00 40 00 38 40 51 40 7F 44 44 42 80 78 30 AE A1 5C 58 8D 0D C6 93 7E 8C 0D 60 30 40 44 21 25 BC 3E 2F 00 00 68 0D 16 F3 64
1785249279187,16:34:39.479,00 00 00 00 00 00 00 00 18 00 42 00 00 A2 EF 34 A7 2F 00 00 EF 80 00 00 00 00 00 00 40 00 38 40 87 40 8E 44 44 42 7F EC 30 AE A1 5C 58 77 0C E4 8F 79 8D 0D 61 30 40 45 20 22 BF 3E 2F 00 00 68 0E 16 F3 64
1785249279687,16:34:39.988,00 00 00 00 00 00 00 00 18 00 42 00 00 A2 EF 34 A7 2F 00 00 EF 80 00 00 00 00 00 00 40 00 38 40 BE 40 B3 44 44 42 80 28 30 AE A1 5C 58 94 0C 65 90 77 8B 0D 5F 30 40 43 21 21 BC 3E 2F 00 00 68 0D 15 F3 64
1785249280188,16:34:40.467,00 00 00 00 00 00 00 00 18 00 42 00 00 A2 EF 34 A7 2F 00 00 EF 80 00 00 00 00 00 00 40 00 38 40 D0 40 D8 44 44 43 80 54 30 AE A1 5C 58 75 0C 2B 8E 75 8C 0D 60 30 40 44 21 20 BC 3E 2F 00 00 68 0D 16 F3 64
1785249280690,16:34:40.991,00 00 00 00 00 00 00 00 18 00 42 00 00 A2 EF 34 A7 2F 00 00 EF 80 00 00 00 00 00 00 40 00 39 40 F5 40 DE 44 44 43 80 3C 30 AE A1 5C 58 86 0B F4 8F 74 8D 0D 60 30 40 44 20 1F BE 3E 2F 00 00 68 0D 16 F3 64
1785249281190,16:34:41.490,00 00 00 00 00 00 00 00 18 00 42 00 00 A2 EF 34 A7 2F 00 00 EF 80 00 00 00 00 00 00 40 00 39 41 1A 40 ED 44 44 43 80 28 30 AE A1 5C 58 8D 0C 01 8B 73 89 0D 5F 2F 40 40 25 23 BE 3D 2F 00 00 68 0C 15 F3 64
1785249281707,16:34:41.988,00 00 00 00 00 00 00 00 18 00 42 00 00 A2 EF 34 A7 2F 00 00 EF 80 00 00 00 00 00 00 40 00 38 41 B0 41 A9 44 44 43 80 14 30 AE A1 5C 58 90 0D D1 8F 73 9D 00 73 39 40 63 19 16 00 3D 2F 00 00 68 17 18 F3 64
1785249282208,16:34:42.485,00 00 00 00 00 00 00 00 18 00 42 00 00 A2 EF 34 A7 2F 00 00 EF 80 00 00 00 00 00 00 40 00 38 42 82 42 88 44 44 44 81 24 30 AE A1 5C 58 A9 11 C6 AC 84 9F 00 70 38 40 65 19 19 00 3D 2F 00 00 68 17 19 F3 64
1785249282709,16:34:43.005,00 00 00 00 00 00 00 00 18 00 42 00 00 A2 EF 34 A7 2F 00 00 EF 80 00 00 00 00 00 00 40 00 38 43 BD 44 16 44 44 45 82 7C 30 AE A1 5C 58 A8 14 14 BA 90 9F 00 71 38 40 66 19 1D 00 3D 2F 00 00 68 17 19 F3 64
1785249283210,16:34:43.510,00 00 00 00 00 00 00 00 18 00 42 00 00 A2 EF 34 A7 2F 00 00 EF 80 00 00 00 00 00 00 40 00 38 44 DA 44 DE 44 44 46 82 0C 30 AE A2 5C 58 88 15 04 C2 99 A0 00 71 39 40 68 19 1E A2 3D 2F 00 00 68 17 19 F3 64
1785249283710,16:34:44.011,00 00 00 00 00 00 00 00 18 00 42 00 00 A2 EF 34 A7 2F 00 00 EF 80 00 00 00 00 00 00 40 00 38 45 EB 45 CA 44 44 47 82 08 30 AE A2 5C 58 85 12 BA B1 95 A1 00 72 39 40 69 19 1A A3 3D 2F 00 00 68 17 19 F3 64
1785249284212,16:34:44.493,00 00 00 00 00 00 00 00 18 00 42 00 00 A2 EF 34 A7 2F 00 00 EF 80 00 00 00 00 00 00 40 00 38 46 EF 46 EB 44 44 48 82 48 30 AE A2 5C 58 8A 11 9B AB 92 9F 00 70 38 40 65 19 1A A5 3D 2F 00 00 68 16 19 F3 64
1785249284713,16:34:45.015,00 00 00 00 00 00 00 00 18 00 42 00 00 A2 EF 34 A7 2F 00 00 EF 80 00 00 00 00 00 00 40 00 38 47 FB 47 C4 44 44 49 81 FC 30 AE A2 5C 58 85 10 DE AE 8E A0 00 72 39 40 68 19 18 A4 3D 2F 00 00 68 16 19 F3 64
1785249285214,16:34:45.511,00 00 00 00 00 00 00 00 18 00 42 00 00 A2 EF 34 A7 2F 00 00 EF 80 00 00 00 00 00 00 40 00 38 48 F7 49 0A 44 44 4A 82 24 30 AE A2 5C 58 A7 10 FE B8 90 A4 00 75 3B 40 6F 19 16 A1 3D 2F 00 00 68 18 1A F3 64
1785249285715,16:34:46.014,00 00 00 00 00 00 00 00 18 00 42 00 00 A2 EF 34 A7 2F 00 00 EF 80 00 00 00 00 00 00 40 00 38 49 FB 49 F0 44 44 4B 82 48 30 AE A2 5C 58 88 11 88 B3 93 A6 00 77 3B 40 72 19 16 9E 3D 2F 00 00 68 19 1A F3 64
1785249286215,16:34:46.517,00 00 00 00 00 00 00 00 18 00 42 00 00 A2 EF 34 A7 2F 00 00 EF 80 00 00 00 00 00 00 40 00 38 4B 50 4B 2E 44 44 4C 82 78 30 AE A2 5C 58 95 12 4E C4 98 A6 00 77 3B 40 73 19 16 9C 3D 2F 00 00 68 19 1A F3 64
1785249286715,16:34:46.992,00 00 00 00 00 00 00 00 18 00 42 00 00 A2 EF 34 A7 2F 00 00 EF 80 00 00 00 00 00 00 40 00 38 4C 97 4C 7B 44 44 4E 82 8C 30 AE A2 5C 58 A5 12 E4 C7 9C A9 00 7A 3D 40 79 1B 16 88 3D 2F 00 00 68 1A 1B F3 64
1785249287217,16:34:47.495,00 00 00 00 00 00 00 00 18 00 42 00 00 A2 EF 34 A7 2F 00 00 EF 80 00 00 00 00 00 00 40 00 38 4E 55 4E 41 44 44 4F 82 68 30 AE A2 5C 58 9D 15 EA CC A3 AB 00 7B 3E 40 7C 1B 16 80 3D 2F 00 00 68 1A 1B F3 64
1785249287719,16:34:48.015,00 00 00 00 00 00 00 00 18 00 42 00 00 A2 EF 34 A7 2F 00 00 EF 80 00 00 00 00 00 00 40 00 38 4F D3 4F BB 44 44 51 82 E4 30 AE A2 5C 58 B1 18 85 D5 AC AB 07 7B 3E 40 7D 1B 16 80 3D 2F 00 00 68 1A 1B F3 64
1785249288221,16:34:48.506,00 00 00 00 00 00 00 00 18 00 42 00 00 A2 EF 34 A7 2F 00 00 EF 80 00 00 00 00 00 00 40 00 38 51 61 51 2E 44 44 52 83 34 30 AE A2 5C 58 A3 19 36 D2 B0 AB 8B 7C 3E 40 7D 1B 16 8A 3D 2F 00 00 68 1A 1B F3 64
1785249288723,16:34:49.019,00 00 00 00 00 00 00 00 18 00 42 00 00 A2 EF 34 A7 2F 00 00 EF 80 00 00 00 00 00 01 60 00 39 52 A4 52 9E 44 44 54 82 FC 30 AE A2 5C 58 A4 18 7A CA A7 AB 73 7C 3E 40 7D 1B 16 93 3D 2F 00 00 68 19 1C F2 64
1785249289225,16:34:49.510,00 00 00 00 00 00 00 00 18 00 42 00 00 A2 EF 34 A7 2F 00 00 EF 80 00 00 00 00 00 01 60 00 39 54 2F 54 35 44 44 56 83 38 30 AE A2 5C 58 AE 18 0C C5 A6 AD 61 7F 3F 40 82 1B 16 82 3D 2F 00 00 68 1A 1C F2 64
1785249289726,16:34:50.034,00 00 00 00 00 00 00 00 18 00 42 00 00 A2 EF 34 A7 2F 00 00 EF 80 00 00 00 00 00 01 60 00 39 55 A9 55 7F 44 44 57 82 8C 30 AE A2 5A 58 AB 1A B4 D4 AB AF 62 81 40 40 86 1B 16 73 3D 2F 00 00 68 1B 1C F3 64
1785249290228,16:34:50.523,00 00 00 00 00 00 00 00 18 00 42 00 00 A2 EF 34 A7 2F 00 00 EF 80 00 00 00 00 00 01 60 00 39 57 52 57 03 44 44 59 82 E8 31 AE A2 5A 58 B1 1D 95 DC B3 B1 79 82 41 40 8B 1B 16 67 3D 2F 00 00 68 1C 1D F3 64
1785249290728,16:34:51.033,00 00 00 00 00 00 00 00 18 00 42 00 00 A2 EF 34 A7 2F 00 00 EF 80 00 00 00 00 00 01 60 00 39 58 E9 58 D4 44 44 5B 83 4C 30 AE A2 5A 58 B8 1E B8 D1 B2 B1 7B 83 41 40 8C 1B 16 67 3D 2F 00 00 68 1C 1D F2 64
1785249291229,16:34:51.538,00 00 00 00 00 00 00 00 18 00 42 00 00 A2 EF 34 A7 2F 00 00 EF 80 00 00 00 00 00 01 60 00 38 5A 48 5A 34 44 44 5C 83 6C 31 AE A2 5A 58 B4 1F 3A E4 B2 B1 7A 83 41 40 8D 1B 16 68 3D 2F 00 00 68 1B 1D F2 64
1785249291731,16:34:52.011,00 00 00 00 00 00 00 00 18 00 42 00 00 A2 EF 34 A7 2F 00 00 EF 80 00 00 00 00 00 01 60 00 38 5B B2 5B 88 44 44 5E 83 3C 31 AE A2 5A 58 B0 1F 85 D5 B1 AB 4A 5F 2F 40 6C 1B 16 9A 3D 2F 00 00 68 14 1D F2 64
1785249292232,16:34:52.534,00 00 00 00 00 00 00 00 18 00 42 00 00 A2 EF 34 A7 2F 00 00 EF 09 00 01 00 00 00 01 60 00 38 4A 8B 4A 29 44 44 5E 80 28 31 AE A2 5A 58 9A 1A 89 AA 9D 64 0D 32 19 40 01 45 44 00 3D 2F 00 00 68 FB 17 F2 64
1785249292736,16:34:53.035,00 00 00 00 00 00 00 00 18 00 42 00 00 A2 EF 34 A7 2F 00 00 EF 80 00 00 00 00 00 01 60 00 38 49 0F 48 E3 44 44 5D 7E E8 31 AE A2 5A 58 9A 15 A1 8F 88 6D 0D 58 2C 40 28 45 44 00 3E 2F 00 00 68 03 17 F3 64
1785249293237,16:34:53.518,00 00 00 00 00 00 00 00 18 00 42 00 00 A2 EF 34 A7 2F 00 00 EF 80 00 00 00 00 00 00 40 00 38 48 E0 48 BB 44 44 5D 7F B0 31 AE A2 5A 58 A7 14 5B 98 80 93 0D 68 34 40 4F 27 31 00 3D 2F 00 00 68 0F 17 F3 64
1785249293738,16:34:54.036,00 00 00 00 00 00 00 00 18 00 42 00 00 A2 EF 34 A7 2F 00 00 EF 80 00 00 00 00 00 00 40 00 38 49 B3 49 86 44 44 5D 80 A0 31 AE A2 5A 58 9E 15 00 A8 86 96 00 67 33 40 53 1A 29 00 3D 2F 00 00 68 0F 17 F3 64
1785249294239,16:34:54.523,00 00 00 00 00 00 00 00 18 00 42 00 00 A2 EF 34 A7 2F 00 00 EF 80 00 00 00 00 00 00 40 00 38 49 FB 49 D6 44 44 5E 80 C8 31 AE A2 5A 58 9B 15 BB AA 8C 95 0D 67 33 40 52 1B 2C 00 3D 2F 00 00 68 0F 17 F3 64
1785249294741,16:34:55.044,00 00 00 00 00 00 00 00 18 00 42 00 00 A2 EF 34 A7 2F 00 00 EF 80 00 00 00 00 00 00 40 00 38 49 FB 4A 01 44 44 5E 80 A0 31 AE A2 5A 58 88 12 E8 A1 8D 95 0D 67 33 40 52 1C 27 BB 3D 2F 00 00 68 0F 17 F3 64
1785249295242,16:34:55.534,00 00 00 00 00 00 00 00 18 00 42 00 00 A2 EF 34 A7 2F 00 00 EF 80 00 00 00 00 00 00 40 00 38 49 FB 49 EA 44 44 5E 80 7C 31 AE A2 5A 58 96 10 66 97 87 8F 0D 61 30 40 49 26 26 AD 3D 2F 00 00 68 0D 17 F3 64
1785249295743,16:34:56.063,00 00 00 00 00 00 00 00 18 00 42 00 00 A2 EF 34 A7 2F 00 00 EF 80 00 00 00 00 00 00 40 00 38 49 B3 49 EC 44 44 5E 80 00 31 AE A2 5A 58 94 10 3E 8E 7F 74 0D 52 29 40 2E 42 39 77 3D 2F 00 00 68 05 17 F2 64
1785249296243,16:34:56.544,00 00 00 00 00 00 00 00 18 00 42 00 00 A2 EF 34 A7 2F 00 00 EF 80 00 00 00 00 00 00 40 00 38 49 84 49 4E 44 44 5E 7F 0C 31 AE A2 5A 58 A1 12 0F 91 7A 70 0D 54 2A 40 29 42 39 76 3D 2F 00 00 68 03 17 F3 64
1785249296743,16:34:57.023,00 00 00 00 00 00 00 00 18 00 42 00 00 A2 EF 34 A7 2F 00 00 EF 80 00 00 00 00 00 00 40 00 38 4A 5B 4A 4C 44 44 5D 7F 38 31 AE A2 5A 58 A1 13 3A 9D 7C 96 00 6D 36 40 55 23 2A 00 3D 2F 00 00 68 10 17 F3 64
1785249297244,16:34:57.563,00 00 00 00 00 00 00 00 18 00 42 00 00 A2 EF 34 A7 2F 00 00 EF 80 00 00 00 00 00 00 40 00 38 4A 43 4A 19 44 44 5E 81 40 31 AE A2 5A 58 A0 15 07 AF 86 9E 00 71 38 40 64 19 20 00 3D 2F 00 00 68 15 19 F3 64
1785249297745,16:34:58.043,00 00 00 00 00 00 00 00 18 00 42 00 00 A2 EF 34 A7 2F 00 00 EF 80 00 00 00 00 00 00 40 00 38 4A ED 4A E2 44 44 5F 81 C0 31 AE A2 5A 58 A9 16 F0 C2 95 A4 00 75 3B 40 6E 19 1F 00 3D 2F 00 00 68 17 1A F3 64
1785249298247,16:34:58.517,00 00 00 00 00 00 00 00 18 00 42 00 00 A2 EF 34 A7 2F 00 00 EF 80 00 00 00 00 00 00 40 00 38 4B B3 4B 57 44 44 60 82 1C 31 AE A2 5A 58 86 17 5D C6 A0 A4 00 75 3A 40 70 19 1E A2 3D 2F 00 00 68 17 1A F3 64
1785249298748,16:34:59.035,00 00 00 00 00 00 00 00 18 00 42 00 00 A2 EF 34 A7 2F 00 00 EF 80 00 00 00 00 00 00 40 00 38 4C 64 4C 48 44 44 61 82 00 31 AE A2 5A 58 AC 14 80 B9 9F A3 00 74 3A 40 6E 1A 1B A3 3D 2F 00 00 68 17 1A F3 64
1785249299248,16:34:59.557,00 00 00 00 00 00 00 00 18 00 42 00 00 A2 EF 34 A7 2F 00 00 EF 80 00 00 00 00 00 00 40 00 38 4D 4C 4D 59 44 44 62 81 88 31 AE A2 5A 58 8C 13 2D B6 9B A3 00 75 3A 40 6E 1A 19 A1 3D 2F 00 00 68 17 1A F3 64
1785249299748,16:35:00.060,00 00 00 00 00 00 00 00 18 00 42 00 00 A2 EF 34 A7 2F 00 00 EF 80 00 00 00 00 00 00 40 00 38 4D EA 4D C6 44 44 63 81 BC 30 AE A2 5A 58 8F 12 9F B9 98 A3 00 75 3A 40 6F 1A 18 A0 3E 2F 00 00 68 16 1A F3 64
1785249300249,16:35:00.552,00 00 00 00 00 00 00 00 18 00 42 00 00 A2 EF 34 A7 2F 00 00 EF 80 00 00 00 00 00 00 40 00 38 4E 55 4E 4B 44 44 64 81 C4 30 AE A2 5A 58 8F 12 75 BA 96 9E 00 6B 35 40 60 1A 1C AA 3E 30 00 00 68 12 19 F3 64
1785249300750,16:35:01.024,00 00 00 00 00 00 00 00 18 00 42 00 00 A2 EF 34 A7 2F 00 00 EF 80 00 00 00 00 00 00 40 00 38 4E 8B 4E 7A 44 44 64 81 40 30 AE A2 5A 58 A3 11 9B A3 8E 8C 0D 61 30 40 47 31 2C 9E 3E 30 00 00 68 0B 18 F3 64
1785249301252,16:35:01.534,00 00 00 00 00 00 00 00 18 00 42 00 00 A2 EF 34 A7 2F 00 00 EF 80 00 00 00 00 00 00 40 00 38 4E 70 4E 84 44 44 64 80 00 30 AE A2 5A 58 A3 11 C2 97 85 88 0D 60 30 40 44 3B 33 95 3E 30 00 00 68 0A 18 F3 64
1785249301753,16:35:02.032,00 00 00 00 00 00 00 00 18 00 42 00 00 A2 EF 34 A7 2F 00 00 EF 80 00 00 00 00 00 00 40 00 38 4E 3A 4E 52 44 44 64 7F D4 30 AE A2 5C 58 AA 12 CD 98 82 87 0D 5E 2F 40 40 43 3B 7F 3E 30 00 00 68 09 18 F3 64
1785249302255,16:35:02.536,00 00 00 00 00 00 00 00 18 00 42 00 00 A2 EF 34 A7 2F 00 00 EF 80 00 00 00 00 00 00 40 00 38 4E 3A 4E 44 44 44 63 7F 48 30 AE A2 5C 58 AB 14 49 A6 83 8F 0D 67 33 40 4D 34 34 91 3E 30 00 00 68 0C 18 F3 64
1785249302758,16:35:03.036,00 00 00 00 00 00 00 00 18 00 42 00 00 A2 EF 34 A7 2F 00 00 EF 80 00 00 00 00 00 00 40 00 38 4E 20 4E 5F 44 44 63 7F A4 30 AE A2 5C 58 95 13 85 A5 86 92 0D 65 32 40 50 29 2B 9B 3E 30 00 00 68 0D 18 F3 64
1785249303261,16:35:03.541,00 00 00 00 00 00 00 00 18 00 42 00 00 A2 EF 34 A7 2F 00 00 EF 80 00 00 00 00 00 00 40 00 38 4E 20 4E 0C 44 44 63 80 2C 30 AE A2 5C 58 95 13 26 A2 86 8E 0D 65 32 40 4C 30 2F 94 3F 30 00 00 68 0C 18 F3 64
1785249303763,16:35:04.062,00 00 00 00 00 00 00 00 18 00 42 00 00 A2 EF 34 A7 2F 00 00 EF 80 00 00 00 00 00 00 40 00 38 4E 05 4E 21 44 44 63 80 00 30 AE A1 5C 58 8E 12 C0 A9 87 97 00 6A 35 40 57 1E 24 A9 3F 30 00 00 68 0F 18 F3 64
1785249304265,16:35:04.564,00 00 00 00 00 00 00 00 18 00 42 00 00 A2 EF 34 A7 2F 00 00 EF 80 00 00 00 00 00 00 40 00 38 4E 3A 4E 2D 44 44 64 80 5C 30 AE A1 5C 58 98 11 4B 9F 87 98 00 6A 35 40 58 1E 21 AA 3E 30 00 00 68 0F 18 F3 64
1785249304766,16:35:05.044,00 00 00 00 00 00 00 00 18 00 42 00 00 A2 EF 34 A7 2F 00 00 EF 80 00 00 00 00 00 00 40 00 38 4E 20 4E 12 44 44 64 80 00 30 AE A1 5C 58 92 10 AC 9C 85 9A 00 6C 36 40 5C 1C 1D AB 3F 30 00 00 68 11 19 F3 64
1785249305267,16:35:05.545,00 00 00 00 00 00 00 00 18 00 42 00 00 A2 EF 34 A7 2F 00 00 EF 80 00 00 00 00 00 00 40 00 38 4E 55 4E 67 44 44 64 7F D0 30 AE A1 5C 58 9C 10 59 9C 85 9A 00 6C 36 40 5C 1C 1D AC 3F 30 00 00 68 10 19 F3 64
1785249305768,16:35:06.057,00 00 00 00 00 00 00 00 18 00 42 00 00 A2 EF 34 A7 2F 00 00 EF 80 00 00 00 00 00 00 40 00 38 4E 20 4E 0F 44 44 64 80 58 30 AE A1 5C 58 A1 10 40 9E 84 95 0D 65 32 40 53 1F 1F AC 3E 30 00 00 68 0E 18 F3 64
1785249306269,16:35:06.568,00 00 00 00 00 00 00 00 18 00 42 00 00 A2 EF 34 A7 2F 00 00 EF 80 00 00 00 00 00 00 40 00 38 4E 20 4D DD 44 44 63 7F D4 30 AE A1 5C 58 8D 10 FA 99 82 8E 0D 65 32 40 4C 30 29 96 3F 30 00 00 68 0C 18 F3 64
1785249306771,16:35:07.046,00 00 00 00 00 00 00 00 18 00 42 00 00 A2 EF 34 A7 2F 00 00 EF 80 00 00 00 00 00 00 40 00 38 4D D0 4D EF 44 44 63 7F 78 30 AE A1 5C 58 A8 12 10 A3 83 8F 0D 65 32 40 4D 2D 2A 95 3E 30 00 00 68 0C 18 F3 64
1785249307272,16:35:07.572,00 00 00 00 00 00 00 00 18 00 42 00 00 A2 EF 34 A7 2F 00 00 EF 80 00 00 00 00 00 00 40 00 38 4D 9B 4D 6A 44 44 63 7F 48 30 AE A1 5C 58 99 12 10 9E 85 98 00 6A 35 40 59 1D 22 A9 3F 30 00 00 68 10 18 F3 64
1785249307774,16:35:08.049,00 00 00 00 00 00 00 00 18 00 42 00 00 A2 EF 34 A7 2F 00 00 EF 80 00 00 00 00 00 00 40 00 38 4D 9B 4D 7A 44 44 63 7F D4 30 AE A1 5C 58 A0 11 00 9A 85 93 0D 67 33 40 52 23 23 A5 3E 30 00 00 68 0E 18 F3 64
1785249308275,16:35:08.576,00 00 00 00 00 00 00 00 18 00 42 00 00 A2 EF 34 A7 2F 00 00 EF 80 00 00 00 00 00 00 40 00 38 4D 81 4D AA 44 44 63 7F 7C 30 AE A1 5C 58 8B 11 06 A0 84 93 0D 67 33 40 51 26 25 9F 3E 30 00 00 68 0E 18 F3 64
1785249308777,16:35:09.075,00 00 00 00 00 00 00 00 18 00 42 00 00 A2 EF 34 A7 2F 00 00 EF 80 00 00 00 00 00 00 40 00 38 4D 4C 4D 2D 44 44 62 7F 7C 30 AE A1 5C 58 A0 10 C7 A4 84 95 0D 68 34 40 54 21 22 A7 3E 30 00 00 68 0F 18 F3 64
1785249309279,16:35:09.561,00 00 00 00 00 00 00 00 18 00 42 00 00 A2 EF 34 A7 2F 00 00 EF 80 00 00 00 00 00 00 40 00 38 4D 18 4D 15 44 44 62 80 00 30 AE A1 5C 58 89 10 3F 9B 83 98 00 6A 35 40 59 1C 1E AC 3E 30 00 00 68 10 18 F3 64
1785249309781,16:35:10.080,00 00 00 00 00 00 00 00 18 00 42 00 00 A2 EF 34 A7 2F 00 00 EF 80 00 00 00 00 00 00 40 00 38 4C E5 4C E0 44 44 62 7F D4 30 AE A1 5C 58 89 10 01 A3 83 99 00 6B 35 40 5A 1B 1D AD 3E 30 00 00 68 10 18 F3 64
1785249310282,16:35:10.577,00 00 00 00 00 00 00 00 18 00 42 00 00 A2 EF 34 A7 2F 00 00 EF 80 00 00 00 00 00 00 40 00 38 4C FE 4C DB 44 44 62 7F D4 30 AE A1 5C 58 83 0F E5 9A 83 98 00 6B 35 40 59 1C 1D AE 3E 30 00 00 68 10 18 F3 64
1785249310783,16:35:11.082,00 00 00 00 00 00 00 00 18 00 42 00 00 A2 EF 34 A7 2F 00 00 EF 80 00 00 00 00 00 00 40 00 38 4C E5 4C B1 44 44 62 7F A8 30 AE A1 5C 58 8D 0F B8 A1 83 9C 00 6F 37 40 61 19 1A AA 3E 2F 00 00 68 12 19 F3 64
1785249311284,16:35:11.581,00 00 00 00 00 00 00 00 18 00 42 00 00 A2 EF 34 A7 2F 00 00 EF 80 00 00 00 00 00 00 40 00 38 4C E5 4C DB 44 44 62 7F D4 30 AE A1 5C 58 82 0F F6 9D 84 9D 00 6F 37 40 62 19 19 A8 3D 2F 00 00 68 13 19 F3 64
1785249311787,16:35:12.067,00 00 00 00 00 00 00 00 18 00 42 00 00 A2 EF 34 A7 2F 00 00 EF 80 00 00 00 00 00 00 40 00 38 4C E5 4C B1 44 44 62 80 2C 30 AE A1 5C 58 7E 10 41 A9 86 9E 00 70 38 40 64 1A 19 A6 3D 2F 00 00 68 13 19 F3 64
1785249312287,16:35:12.568,00 00 00 00 00 00 00 00 18 00 42 00 00 A2 EF 34 A7 2F 00 00 EF 80 00 00 00 00 00 00 40 00 38 4D 18 4C FD 44 44 62 80 2C 30 AE A1 5C 58 A3 10 89 A2 88 9F 00 71 38 40 66 1A 19 A3 3D 2F 00 00 68 14 19 F3 64
1785249312788,16:35:13.084,00 00 00 00 00 00 00 00 18 00 42 00 00 A2 EF 34 A7 2F 00 00 EF 80 00 00 00 00 00 00 40 00 38 4D 18 4C ED 44 44 62 80 2C 30 AE A1 5C 58 91 10 E6 A5 8A A0 00 71 38 40 67 1A 19 A1 3D 2F 00 00 68 14 19 F3 64
1785249313289,16:35:13.588,00 00 00 00 00 00 00 00 18 00 42 00 00 A2 EF 34 A7 2F 00 00 EF 80 00 00 00 00 00 00 40 00 38 4D 4C 4D 62 44 44 62 80 30 30 AE A1 5C 58 8A 11 4D A7 8C A2 00 75 3A 40 6D 1A 18 9D 3D 2F 00 00 68 16 1A F3 64
1785249313791,16:35:14.093,00 00 00 00 00 00 00 00 18 00 42 00 00 A2 EF 34 A7 2F 00 00 EF 80 00 00 00 00 00 00 40 00 38 4D 67 4D AC 44 44 62 80 58 30 AE A1 5C 58 AA 12 1C AF 91 A2 00 73 39 40 6B 1A 19 9B 3D 2F 00 00 68 15 1A F3 64
1785249314292,16:35:14.595,00 00 00 00 00 00 00 00 18 00 42 00 00 A2 EF 34 A7 2F 00 00 EF 80 00 00 00 00 00 00 40 00 38 4D B5 4D 72 44 44 63 80 84 30 AE A1 5C 58 A1 12 A7 B6 93 A2 00 73 39 40 6C 1A 19 9A 3D 2F 00 00 68 15 1A F3 64
1785249314793,16:35:15.096,00 00 00 00 00 00 00 00 18 00 42 00 00 A2 EF 34 A7 2F 00 00 EF 80 00 00 00 00 00 00 40 00 38 4D 9B 4D 99 44 44 63 80 88 30 AE A1 5C 58 AA 12 E1 B2 94 A0 00 71 38 40 68 1A 1B 9E 3D 2F 00 00 68 14 1A F3 64
1785249315294,16:35:15.573,00 00 00 00 00 00 00 00 18 00 42 00 00 A2 EF 34 A7 2F 00 00 EF 80 00 00 00 00 00 00 40 00 39 4E 05 4E 44 44 44 63 80 30 30 AE A1 5C 58 88 12 54 AB 91 A1 00 72 39 40 69 1A 1A 9E 3D 2F 00 00 68 14 1A F3 64
1785249315795,16:35:16.094,00 00 00 00 00 00 00 00 18 00 42 00 00 A2 EF 34 A7 2F 00 00 EF 80 00 00 00 00 00 00 40 00 39 4E 05 4E 1C 44 44 63 80 30 30 AE A1 5C 58 A6 12 58 AE 91 A1 00 72 39 40 6A 1A 19 9C 3C 2E 00 00 68 15 1A F3 64
1785249316298,16:35:16.569,00 00 00 00 00 00 00 00 18 00 42 00 00 A2 EF 34 A7 2F 00 00 EF 80 00 00 00 00 00 00 40 00 39 4E 05 4D FE 44 44 63 80 88 30 AE A1 5C 58 89 12 70 AC 91 A1 00 72 39 40 69 1A 1A 9D 3C 2E 00 00 68 14 1A F3 64
1785249316799,16:35:17.074,00 00 00 00 00 00 00 00 18 00 42 00 00 A2 EF 34 A7 2F 00 00 EF 80 00 00 00 00 00 00 40 00 39 4E 3A 4E 37 44 44 64 80 5C 30 AE A1 5C 58 8E 12 7C B4 91 A1 00 72 39 40 6A 1A 1A 9D 3D 2E 00 00 68 15 1A F3 64
1785249317303,16:35:17.589,00 00 00 00 00 00 00 00 18 00 42 00 00 A2 EF 34 A7 2F 00 00 EF 80 00 00 00 00 00 00 40 00 39 4E 3A 4E 6E 44 44 64 80 2C 30 AE A2 5C 58 8F 12 8A B6 91 A2 00 72 39 40 6B 1B 1A 9B 3C 2E 00 00 68 15 1A F3 64
1785249317804,16:35:18.097,00 00 00 00 00 00 00 00 18 00 42 00 00 A2 EF 34 A7 2F 00 00 EF 80 00 00 00 00 00 00 40 00 39 4E 8B 4E 7A 44 44 64 80 2C 30 AE A1 5C 58 A9 12 A8 AC 92 A2 00 73 39 40 6B 1B 1A 9B 3C 2E 00 00 68 15 1A F3 64
1785249318313,16:35:18.612,00 00 00 00 00 00 00 00 18 00 42 00 00 A2 EF 34 A7 2F 00 00 EF 80 00 00 00 00 00 00 40 00 38 4E A6 4E A9 44 44 64 80 8C 30 AE A2 5C 58 A5 12 AA AE 92 A1 00 72 39 40 69 1B 1A 9D 3C 2E 00 00 68 14 1A F3 64
1785249318814,16:35:19.108,00 00 00 00 00 00 00 00 18 00 42 00 00 A2 EF 34 A7 2F 00 00 EF 80 00 00 00 00 00 00 40 00 38 4E C1 4E A9 44 44 64 80 5C 30 AE A2 5C 58 A3 12 74 B4 91 9D 00 6C 36 40 60 1A 1D A5 3D 2E 00 00 68 11 19 F3 64
1785249319319,16:35:19.616,00 00 00 00 00 00 00 00 18 00 42 00 00 A2 EF 34 A7 2F 00 00 EF 80 00 00 00 00 00 00 40 00 38 4E 8B 4E 9C 44 44 64 80 30 30 AE A2 5C 58 81 11 7C A0 8D 92 0D 65 32 40 50 25 25 A2 3D 2F 00 00 68 0D 18 F3 64
1785249319819,16:35:20.107,00 00 00 00 00 00 00 00 18 00 42 00 00 A2 EF 34 A7 2F 00 00 EF 80 00 00 00 00 00 00 40 00 38 4E 3A 4E 11 44 44 64 7F 74 30 AE A2 5C 58 A7 11 E3 9F 87 90 0D 65 32 40 4E 2D 29 97 3D 2F 00 00 68 0D 18 F3 64
1785249320320,16:35:20.594,00 00 00 00 00 00 00 00 18 00 42 00 00 A2 EF 34 A7 2F 00 00 EF 80 00 00 00 00 00 00 40 00 38 4D EA 4E 03 44 44 63 7F 18 30 AE A2 5C 58 9B 12 5E 9E 85 8F 0D 63 32 40 4C 2E 2B 94 3D 2F 00 00 68 0C 18 F3 64
1785249320821,16:35:21.115,00 00 00 00 00 00 00 00 18 00 42 00 00 A2 EF 34 A7 2F 00 00 EF 80 00 00 00 00 00 00 40 00 38 4D B5 4D 84 44 44 63 7F 1C 30 AE A2 5C 58 A0 12 F4 A2 85 8C 0D 62 31 40 47 34 32 90 3D 2F 00 00 68 0B 18 F3 64
1785249321324,16:35:21.638,00 00 00 00 00 00 00 00 18 00 42 00 00 A2 EF 34 A7 2F 00 00 EF 80 00 00 00 00 00 00 40 00 38 4D 81 4D 53 44 44 63 7F 4C 30 AE A2 5C 58 9F 13 3E 9C 84 8C 0D 62 31 40 48 33 32 90 3D 2F 00 00 68 0B 18 F3 64
1785249321825,16:35:22.120,00 00 00 00 00 00 00 00 18 00 42 00 00 A2 EF 34 A7 2F 00 00 EF 80 00 00 00 00 00 00 40 00 38 4D 18 4D 0F 44 44 62 7F A8 30 AE A2 5C 58 A8 13 6A A0 85 8B 0D 62 31 40 47 34 34 8F 3D 2F 00 00 68 0B 18 F3 64
1785249322327,16:35:22.621,00 00 00 00 00 00 00 00 18 00 42 00 00 A2 EF 34 A7 2F 00 00 EF 80 00 00 00 00 00 00 40 00 39 4C CB 4C B6 44 44 62 7F 50 30 AE A2 5C 58 A8 13 67 A0 85 8E 0D 63 31 40 4A 2F 30 92 3D 2F 00 00 68 0C 18 F3 64
1785249322831,16:35:23.105,00 00 00 00 00 00 00 00 18 00 42 00 00 A2 EF 34 A7 2F 00 00 EF 80 00 00 00 00 00 00 40 00 39 4C B1 4C B9 44 44 62 7F 20 30 AE A2 5C 58 97 13 5A A3 85 8C 0D 62 31 40 47 33 33 90 3D 2F 00 00 68 0B 18 F3 64
1785249323332,16:35:23.653,00 00 00 00 00 00 00 00 18 00 42 00 00 A2 EF 34 A7 2F 00 00 EF 80 00 00 00 00 00 00 40 00 38 4C B1 4C 7B 44 44 62 7F 7C 30 AE A2 5C 58 A7 13 40 9C 85 8D 0D 62 31 40 49 2F 30 92 3D 2F 00 00 68 0C 17 F3 64
1785249323833,16:35:24.120,00 00 00 00 00 00 00 00 18 00 42 00 00 A2 EF 34 A7 2F 00 00 EF 80 00 00 00 00 00 00 40 00 38 4C 7E 4C 6B 44 44 61 7F 7C 30 AE A2 5C 58 93 13 28 9B 84 8B 0D 61 30 40 46 33 33 91 3D 2F 00 00 68 0B 17 F3 64
1785249324333,16:35:24.620,00 00 00 00 00 00 00 00 18 00 42 00 00 A2 EF 34 A7 2F 00 00 EF 80 00 00 00 00 00 00 40 00 38 4C 31 4C 44 44 44 61 7F D4 30 AE A2 5A 58 A8 13 2A A0 84 88 0D 5E 2F 40 41 37 38 90 3D 2F 00 00 68 0A 17 F3 64
1785249324834,16:35:25.114,00 00 00 00 00 00 00 00 18 00 42 00 00 A2 EF 34 A7 2F 00 00 EF 80 00 00 00 00 00 00 40 00 38 4C 18 4B E6 44 44 61 7F 50 30 AE A2 5A 58 A7 13 8C 9A 82 86 0D 5D 2E 40 3E 3E 3F 80 3D 2F 00 00 68 09 17 F3 64
1785249325335,16:35:25.629,00 00 00 00 00 00 00 00 18 00 42 00 00 A2 EF 34 A7 2F 00 00 EF 80 00 00 00 00 00 00 40 00 38 4B E6 4B EC 44 44 61 7F 28 30 AE A2 5A 58 99 14 51 9B 82 85 0D 5D 2E 40 3E 41 44 7A 3D 2F 00 00 68 09 17 F3 64
1785249325836,16:35:26.151,00 00 00 00 00 00 00 00 18 00 42 00 00 A2 EF 34 A7 2F 00 00 EF 80 00 00 00 00 00 00 40 00 38 4B CC 4B BE 44 44 61 7F AC 30 AE A2 5A 58 AB 14 99 9B 83 86 0D 5E 2F 40 40 3C 41 89 3D 2F 00 00 68 0A 17 F3 64
1785249326337,16:35:26.635,00 00 00 00 00 00 00 00 18 00 42 00 00 A2 EF 34 A7 2F 00 00 EF 80 00 00 00 00 00 00 40 00 38 4B E6 4C 30 44 44 61 7F A8 30 AE A2 5A 58 9A 13 E2 9B 83 8B 0D 62 31 40 46 34 37 98 3D 2F 00 00 68 0B 17 F3 64
1785249326839,16:35:27.139,00 00 00 00 00 00 00 00 18 00 42 00 00 A2 EF 34 A7 2F 00 00 EF 80 00 00 00 00 00 00 40 00 38 4B FF 4B E6 44 44 60 7F D4 30 AE A2 5A 58 A5 12 D6 9A 83 8B 0D 60 30 40 45 32 33 99 3D 2F 00 00 68 0B 17 F3 64
1785249327340,16:35:27.648,00 00 00 00 00 00 00 00 18 00 42 00 00 A2 EF 34 A7 2F 00 00 EF 80 00 00 00 00 00 00 40 00 38 4B E6 4C 3B 44 44 61 80 54 30 AE A2 5A 58 9F 12 49 98 82 8A 0D 61 30 40 44 35 34 98 3D 2F 00 00 68 0B 17 F3 64
1785249327841,16:35:28.123,00 00 00 00 00 00 00 00 18 00 42 00 00 A2 EF 34 A7 2F 00 00 EF 80 00 00 00 00 00 00 40 00 38 4C 31 4B F5 44 44 61 80 54 30 AE A2 5A 58 97 12 21 9F 81 8D 0D 63 31 40 48 30 2E 99 3D 2F 00 00 68 0C 17 F3 64
1785249328342,16:35:28.628,00 00 00 00 00 00 00 00 18 00 42 00 00 A2 EF 34 A7 2F 00 00 EF 80 00 00 00 00 00 00 40 00 38 4C 31 4C 18 44 44 61 80 58 30 AE A2 5A 58 A0 12 14 9B 82 8E 0D 63 31 40 4B 2D 2C 9A 3D 2F 00 00 68 0C 17 F3 64
1785249328843,16:35:29.125,00 00 00 00 00 00 00 00 18 00 42 00 00 A2 EF 34 A7 2F 00 00 EF 80 00 00 00 00 00 00 40 00 38 4C 64 4C 41 44 44 61 80 80 30 AE A2 5A 58 9F 12 26 9A 82 8D 0D 62 31 40 48 30 2E 98 3D 2F 00 00 68 0C 17 F3 64
1785249329344,16:35:29.649,00 00 00 00 00 00 00 00 18 00 42 00 00 A2 EF 34 A7 2F 00 00 EF 80 00 00 00 00 00 00 40 00 38 4C 7E 4C A3 44 44 61 80 58 30 AE A2 5A 58 8D 12 4D 99 82 8C 0D 61 30 40 46 33 30 96 3D 2F 00 00 68 0B 17 F3 64
1785249329846,16:35:30.125,00 00 00 00 00 00 00 00 18 00 42 00 00 A2 EF 34 A7 2F 00 00 EF 80 00 00 00 00 00 00 40 00 38 4C FE 4D 0D 44 44 62 80 58 30 AE A2 5A 58 8C 12 89 9B 82 8B 0D 61 30 40 46 34 32 94 3D 2F 00 00 68 0B 18 F3 64
1785249330347,16:35:30.622,00 00 00 00 00 00 00 00 18 00 42 00 00 A2 EF 34 A7 2F 00 00 EF 80 00 00 00 00 00 00 40 00 38 4C FE 4C E0 44 44 62 80 58 30 AE A2 5A 58 9C 12 E6 98 82 8B 0D 61 30 40 46 34 33 93 3D 2F 00 00 68 0B 18 F3 64
1785249330848,16:35:31.148,00 00 00 00 00 00 00 00 18 00 42 00 00 A2 EF 34 A7 2F 00 00 EF 80 00 00 00 00 00 00 40 00 38 4D 67 4D 68 44 44 62 80 2C 30 AE A2 5A 58 A1 13 1C A1 83 8C 0D 62 31 40 48 33 32 93 3D 2F 00 00 68 0B 18 F3 64
1785249331350,16:35:31.639,00 00 00 00 00 00 00 00 18 00 42 00 00 A2 EF 34 A7 2F 00 00 EF 80 00 00 00 00 00 00 40 00 38 4D B5 4D DD 44 44 63 80 E0 30 AE A2 5A 58 A5 13 3E 9D 83 8C 0D 62 31 40 47 34 32 92 3D 2F 00 00 68 0B 18 F3 64
1785249331851,16:35:32.149,00 00 00 00 00 00 00 00 18 00 42 00 00 A2 EF 34 A7 2F 00 00 EF 80 00 00 00 00 00 00 40 00 38 4E 05 4E 1E 44 44 63 81 0C 30 AE A3 5A 58 A5 13 81 9F 83 8C 0D 62 31 40 47 35 33 91 3D 2F 00 00 68 0B 18 F3 64
1785249332352,16:35:32.640,00 00 00 00 00 00 00 00 18 00 42 00 00 A2 EF 34 A7 2F 00 00 EF 80 00 00 00 00 00 00 40 00 38 4E 55 4E 4B 44 44 63 81 10 30 AE A3 5A 58 90 13 B7 9D 84 8B 0D 61 30 40 46 37 35 8F 3D 2F 00 00 68 0B 18 F3 64
1785249332855,16:35:33.152,00 00 00 00 00 00 00 00 18 00 42 00 00 A2 EF 34 A7 2F 00 00 EF 80 00 00 00 00 00 00 40 00 38 4E C1 4E A9 44 44 64 80 E4 30 AE A3 5A 58 99 13 FB A1 84 8B 0D 61 31 40 46 38 36 8E 3D 2F 00 00 68 0B 18 F3 64
1785249333356,16:35:33.654,00 00 00 00 00 00 00 00 18 00 42 00 00 A2 EF 34 A7 2F 00 00 EF 80 00 00 00 00 00 00 40 00 39 4E C1 4E B7 44 44 64 80 E4 30 AE A3 5A 58 98 14 36 9A 84 87 0D 5C 2E 40 3F 43 3E 7D 3D 2F 00 00 68 09 18 F3 64
1785249333858,16:35:34.158,00 00 00 00 00 00 00 00 18 00 42 00 00 A2 EF 34 A7 2F 00 00 EF 80 00 00 00 00 00 00 40 00 39 4F 12 4F 27 44 44 65 80 8C 30 AE A3 5A 58 AC 15 5D 9C 83 81 0D 5C 2E 40 3B 53 4D 67 3D 2F 00 00 68 07 18 F3 64
1785249334359,16:35:34.658,00 00 00 00 00 00 00 00 18 00 42 00 00 A2 EF 34 A7 2F 00 00 EF 80 00 00 00 00 00 00 40 00 39 4F 49 4F 82 44 44 65 80 8C 30 AE A3 5A 58 A5 15 C7 99 82 80 0D 5B 2D 40 3A 53 4D 67 3D 2F 00 00 68 07 18 F3 64
1785249334861,16:35:35.159,00 00 00 00 00 00 00 00 18 00 42 00 00 A2 EF 34 A7 2F 00 00 EF 80 00 00 00 00 00 00 40 00 39 4F 65 4F 44 44 44 65 80 30 30 AE A3 5A 58 A9 16 04 99 82 80 0D 5C 2E 40 3B 53 4D 67 3D 2F 00 00 68 07 18 F3 64
1785249335361,16:35:35.664,00 00 00 00 00 00 00 00 18 00 42 00 00 A2 EF 34 A7 2F 00 00 EF 80 00 00 00 00 00 00 40 00 38 4F 80 4F 54 44 44 65 80 30 30 AE A3 5A 58 AA 16 29 98 82 7F 0D 5B 2D 40 3A 53 4D 67 3D 2F 00 00 68 07 18 F3 64
1785249335862,16:35:36.146,00 00 00 00 00 00 00 00 18 00 42 00 00 A2 EF 34 A7 2F 00 00 EF 80 00 00 00 00 00 00 40 00 38 4F 65 4F 66 44 44 65 80 30 30 AE A3 5A 58 A9 16 37 A0 82 7E 0D 5A 2D 40 38 53 4D 67 3D 2F 00 00 68 06 18 F3 64
1785249336363,16:35:36.670,00 00 00 00 00 00 00 00 18 00 42 00 00 A2 EF 34 A7 2F 00 00 EF 80 00 00 00 00 00 00 40 00 38 4F 9C 4F AF 44 44 65 80 60 30 AE A3 5A 58 9C 16 18 A0 81 7A 0D 59 2C 40 36 53 4D 67 3D 2F 00 00 68 06 18 F3 64
1785249336865,16:35:37.146,00 00 00 00 00 00 00 00 18 00 42 00 00 A2 EF 34 A7 2F 00 00 EF 80 00 00 00 00 00 00 40 00 38 4F B8 4F 7F 44 44 65 80 00 30 AE A3 5A 58 AA 16 08 97 80 7B 0D 5A 2D 40 37 53 4D 67 3D 2F 00 00 69 06 18 F3 64
1785249337366,16:35:37.669,00 00 00 00 00 00 00 00 18 00 42 00 00 A2 EF 34 A7 2F 00 00 EF 80 00 00 00 00 00 00 40 00 39 4F 9C 4F 8B 44 44 65 80 2C 30 AE A3 5A 58 A4 15 F4 98 80 7D 0D 5A 2D 40 38 53 4D 67 3D 2F 00 00 68 06 18 F3 64
1785249337866,16:35:38.165,00 00 00 00 00 00 00 00 18 00 42 00 00 A2 EF 34 A7 2F 00 00 EF 80 00 00 00 00 00 00 40 00 39 4F D3 4F C6 44 44 65 80 2C 30 AE A3 5A 58 A0 16 10 97 80 7E 0D 5B 2D 40 39 53 4D 67 3D 2F 00 00 68 07 18 F3 64
1785249338368,16:35:38.663,00 00 00 00 00 00 00 00 18 00 42 00 00 A2 EF 34 A7 2F 00 00 EF 80 00 00 00 00 00 00 40 00 38 4F 9C 4F C6 44 44 65 80 30 30 AE A3 5A 58 A9 16 2F 9B 81 87 0D 60 30 40 41 4B 4A 7D 3D 2F 00 00 68 09 18 F3 64
1785249338868,16:35:39.168,00 00 00 00 00 00 00 00 18 00 42 00 00 A2 EF 34 A7 2F 00 00 EF 80 00 00 00 00 00 00 40 00 38 4F EF 4F FC 44 44 66 80 00 30 AE A3 5A 58 A6 15 8A A8 84 92 0D 6C 36 40 56 2C 2F A1 3D 2F 00 00 69 0E 19 F3 64
1785249339368,16:35:39.645,00 00 00 00 00 00 00 00 18 00 42 00 00 A2 EF 34 A7 2F 00 00 EF 80 00 00 00 00 00 00 40 00 38 50 D1 50 D1 44 44 66 80 BC 30 AE A3 5A 58 A4 13 1A AF 89 A7 00 80 40 40 7A 1C 18 9F 3D 2F 00 00 68 19 1B F3 64
1785249339869,16:35:40.168,00 00 00 00 00 00 00 00 18 00 42 00 00 A2 EF 34 A7 2F 00 00 EF 90 00 00 00 00 00 00 40 00 38 51 D5 51 C3 44 44 67 81 B0 30 AE A3 5A 58 BA 17 E0 D7 98 B0 00 87 43 40 91 1C 18 00 3C 2E 00 00 68 1D 1C F3 64
1785249340371,16:35:40.669,00 00 00 00 00 00 00 00 18 00 42 00 00 A2 EF 34 A7 2F 00 00 EF 90 00 00 00 00 00 00 40 00 38 52 FE 52 F3 44 44 69 83 14 30 AE A3 5A 58 BE 1D 14 F5 B3 B3 07 88 44 40 97 1C 18 00 3C 2E 00 00 69 1E 1D F3 64
1785249340873,16:35:41.175,00 00 00 00 00 00 00 00 18 00 42 00 00 A2 EF 34 A7 2F 00 00 EF 90 00 00 00 00 00 00 40 00 38 54 4E 54 2D 44 44 6A 83 2C 30 AE A4 5A 58 AD 1D AF C1 B3 B3 99 88 44 40 97 1C 18 00 3C 2E 00 00 69 1E 1E F3 64
1785249341374,16:35:41.659,00 00 00 00 00 00 00 00 18 00 42 00 00 A2 EF 34 A7 2F 00 00 EF 90 00 00 00 00 00 00 40 00 38 55 69 55 AD 44 44 6C 83 7C 30 AE A4 5A 58 B1 1D 6B D1 AA B3 6B 88 44 40 97 1C 18 00 3C 2E 00 00 69 1E 1E F3 64
1785249341875,16:35:42.180,00 00 00 00 00 00 00 00 18 00 42 00 00 A2 EF 34 A7 2F 00 00 EF 90 00 00 00 00 00 00 40 00 38 56 EF 56 D2 44 44 6D 82 F4 31 AE A4 5A 58 B2 1F 21 DC B3 B4 78 89 44 40 98 1C 18 00 3C 2E 00 00 68 1F 1E F3 64
1785249342377,16:35:42.664,00 00 00 00 00 00 00 00 18 00 42 00 00 A2 EF 34 A7 2F 00 00 EF 90 00 00 00 00 00 00 40 00 39 58 3E 58 0B 44 44 6F 83 40 31 AE A4 5A 58 B6 1F DB E8 B6 B5 81 89 44 40 98 1C 18 00 3C 2E 00 00 69 1F 1E F3 64
1785249342879,16:35:43.170,00 00 00 00 00 00 00 00 18 00 42 00 00 A2 EF 34 A7 2F 00 00 EF 90 00 00 00 00 00 00 40 00 39 59 2F 59 03 44 44 70 83 20 31 AE A4 5A 58 BB 20 02 E0 B5 B5 7A 89 44 40 98 1C 18 00 3C 2E 00 00 69 1F 1E F3 64
1785249343379,16:35:43.681,00 00 00 00 00 00 00 00 18 00 42 00 00 A2 EF 34 A7 2F 00 00 EF 90 00 00 00 00 00 00 40 00 38 5A 24 5A 30 44 44 72 82 F8 31 AE A4 5A 58 B7 20 76 DA B4 B5 76 89 44 40 98 1C 18 00 3C 2E 00 00 69 1F 1E F4 64
1785249343879,16:35:44.180,00 00 00 00 00 00 00 00 18 00 42 00 00 A2 EF 34 A7 2F 00 00 EF 90 00 00 00 00 00 00 40 00 38 5B 44 5B 14 44 44 73 82 D0 31 AE A4 59 58 BC 20 D8 DF B7 B6 7E 89 44 40 99 1C 18 00 3C 2E 00 00 69 1F 1F F4 64
1785249344380,16:35:44.683,00 00 00 00 00 00 00 00 18 00 42 00 00 A2 EF 34 A7 2F 00 00 EF 90 00 00 00 00 00 00 40 00 38 5C 6B 5C 02 44 44 74 82 A4 31 AE A4 59 58 B8 20 FD DA B6 B6 7A 89 44 40 99 1C 18 00 3C 2E 00 00 69 1F 1F F3 64
1785249344882,16:35:45.184,00 00 00 00 00 00 00 00 18 00 42 00 00 A2 EF 34 A7 2F 00 00 EF 80 00 00 00 00 00 00 40 00 38 5D 73 5D 5E 44 44 76 82 3C 31 AE A5 59 58 B7 21 82 E6 B7 B6 79 88 44 40 98 1C 18 00 3C 2E 00 00 69 1F 1F F4 64
1785249345384,16:35:45.683,00 00 00 00 00 00 00 00 18 00 42 00 00 A2 EF 34 A7 2F 00 00 EF 80 00 00 00 00 00 00 40 00 38 5E 0D 5D DF 44 44 77 82 04 31 AE A5 59 58 B7 20 AC D3 B4 B3 79 84 42 40 90 1C 18 67 3C 2E 00 00 69 1B 1E F3 64
1785249345886,16:35:46.162,00 00 00 00 00 00 00 00 18 00 42 00 00 A2 EF 34 A7 2F 00 00 EF 80 00 00 00 00 00 00 40 00 38 5E 81 5E 6E 44 44 78 82 10 31 AE A5 59 58 BB 20 16 D8 B2 B2 77 83 41 40 8E 1C 18 7F 3C 2E 00 00 69 1A 1E F4 64
1785249346388,16:35:46.681,00 00 00 00 00 00 00 00 18 00 42 00 00 A2 EF 34 A7 2F 00 00 EF 80 00 00 00 00 00 00 40 00 39 5F 46 5F 72 44 44 79 81 90 31 AE A5 59 58 B6 1F BD D2 AD B1 64 84 42 40 8E 1C 18 7E 3C 2E 00 00 69 1A 1E F3 64
1785249346889,16:35:47.168,00 00 00 00 00 00 00 00 18 00 42 00 00 A2 EF 34 A7 2F 00 00 EF 80 00 00 00 00 00 00 40 00 39 60 0E 5F EA 44 44 7A 81 54 31 AE A5 59 58 B0 1F 8D D4 B1 AF 66 80 40 40 88 1C 18 8D 3C 2E 00 00 69 18 1E F4 64
1785249347392,16:35:47.677,00 00 00 00 00 00 00 00 18 00 42 00 00 A2 EF 34 A7 2F 00 00 EF 80 00 00 00 00 00 00 40 00 38 60 87 60 57 44 44 7B 81 9C 31 AE A5 59 58 B2 1D E5 D3 AF AE 60 80 40 40 87 1C 18 8F 3C 2E 00 00 69 18 1E F3 64
1785249347893,16:35:48.199,00 00 00 00 00 00 00 00 18 00 42 00 00 A2 EF 34 A7 2F 00 00 EF 80 00 00 00 00 00 00 40 00 38 61 2B 60 FA 44 44 7B 81 5C 31 AE A5 59 58 B3 1D 30 CF AE AE 5D 80 40 40 87 1C 18 8E 3C 2E 00 00 69 18 1E F3 64
1785249348395,16:35:48.691,00 00 00 00 00 00 00 00 18 00 42 00 00 A2 EF 34 A7 2F 00 00 EF 80 00 00 00 00 00 00 40 00 38 61 A8 61 71 44 44 7C 81 60 31 AE A5 59 58 B5 1C 4C DF AF AB 55 7D 3F 40 81 1C 18 9D 3C 2E 00 00 69 15 1E F3 64
1785249348896,16:35:49.178,00 00 00 00 00 00 00 00 18 00 42 00 00 A2 EF 34 A7 2F 00 00 EF 80 00 00 00 00 00 00 40 00 38 61 D1 61 A5 44 44 7C 80 D4 31 AE A5 59 58 B2 1A 22 CC A9 AA 48 7D 3E 40 80 1C 18 A0 3C 2E 00 00 69 15 1E F3 64
1785249349396,16:35:49.699,00 00 00 00 00 00 00 00 18 00 42 00 00 A2 EF 34 A7 2F 00 00 EF 80 00 00 00 00 00 00 40 00 39 61 FB 61 E6 44 44 7D 81 20 31 AE A5 59 58 A3 18 96 C7 A5 A7 32 7A 3D 40 7A 1C 18 A7 3C 2E 00 00 69 13 1D F4 64
1785249349898,16:35:50.201,00 00 00 00 00 00 00 00 18 00 42 00 00 A2 EF 34 A7 2F 00 00 EF 80 00 00 00 00 00 00 40 00 39 62 4F 62 32 44 44 7D 80 90 31 AE A5 59 58 A8 17 01 B3 9D A5 13 79 3C 40 78 1C 18 A8 3C 2E 00 00 69 12 1D F3 64
1785249350399,16:35:50.687,00 00 00 00 00 00 00 00 18 00 42 00 00 A2 EF 34 A7 2F 00 00 EF 80 00 00 00 00 00 00 40 00 38 62 7A 62 82 44 44 7D 80 48 31 AE A5 59 58 A0 16 45 B9 9A A0 03 75 3A 40 71 28 1F A6 3C 2E 00 00 69 10 1D F3 64
1785249350900,16:35:51.208,00 00 00 00 00 00 00 00 18 00 42 00 00 A2 EF 34 A7 2F 00 00 EF 80 00 00 00 00 00 00 40 00 38 62 CF 62 DC 44 44 7E 80 90 31 AE A5 59 58 A1 16 49 AD 96 9B 3F 72 39 40 69 30 24 9D 3C 2E 00 00 69 0E 1C F4 64
1785249351400,16:35:51.705,00 00 00 00 00 00 00 00 18 00 42 00 00 A2 EF 34 A7 2F 00 00 EF 80 00 00 00 00 00 00 40 00 39 62 CF 62 BC 44 44 7E 80 48 31 AE A5 59 58 AC 17 44 B2 94 96 34 6E 37 40 61 41 2B 90 3C 2E 00 00 69 0C 1C F4 64
1785249351902,16:35:52.186,00 00 00 00 00 00 00 00 18 00 42 00 00 A2 EF 34 A7 2F 00 00 EF 80 00 00 00 00 00 00 40 00 39 62 7A 62 9C 44 44 7E 7F B8 31 AE A5 59 58 B0 19 41 AE 94 95 2F 6D 36 40 5F 46 31 87 3C 2E 00 00 69 0C 1C F4 64
1785249352402,16:35:52.705,00 00 00 00 00 00 00 00 18 00 42 00 00 A2 EF 34 A7 2F 00 00 EF 80 00 00 00 00 00 00 40 00 38 62 7A 62 6C 44 44 7D 80 00 31 AE A5 59 58 B4 1B 7D B1 93 90 1F 69 34 40 57 61 3F 00 3C 2E 00 00 69 0A 1C F3 64
1785249352903,16:35:53.205,00 00 00 00 00 00 00 00 18 00 42 00 00 A2 EF 34 A7 2F 00 00 EF 80 00 00 00 00 00 00 40 00 38 62 4F 62 3D 44 44 7D 7F B8 31 AE A5 59 58 B1 1C DF B6 95 8E 18 68 34 40 54 68 48 00 3C 2E 00 00 69 09 1C F3 64
1785249353405,16:35:53.686,00 00 00 00 00 00 00 00 18 00 42 00 00 A2 EF 34 A7 2F 00 00 EF 80 00 00 00 00 00 00 40 00 38 61 D1 61 DE 44 44 7D 7F 28 31 AE A5 59 58 B3 1D 33 B4 94 8C 13 65 33 40 51 6C 4F 00 3C 2E 00 00 69 08 1C F4 64
1785249353906,16:35:54.213,00 00 00 00 00 00 00 00 18 00 42 00 00 A2 EF 34 A7 2F 00 00 EF 80 00 00 00 00 00 00 40 00 38 61 D1 61 BF 44 44 7D 7F 70 31 AE A5 59 58 B0 1D 06 AA 92 88 0D 63 31 40 4A 72 56 67 3C 2E 00 00 69 07 1C F4 64
1785249354407,16:35:54.706,00 00 00 00 00 00 00 00 18 00 42 00 00 A2 EF 34 A7 2F 00 00 EF 80 00 00 00 00 00 00 40 00 38 61 7E 61 93 44 44 7C 7F B8 31 AE A5 59 58 AF 1C BE A7 8F 87 0D 63 31 40 49 72 56 67 3C 2E 00 00 69 07 1C F4 64
1785249354908,16:35:55.202,00 00 00 00 00 00 00 00 18 00 42 00 00 A2 EF 34 A7 2F 00 00 EF 80 00 00 00 00 00 00 40 00 38 61 7E 61 74 44 44 7C 80 00 31 AE A5 59 58 B3 1C 84 A7 8E 87 0D 62 31 40 49 72 56 67 3C 2E 00 00 69 07 1C F4 64
1785249355410,16:35:55.696,00 00 00 00 00 00 00 00 18 00 42 00 00 A2 EF 34 A7 2F 00 00 EF 80 00 00 00 00 00 00 40 00 39 61 54 61 3B 44 44 7C 7F B8 31 AE A5 59 58 B4 1C 4B A8 8D 80 0D 5D 2E 40 3F 72 56 67 3C 2E 00 00 69 05 1C F4 64
1785249355912,16:35:56.220,00 00 00 00 00 00 00 00 18 00 42 00 00 A2 EF 34 A7 2F 00 00 EF 80 00 00 00 00 00 00 40 00 39 61 2B 61 17 44 44 7C 7F 70 30 AE A5 59 58 B3 1B D2 A8 8A 7F 0D 5D 2E 40 3D 72 56 67 3C 2E 00 00 69 04 1C F4 64
1785249356412,16:35:56.713,00 00 00 00 00 00 00 00 18 00 42 00 00 A2 EF 34 A7 2F 00 00 EF 80 00 00 00 00 00 00 40 00 39 60 D9 60 DE 44 44 7B 7F 2C 30 AE A5 59 58 AC 1B 72 9F 87 80 0D 5D 2E 40 3E 72 56 67 3C 2E 00 00 69 04 1C F4 64
1785249356913,16:35:57.214,00 00 00 00 00 00 00 00 18 00 42 00 00 A2 EF 34 A7 2F 00 00 EF 80 00 00 00 00 00 00 40 00 39 60 87 60 70 44 44 7B 7F 74 30 AE A5 59 58 B2 1B 49 A9 88 81 0D 5E 2F 40 40 72 56 67 3C 2E 00 00 69 05 1C F4 64
1785249357415,16:35:57.713,00 00 00 00 00 00 00 00 18 00 42 00 00 A2 EF 34 A7 2F 00 00 EF 80 00 00 00 00 00 00 40 00 38 60 36 60 18 44 44 7B 7F 74 30 AE A5 59 58 B0 1B 55 A0 88 82 0D 5E 2F 40 40 72 56 67 3C 2E 00 00 69 05 1C F4 64
1785249357916,16:35:58.202,00 00 00 00 00 00 00 00 18 00 42 00 00 A2 EF 34 A7 2F 00 00 EF 80 00 00 00 00 00 00 40 00 38 60 0E 5F D9 44 44 7A 7F 30 30 AE A5 59 58 AC 1B 3E 9E 87 82 0D 5F 2F 40 41 72 56 67 3C 2E 00 00 69 05 1C F4 64
1785249358418,16:35:58.695,00 00 00 00 00 00 00 00 18 00 42 00 00 A2 EF 34 A7 2F 00 00 EF 80 00 00 00 00 00 00 40 00 38 5F BD 5F D9 44 44 7A 7F 78 30 AE A5 59 58 AC 1B 40 A1 88 83 0D 60 30 40 43 72 56 67 3C 2E 00 00 69 06 1C F4 64
1785249358919,16:35:59.224,00 00 00 00 00 00 00 00 18 00 42 00 00 A2 EF 34 A7 2F 00 00 EF 80 00 00 00 00 00 00 40 00 38 5F 95 5F B3 44 44 7A 7F B8 30 AE A5 59 58 AB 1B 4D A2 89 85 0D 61 30 40 45 72 56 67 3C 2E 00 00 69 06 1C F4 64
1785249359420,16:35:59.721,00 00 00 00 00 00 00 00 18 00 42 00 00 A2 EF 34 A7 2F 00 00 EF 80 00 00 00 00 00 00 40 00 38 5F 95 5F 7F 44 44 79 7F 34 30 AE A5 59 58 B1 1B 79 A3 8A 8A 0E 67 33 40 4F 6F 54 00 3C 2E 00 00 69 08 1C F4 64
1785249359921,16:36:00.212,00 00 00 00 00 00 00 00 18 00 42 00 00 A2 EF 34 A7 2F 00 00 EF 80 00 00 00 00 00 00 40 00 38 5F E5 5F 9A 44 44 79 80 00 30 AE A5 59 58 AB 1B 73 B0 8F 9A 27 74 3A 40 67 35 31 A4 3C 2E 00 00 69 0E 1C F4 64
1785249360423,16:36:00.708,00 00 00 00 00 00 00 00 18 00 42 00 00 A2 EF 34 A7 2F 00 00 EF 80 00 00 00 00 00 00 40 00 38 5F E5 5F F7 44 44 7A 80 CC 30 AE A5 59 58 A7 18 24 AC 93 9E 00 73 39 40 6C 27 24 A6 3C 2E 00 00 69 10 1C F4 64
1785249360926,16:36:01.206,00 00 00 00 00 00 00 00 18 00 42 00 00 A2 EF 34 A7 2F 00 00 EF 80 00 00 00 00 00 00 40 00 38 60 36 60 54 44 44 7A 81 10 30 AE A5 59 58 AC 16 9D AA 92 9D 00 72 39 40 6B 27 23 A2 3C 2E 00 00 69 0F 1C F4 64
1785249361428,16:36:01.721,00 00 00 00 00 00 00 00 18 00 42 00 00 A2 EF 34 A7 2F 00 00 EF 80 00 00 00 00 00 00 40 00 39 60 87 60 91 44 44 7B 80 CC 30 AE A5 59 58 9F 16 97 B4 91 9C 2E 72 39 40 69 2C 24 9D 3C 2E 00 00 69 0F 1C F4 64
1785249361929,16:36:02.229,00 00 00 00 00 00 00 00 18 00 42 00 00 A2 EF 34 A7 2F 00 00 EF 80 00 00 00 00 00 00 40 00 39 61 02 60 E8 44 44 7B 81 14 30 AE A5 59 58 AC 17 31 AC 92 9B 31 71 39 40 68 2E 26 98 3C 2E 00 00 69 0E 1C F4 64
1785249362429,16:36:02.736,00 00 00 00 00 00 00 00 18 00 42 00 00 A2 EF 34 A7 2F 00 00 EF 80 00 00 00 00 00 00 40 00 38 61 54 61 5C 44 44 7C 80 8C 30 AE A6 59 58 AE 18 53 B9 94 9A 33 71 38 40 67 31 29 93 3C 2E 00 00 69 0E 1C F4 64
1785249362930,16:36:03.234,00 00 00 00 00 00 00 00 18 00 42 00 00 A2 EF 34 A7 2F 00 00 EF 80 00 00 00 00 00 00 40 00 38 61 A8 61 C4 44 44 7C 80 8C 30 AE A6 59 58 B3 19 A9 BE 96 99 36 71 38 40 66 34 2C 8E 3C 2E 00 00 69 0D 1C F4 64
1785249363431,16:36:03.738,00 00 00 00 00 00 00 00 18 00 42 00 00 A2 EF 34 A7 2F 00 00 EF 80 00 00 00 00 00 00 40 00 39 61 D1 61 B5 44 44 7C 80 D8 30 AE A6 59 58 AE 1A B6 B4 97 97 33 6E 37 40 63 38 30 88 3C 2E 00 00 69 0D 1C F4 64
1785249363932,16:36:04.235,00 00 00 00 00 00 00 00 18 00 42 00 00 A2 EF 34 A7 2F 00 00 EF 80 00 00 00 00 00 00 40 00 39 61 A8 61 AD 44 44 7D 81 20 30 AE A6 59 58 B3 1C 05 B4 96 8D 15 64 32 40 51 68 48 00 3C 2E 00 00 69 09 1C F4 64
1785249364433,16:36:04.738,00 00 00 00 00 00 00 00 18 00 42 00 00 A2 EF 34 A7 2F 00 00 EF 80 00 00 00 00 00 00 40 00 38 61 FB 61 EE 44 44 7D 7F B8 30 AE A6 59 58 B1 1C AD A9 92 88 0D 63 32 40 4B 71 57 67 3C 2E 00 00 69 07 1C F4 64
1785249364934,16:36:05.237,00 00 00 00 00 00 00 00 18 00 42 00 00 A2 EF 34 A7 2F 00 00 EF 80 00 00 00 00 00 00 40 00 38 61 7E 61 69 44 44 7C 7F 28 30 AE A6 59 58 B0 1C A9 AF 90 88 0D 63 31 40 4A 71 57 67 3C 2E 00 00 69 07 1C F4 64
1785249365434,16:36:05.735,00 00 00 00 00 00 00 00 18 00 42 00 00 A2 EF 34 A7 2F 00 00 EF 80 00 00 00 00 00 00 40 00 39 61 7E 61 6E 44 44 7C 7F 74 30 AE A6 59 58 AF 1C 77 AD 8E 86 0D 61 30 40 46 71 57 67 3C 2E 00 00 69 06 1C F4 64
1785249365935,16:36:06.241,00 00 00 00 00 00 00 00 18 00 42 00 00 A2 EF 34 A7 2F 00 00 EF 80 00 00 00 00 00 00 40 00 39 61 02 61 07 44 44 7C 7F 74 30 AE A6 59 58 B0 1C 33 AB 8B 83 0D 60 30 40 43 71 57 67 3C 2E 00 00 69 06 1C F4 64
1785249366436,16:36:06.736,00 00 00 00 00 00 00 00 18 00 42 00 00 A2 EF 34 A7 2F 00 00 EF 80 00 00 00 00 00 00 40 00 38 60 D9 60 E8 44 44 7B 7F 74 30 AE A6 59 58 AD 1B E4 A1 8A 83 0D 5F 2F 40 42 71 57 67 3C 2E 00 00 69 05 1C F4 64
1785249366937,16:36:07.230,00 00 00 00 00 00 00 00 18 00 42 00 00 A2 EF 34 A7 2F 00 00 EF 80 00 00 00 00 00 00 40 00 38 60 B0 60 C7 44 44 7B 7F 30 30 AE A6 59 58 B2 1B C0 A8 89 84 0D 60 30 40 44 71 57 67 3C 2E 00 00 69 06 1C F4 64
1785249367440,16:36:07.729,00 00 00 00 00 00 00 00 18 00 42 00 00 A2 EF 34 A7 2F 00 00 EF 80 00 00 00 00 00 00 40 00 38 60 87 60 69 44 44 7B 7F B8 30 AE A6 59 58 AC 1B A8 A0 89 81 0D 5D 2E 40 3E 71 57 67 3C 2E 00 00 69 05 1C F4 64
1785249367941,16:36:08.214,00 00 00 00 00 00 00 00 18 00 42 00 00 A2 EF 34 A7 2F 00 00 EF 80 00 00 00 00 00 00 40 00 38 60 36 60 45 44 44 7B 7F 74 30 AE A6 59 58 B2 1B 70 9F 88 81 0D 5E 2F 40 40 71 57 67 3C 2E 00 00 69 05 1C F4 64
1785249368444,16:36:08.733,00 00 00 00 00 00 00 00 18 00 42 00 00 A2 EF 34 A7 2F 00 00 EF 80 00 00 00 00 00 00 40 00 39 60 36 60 34 44 44 7A 7F B8 30 AE A6 59 58 AE 1B 6F A6 88 87 0D 64 32 40 4A 71 57 67 3C 2E 00 00 69 07 1C F4 64
1785249368945,16:36:09.250,00 00 00 00 00 00 00 00 18 00 42 00 00 A2 EF 34 A7 2F 00 00 EF 80 00 00 00 00 00 00 40 00 39 5F E5 5F E5 44 44 7A 7F BC 30 AE A6 59 58 AC 1B B1 B1 8B 8C 10 66 33 40 4F 6B 4E 00 3C 2E 00 00 69 08 1C F5 64
1785249369446,16:36:09.746,00 00 00 00 00 00 00 00 18 00 42 00 00 A2 EF 34 A7 2F 00 00 EF 80 00 00 00 00 00 00 40 00 38 5F 1E 5F 1E 44 44 7A 7F BC 30 AE A6 59 58 B1 1C 5B B2 8E 95 1F 6E 37 40 5F 41 39 94 3C 2E 00 00 69 0C 1C F4 64
1785249369947,16:36:10.246,00 00 00 00 00 00 00 00 18 00 42 00 00 A2 EF 34 A7 2F 00 00 EF 80 00 00 00 00 00 00 40 00 38 60 0E 60 2C 44 44 7A 80 88 30 AE A6 59 58 A7 19 A1 AB 93 99 2B 70 38 40 65 33 2D A1 3C 2E 00 00 69 0E 1C F5 64
1785249370448,16:36:10.746,00 00 00 00 00 00 00 00 18 00 42 00 00 A2 EF 34 A7 2F 00 00 EF 80 00 00 00 00 00 00 40 00 38 60 B0 60 64 44 44 7B 80 CC 30 AE A6 59 58 A5 17 D0 AB 91 9A 2D 71 38 40 67 2F 28 9D 3C 2E 00 00 69 0E 1C F4 64
1785249370948,16:36:11.225,00 00 00 00 00 00 00 00 18 00 42 00 00 A2 EF 34 A7 2F 00 00 EF 80 00 00 00 00 00 00 40 00 38 60 B0 60 A6 44 44 7B 80 8C 30 AE A6 59 58 AF 17 C1 B8 93 99 2D 70 38 40 65 33 29 97 3C 2E 00 00 69 0E 1C F4 64
1785249371449,16:36:11.726,00 00 00 00 00 00 00 00 18 00 42 00 00 A2 EF 34 A7 2F 00 00 EF 80 00 00 00 00 00 00 40 00 38 61 02 60 DE 44 44 7B 80 8C 30 AE A6 59 58 A8 18 B9 AE 92 99 30 71 38 40 66 33 2A 91 3C 2E 00 00 69 0E 1C F4 64
1785249371950,16:36:12.236,00 00 00 00 00 00 00 00 18 00 42 00 00 A2 EF 34 A7 2F 00 00 EF 80 00 00 00 00 00 00 40 00 38 60 B0 60 CF 44 44 7C 80 D4 30 AE A6 59 58 AF 19 EF B1 96 92 20 61 30 40 54 4E 36 68 3C 2E 00 00 69 0A 1C F5 65
1785249372451,16:36:12.727,00 00 00 00 00 00 00 00 18 00 42 00 00 A2 EF 34 A7 2F 00 00 EF 81 00 01 00 00 00 00 40 00 38 61 2B 61 48 44 44 7C 80 48 30 AE A6 59 58 B2 1B 4C A2 8F 73 0D 32 19 40 01 67 45 67 3C 2E 00 00 69 00 1C F5 65
1785249372952,16:36:13.246,00 00 00 00 00 00 00 00 18 00 42 00 00 A2 EF 34 A7 2F 00 00 EF 09 00 01 00 00 00 00 48 00 38 60 87 60 78 44 44 7B 7E A0 30 AE A6 59 58 B1 1A CC 9E 86 64 0D 32 19 40 00 67 45 00 3C 2E 00 00 69 FB 1C F5 65
1785249373453,16:36:13.730,00 00 00 00 00 00 00 00 18 00 42 00 00 A2 EF 34 A7 2F 00 00 EF 09 00 01 00 00 00 00 58 00 38 5F 95 5F 70 44 44 7A 7E 5C 30 AE A6 59 58 AE 1A 2E 9A 82 64 0D 32 19 40 00 67 45 00 3C 2E 00 00 69 FB 1C F5 65
1785249373955,16:36:14.253,00 00 00 00 00 00 00 00 18 00 42 00 00 A2 EF 34 A7 2F 00 00 EF 09 00 01 00 00 00 00 58 00 38 5E 33 5E 20 44 44 79 7D 50 30 AE A6 59 56 AA 19 B1 94 7D 64 0D 32 19 40 00 67 45 00 3C 2E 00 00 69 FB 1B F5 65
1785249374457,16:36:14.746,00 00 00 00 00 00 00 00 18 00 42 00 00 A2 EF 34 A7 2F 00 00 EF 09 00 01 00 00 00 00 40 00 38 5D 73 5D 97 44 44 78 7C 9C 30 AE A6 59 56 B0 19 6A 92 7B 64 0D 32 19 40 00 67 45 00 3C 2E 00 00 69 FB 1B F5 65
1785249374957,16:36:15.257,00 00 00 00 00 00 00 00 18 00 42 00 00 A2 EF 34 A7 2F 00 00 EF 09 00 01 00 00 00 00 40 00 38 5C DB 5C C4 44 44 77 7D F4 30 AE A6 59 56 A7 18 F4 99 7C 64 0D 32 19 40 00 67 45 00 3C 2E 00 00 69 FB 1B F5 65
1785249375461,16:36:15.744,00 00 00 00 00 00 00 00 18 00 42 00 00 A2 EF 34 A7 2F 00 00 EF 09 00 01 00 00 00 00 40 00 38 5C 20 5C 07 44 44 76 7E 3C 30 AE A6 59 56 A7 18 A9 91 7B 64 0D 32 19 40 00 67 45 00 3C 2E 00 00 69 FB 1B F5 65
1785249375962,16:36:16.254,00 00 00 00 00 00 00 00 18 00 42 00 00 A2 EF 34 A7 2F 00 00 EF 09 00 01 00 00 00 00 40 00 38 5B 8D 5B 8F 44 44 75 7E 40 30 AE A5 59 56 AA 18 7E 97 7B 64 0D 32 19 40 00 67 45 00 3C 2E 00 00 69 FB 1B F5 65
1785249376464,16:36:16.765,00 00 00 00 00 00 00 00 18 00 42 00 00 A2 EF 34 A7 2F 00 00 EF 09 00 01 00 00 00 00 40 00 38 5A D7 5A DE 44 44 74 7E C4 30 AE A5 59 56 A9 18 69 92 7C 64 0D 32 19 40 00 67 45 00 3C 2E 00 00 69 FB 1B F5 65
1785249376965,16:36:17.253,00 00 00 00 00 00 00 00 18 00 42 00 00 A2 EF 34 A7 2F 00 00 EF 09 00 01 00 00 00 00 40 00 38 5A 48 5A 1C 44 44 73 7E 8C 30 AE A5 59 56 A4 18 41 97 7B 64 0D 32 19 40 00 67 45 00 3C 2E 00 00 69 FB 1B F5 65
1785249377466,16:36:17.756,00 00 00 00 00 00 00 00 18 00 42 00 00 A2 EF 34 A7 2F 00 00 EF 09 00 01 00 00 00 00 40 00 38 59 97 59 7F 44 44 72 7E 90 30 AE A5 59 56 AB 17 F5 92 7B 64 0D 32 19 40 00 67 45 00 3C 2E 00 00 69 FB 1B F5 65
1785249377966,16:36:18.282,00 00 00 00 00 00 00 00 18 00 42 00 00 A2 EF 34 A7 2F 00 00 EF 09 00 01 00 00 00 00 40 00 38 58 E9 58 EB 44 44 72 7E 5C 30 AE A5 59 56 A9 17 BF 8F 7A 64 0D 39 1D 40 00 67 45 00 3C 2E 00 00 69 FB 1B F5 65
1785249378467,16:36:18.788,00 00 00 00 00 00 00 00 18 00 42 00 00 A2 EF 34 A7 2F 00 00 EF 00 00 00 00 00 00 00 40 00 38 58 3E 58 3A 44 44 71 7E 60 30 AE A5 59 56 A5 17 A2 8E 7A 64 0D 4C 26 40 13 67 45 00 3C 2E 00 00 69 FB 1B F5 65
1785249378968,16:36:19.251,00 00 00 00 00 00 00 00 18 00 42 00 00 A2 EF 34 A7 2F 00 00 EF 00 00 00 00 00 00 00 40 00 38 57 10 56 F1 44 44 70 7E A4 30 AE A5 59 56 A2 17 5F 97 7B 6A 0D 51 29 40 23 67 45 00 3C 2E 00 00 69 FF 1B F5 65
1785249379469,16:36:19.788,00 00 00 00 00 00 00 00 18 00 42 00 00 A2 EF 34 A7 2F 00 00 EF 00 00 00 00 00 00 00 40 00 39 56 8C 56 C8 44 44 6F 7D 50 30 AE A5 59 56 A8 17 0D 8D 7A 6D 0D 4C 26 40 21 67 45 00 3C 2E 00 00 69 FF 1B F5 65
1785249379970,16:36:20.246,00 00 00 00 00 00 00 00 18 00 42 00 00 A2 EF 34 A7 2F 00 00 EF 09 00 01 00 00 00 00 40 00 39 55 A9 55 8F 44 44 6E 7D CC 30 AE A5 59 56 A1 16 F4 98 7A 64 0D 32 19 40 00 67 45 00 3C 2E 00 00 69 FB 1A F5 65
1785249380471,16:36:20.755,00 00 00 00 00 00 00 00 18 00 42 00 00 A2 EF 34 A7 2F 00 00 EF 09 00 01 00 00 00 00 40 00 38 54 CB 54 EB 44 44 6D 7E 44 30 AE A5 59 56 A0 16 9C 8C 79 64 0D 32 19 40 00 67 45 00 3C 2E 00 00 69 FB 1A F5 65
1785249380972,16:36:21.272,00 00 00 00 00 00 00 00 18 00 42 00 00 A2 EF 34 A7 2F 00 00 EF 09 00 01 00 00 00 00 40 00 38 53 F1 54 07 44 44 6B 7D E4 31 AE A5 59 56 A1 16 6A 8D 78 64 0D 32 19 40 00 67 45 00 3C 2E 00 00 69 FB 1A F5 65
1785249381473,16:36:21.771,00 00 00 00 00 00 00 00 18 00 42 00 00 A2 EF 34 A7 2F 00 00 EF 09 00 01 00 00 00 01 60 00 39 53 1C 52 F1 44 44 6B 7D EC 31 AE A5 59 56 A7 16 21 96 78 64 0D 32 19 40 00 67 45 00 3C 2E 00 00 69 FB 19 F5 65
1785249381973,16:36:22.255,00 00 00 00 00 00 00 00 18 00 42 00 00 A2 EF 34 A7 2F 00 00 EF 09 00 01 00 00 00 01 60 00 39 52 4B 52 1F 44 44 69 7D 2C 31 AE A5 59 56 A0 15 D9 8E 78 64 0D 32 19 40 00 67 45 00 3C 2E 00 00 69 FB 19 F5 65
1785249382477,16:36:22.756,00 00 00 00 00 00 00 00 18 00 42 00 00 A2 EF 34 A7 2F 00 00 EF 09 00 01 00 00 00 01 60 00 38 51 44 51 3B 44 44 68 7D 6C 31 AE A5 59 56 9B 15 81 94 78 64 0D 32 19 40 00 67 45 00 3C 2E 00 00 69 FB 19 F5 65
1785249382979,16:36:23.274,00 00 00 00 00 00 00 00 18 00 42 00 00 A2 EF 34 A7 2F 00 00 EF 09 00 01 00 00 00 01 60 00 38 50 7C 50 9E 44 44 67 7D 7C 31 AE A5 59 56 A9 15 30 8A 77 64 0D 32 19 40 00 67 45 00 3C 2E 00 00 69 FB 19 F5 65
1785249383480,16:36:23.784,00 00 00 00 00 00 00 00 18 00 42 00 00 A2 EF 34 A7 2F 00 00 EF 09 00 01 00 00 00 01 60 00 38 4F 9C 4F 8B 44 44 66 7D E8 31 AE A5 59 56 A9 14 F5 8B 76 64 0D 32 19 40 00 67 45 00 3C 2E 00 00 69 FB 18 F5 65
1785249383982,16:36:24.285,00 00 00 00 00 00 00 00 18 00 42 00 00 A2 EF 34 A7 2F 00 00 EF 09 00 01 00 00 00 01 60 00 38 4E 8B 4E 70 44 44 64 7D F8 31 AE A5 59 56 97 14 9D 90 77 64 0D 32 19 40 00 67 45 00 3C 2E 00 00 69 FB 18 F5 65
1785249384484,16:36:24.777,00 00 00 00 00 00 00 00 18 00 42 00 00 A2 EF 34 A7 2F 00 00 EF 09 00 01 00 00 00 01 60 00 38 4D 81 4D 6B 44 44 63 7D 78 31 AE A5 59 56 94 14 4C 8C 76 64 0D 32 19 40 00 67 45 00 3C 2E 00 00 69 FB 18 F5 65
1785249384985,16:36:25.277,00 00 00 00 00 00 00 00 18 00 42 00 00 A2 EF 34 A7 2F 00 00 EF 09 00 01 00 00 00 01 60 00 38 4C B1 4C C9 44 44 62 7D 2C 31 AE A5 59 56 A9 13 EB 89 76 64 0D 32 19 40 00 67 45 00 3C 2E 00 00 69 FB 18 F5 65
1785249385487,16:36:25.761,00 00 00 00 00 00 00 00 18 00 42 00 00 A2 EF 34 A7 2F 00 00 EF 09 00 01 00 00 00 01 60 00 38 4B 81 4B 59 44 44 61 7D C4 31 AE A5 59 56 A5 13 B9 89 75 64 0D 32 19 40 00 67 45 00 3C 2E 00 00 69 FB 17 F5 65
1785249385988,16:36:26.266,00 00 00 00 00 00 00 00 18 00 42 00 00 A2 EF 34 A7 2F 00 00 EF 09 00 01 00 00 00 01 60 00 38 4A A4 4A 76 44 44 60 7D 28 31 AE A5 59 56 95 13 68 8B 75 64 0D 32 19 40 00 67 45 00 3C 2E 00 00 69 FB 17 F5 65
1785249386488,16:36:26.786,00 00 00 00 00 00 00 00 18 00 42 00 00 A2 EF 34 A7 2F 00 00 EF 09 00 01 00 00 00 01 60 00 38 49 9C 49 9D 44 44 5E 7D 64 31 AE A5 59 56 9E 13 23 8C 75 64 0D 32 19 40 00 67 45 00 3C 2E 00 00 69 FB 17 F5 65
1785249386990,16:36:27.299,00 00 00 00 00 00 00 00 18 00 42 00 00 A2 EF 34 A7 2F 00 00 EF 09 00 01 00 00 00 01 68 00 38 48 9B 48 9E 44 44 5D 7D 20 31 AE A5 59 56 A2 12 DF 87 73 64 0D 32 19 40 00 67 45 00 3C 2E 00 00 69 FB 17 F5 65
1785249387490,16:36:27.790,00 00 00 00 00 00 00 00 18 00 42 00 00 A2 EF 34 A7 2F 00 00 EF 09 00 01 00 00 00 01 78 00 38 47 5E 47 66 44 44 5C 7D 5C 31 AE A5 59 56 91 12 9F 86 73 64 0D 32 19 40 00 67 45 00 3C 2E 00 00 69 FB 16 F5 65
1785249387993,16:36:28.294,00 00 00 00 00 00 00 00 18 00 42 00 00 A2 EF 34 A7 2F 00 00 EF 09 00 01 00 00 00 01 78 00 38 46 01 45 B7 44 44 5A 7C B0 31 AE A5 59 56 9D 12 54 85 72 64 0D 32 19 40 00 67 45 00 3C 2E 00 00 69 FB 16 F5 65
1785249388494,16:36:28.781,00 00 00 00 00 00 00 00 18 00 42 00 00 A2 EF 34 A7 2F 00 00 EF 09 00 01 00 00 00 01 78 00 38 44 4A 44 23 44 44 58 7C D4 31 AE A5 59 56 A1 11 E6 87 73 64 0D 32 19 40 00 67 45 00 3C 2E 00 00 69 FB 16 F5 65
1785249388996,16:36:29.272,00 00 00 00 00 00 00 00 18 00 42 00 00 A2 EF 34 A7 2F 00 00 EF 09 00 01 00 00 00 01 78 00 38 42 A8 42 63 44 44 56 7C 44 31 AE A5 59 56 9F 11 7D 88 72 64 0D 32 19 40 00 67 45 00 3C 2E 00 00 69 FB 16 F5 65
1785249389499,16:36:29.790,00 00 00 00 00 00 00 00 18 00 42 00 00 A2 EF 34 A7 2F 00 00 EF 09 00 01 00 00 00 01 60 00 38 41 8A 41 90 44 44 54 7C 2C 31 AE A5 59 56 9F 11 2F 8B 72 64 0D 32 19 40 00 67 45 00 3C 2E 00 00 69 FB 16 F5 65
1785249390002,16:36:30.279,00 00 00 00 00 00 00 00 18 00 42 00 00 A2 EF 34 A7 2F 00 00 EF 09 00 01 00 00 00 01 60 00 38 40 75 40 6C 44 44 53 7D 34 31 AE A5 59 56 96 10 EF 8B 72 64 0D 32 19 40 00 67 45 00 3C 2E 00 00 69 FB 15 F5 65
1785249390503,16:36:30.810,00 00 00 00 00 00 00 00 18 00 42 00 00 A2 EF 34 A7 2F 00 00 EF 09 00 01 00 00 00 01 60 00 38 3F 7B 3F 6E 44 44 52 7D 0C 31 AE A5 59 56 92 10 AF 82 71 64 0D 32 19 40 00 67 45 00 3C 2E 00 00 6A FB 15 F5 65
1785249391005,16:36:31.310,00 00 00 00 00 00 00 00 18 00 42 00 00 A2 EF 34 A7 2F 00 00 EF 09 00 09 00 00 00 01 60 00 38 3E 77 3E 67 44 44 50 7D 40 31 AE A5 59 56 89 10 50 82 70 64 0D 32 19 40 00 67 45 00 3C 2E 00 00 69 FB 15 F5 65
1785249391507,16:36:31.805,00 00 00 00 00 00 00 00 18 00 42 00 00 A2 EF 34 A7 2F 00 00 EF 08 00 08 00 00 00 01 60 00 39 3D 6B 3D 82 44 44 4F 7D 58 31 AE A5 59 56 98 10 1A 84 70 64 0D 43 22 40 03 67 45 00 3C 2E 00 00 69 FB 15 F5 65
1785249392010,16:36:32.305,00 00 00 00 00 00 00 00 18 00 42 00 00 A2 EF 34 A7 2F 00 00 EF 80 00 00 00 00 00 01 60 00 39 3D 09 3C F6 44 44 4E 7D 34 31 AE A5 59 56 8D 0F F4 8B 70 75 0D 5A 2D 40 32 42 56 00 3C 2E 00 00 69 08 15 F5 65
1785249392510,16:36:32.826,00 00 00 00 00 00 00 00 18 00 42 00 00 A2 EF 34 A7 2F 00 00 EF 80 00 00 00 00 00 01 60 00 39 3C 38 3C 49 44 44 4D 7E 0C 31 AE A5 59 56 9E 10 43 8B 74 8B 0D 61 30 40 44 1D 2A 00 3C 2E 00 00 69 0F 15 F5 65
1785249393011,16:36:33.310,00 00 00 00 00 00 00 00 18 00 42 00 00 A2 EF 34 A7 2F 00 00 EF 80 00 00 00 00 00 01 60 00 39 3C 18 3C 1E 44 44 4D 7F 24 31 AE A5 59 56 A1 10 B8 91 79 8D 00 62 31 40 48 1B 27 00 3C 2E 00 00 6A 10 15 F5 65
1785249393512,16:36:33.785,00 00 00 00 00 00 00 00 18 00 42 00 00 A2 EF 34 A7 2F 00 00 EF 80 00 00 00 00 00 01 60 00 38 3C 28 3C 31 44 44 4D 7F 94 31 AE A5 59 56 9D 10 CE 95 7E 8E 00 63 31 40 49 1B 27 B4 3C 2E 00 00 6A 10 15 F5 65
1785249394014,16:36:34.298,00 00 00 00 00 00 00 00 18 00 42 00 00 A2 EF 34 A7 2F 00 00 EF 80 00 00 00 00 00 01 60 00 38 3C 28 3C 3C 44 44 4D 7F B0 31 AE A4 59 56 83 0E 79 90 7E 94 00 6A 34 40 55 1A 1B A8 3C 2E 00 00 6A 15 16 F5 65
1785249394516,16:36:34.789,00 00 00 00 00 00 00 00 18 00 42 00 00 A2 EF 34 A7 2F 00 00 EF 80 00 00 00 00 00 01 60 00 38 3C 77 3C 69 44 44 4D 80 1C 31 AE A4 59 56 7D 0E 01 97 7E 96 00 69 34 40 58 19 18 A7 3C 2E 00 00 6A 15 16 F5 65
1785249395017,16:36:35.326,00 00 00 00 00 00 00 00 18 00 42 00 00 A2 EF 34 A7 2F 00 00 EF 80 00 00 00 00 00 00 40 00 38 3C 97 3C 98 44 44 4D 80 C0 31 AE A4 59 56 9C 0D E6 97 7F 91 00 62 31 40 4B 1A 1D B4 3C 2E 00 00 6A 11 16 F5 65
1785249395517,16:36:35.816,00 00 00 00 00 00 00 00 18 00 42 00 00 A2 EF 34 A7 2F 00 00 EF 80 00 00 00 00 00 00 40 00 38 3C A7 3C BC 44 44 4D 80 6C 31 AE A4 59 56 8A 0D 58 91 7D 8B 0D 5F 2F 40 43 1D 23 BB 3C 2E 00 00 6A 0E 15 F5 65
1785249396019,16:36:36.308,00 00 00 00 00 00 00 00 18 00 42 00 00 A2 EF 34 A7 2F 00 00 EF 80 00 00 00 00 00 00 40 00 38 3C B8 3C 92 44 44 4D 7F CC 31 AE A4 59 56 71 0C 8B 90 79 8A 0D 5F 2F 40 43 1E 21 BC 3C 2E 00 00 6A 0E 15 F5 65
1785249396520,16:36:36.825,00 00 00 00 00 00 00 00 18 00 42 00 00 A2 EF 34 A7 2F 00 00 EF 80 00 00 00 00 00 00 40 00 39 3C 67 3C 8E 44 44 4D 7F E4 31 AE A4 59 56 75 0C 0D 88 76 81 0D 56 2B 40 36 29 29 C0 3C 2E 00 00 6A 0A 14 F5 65
1785249397021,16:36:37.314,00 00 00 00 00 00 00 00 18 00 42 00 00 A2 EF 34 A7 2F 00 00 EF 80 00 00 00 00 00 00 40 00 39 3C 48 3C 50 44 44 4D 80 00 31 AE A4 59 56 8E 0B AF 88 73 75 0D 55 2A 40 2E 39 3B C0 3C 2E 00 00 6A 07 14 F5 65
1785249397524,16:36:37.828,00 00 00 00 00 00 00 00 18 00 42 00 00 A2 EF 34 A7 2F 00 00 EF 80 00 00 00 00 00 00 40 00 38 3C 08 3C 21 44 44 4D 7F 24 31 AE A4 59 56 89 0B 29 8A 71 75 0D 56 2B 40 2E 3C 3A BF 3C 2E 00 00 6A 07 14 F5 65
1785249398025,16:36:38.296,00 00 00 00 00 00 00 00 18 00 42 00 00 A2 EF 34 A7 2F 00 00 EF 80 00 00 00 00 00 00 40 00 38 3B CA 3B D1 44 44 4C 7F 60 31 AE A4 59 56 8E 0A E4 88 6F 75 0D 56 2B 40 2F 39 37 BE 3C 2E 00 00 6A 08 14 F5 65
1785249398525,16:36:38.799,00 00 00 00 00 00 00 00 18 00 42 00 00 A2 EF 34 A7 2F 00 00 EF 80 00 00 00 00 00 00 40 00 38 3B 7C 3B 91 44 44 4C 7F 7C 31 AE A4 59 56 8E 0A BD 7D 6E 74 0D 54 2A 40 2C 3A 37 C0 3C 2E 00 00 6A 07 14 F5 65
1785249399026,16:36:39.321,00 00 00 00 00 00 00 00 18 00 42 00 00 A2 EF 34 A7 2F 00 00 EF 80 00 00 00 00 00 00 40 00 38 3B 10 3B 10 44 44 4C 7F 48 31 AE A4 59 58 73 0A 7D 82 6D 70 0D 52 29 40 28 3A 37 C0 3C 2E 00 00 6A 06 14 F5 65
1785249399527,16:36:39.805,00 00 00 00 00 00 00 00 18 00 42 00 00 A2 EF 34 A7 2F 00 00 EF 80 00 00 00 00 00 00 40 00 38 3A D4 3A BC 44 44 4B 7F 14 31 AE A4 59 58 7B 0A 60 7B 6C 70 0D 53 29 40 28 3A 37 C0 3C 2E 00 00 6A 06 14 F5 65
1785249400028,16:36:40.327,00 00 00 00 00 00 00 00 18 00 42 00 00 A2 EF 34 A7 2F 00 00 EF 80 00 00 00 00 00 00 40 00 38 3A 6B 3A 57 44 44 4B 7F 00 31 AE A4 59 58 70 0A 59 82 6D 73 0D 56 2B 40 2D 3A 37 C0 3C 2E 00 00 6A 07 14 F5 65
1785249400529,16:36:40.826,00 00 00 00 00 00 00 00 18 00 42 00 00 A2 EF 34 A7 2F 00 00 EF 80 00 00 00 00 00 00 40 00 38 3A 89 3A 9B 44 44 4A 7F 34 31 AE A4 59 58 74 0A 51 7D 6C 7E 0D 5D 2E 40 39 2C 26 AC 3C 2E 00 00 6A 0B 14 F5 65
1785249401031,16:36:41.326,00 00 00 00 00 00 00 00 18 00 42 00 00 A2 EF 34 A7 2F 00 00 EF 90 00 00 00 00 00 01 60 00 38 3A 98 3A 82 44 44 4A 7F 9C 31 AD A4 5A 58 95 0A EB 8C 6F 92 00 5C 2E 40 56 1B 15 9B 3C 2E 00 00 6A 14 15 F5 65
1785249401532,16:36:41.829,00 00 00 00 00 00 00 00 18 00 42 00 00 A2 EF 34 A7 2F 00 00 EF 10 00 00 00 00 00 01 60 00 39 40 D0 40 EC 44 44 4A 80 B0 31 AD A4 5A 58 90 0C 47 81 70 8A 0D 98 4C 40 C9 29 26 00 3C 2E 00 00 6A 0C 15 F5 65
1785249402033,16:36:42.310,00 00 00 00 00 00 00 00 18 00 42 00 00 A2 EF 34 A7 2F 00 00 EF 80 00 00 00 00 00 01 60 00 39 45 2D 45 AF 44 44 4A 7F 34 31 AD A4 5A 58 90 10 56 8F 74 6B 0D 5A 2D 40 27 29 23 00 3C 2E 00 00 6A 03 16 F5 65
1785249402535,16:36:42.836,00 00 00 00 00 00 00 00 18 00 42 00 00 A2 EF 34 A7 2F 00 00 EF 80 00 00 00 00 00 01 60 00 38 47 E4 47 F4 44 44 49 7E 6C 31 AD A4 59 58 A4 12 83 9D 79 97 00 6B 35 40 57 1A 25 00 3C 2E 00 00 6A 10 17 F5 65
1785249403035,16:36:43.323,00 00 00 00 00 00 00 00 18 00 42 00 00 A2 EF 34 A7 2F 00 00 EF 80 00 00 00 00 00 00 40 00 38 48 56 48 52 44 44 4A 80 30 31 AD A5 59 58 9C 14 AA AB 84 9B 00 6C 36 40 5E 19 22 00 3C 2E 00 00 6A 13 18 F5 65
1785249403537,16:36:43.811,00 00 00 00 00 00 00 00 18 00 42 00 00 A2 EF 34 A7 2F 00 00 EF 80 00 00 00 00 00 00 40 00 38 48 F7 48 F3 44 44 4A 81 14 31 AD A5 59 58 A3 16 3E B6 90 9A 00 6B 36 40 5C 19 26 00 3C 2E 00 00 6A 12 18 F5 65
1785249404038,16:36:44.312,00 00 00 00 00 00 00 00 18 00 42 00 00 A2 EF 34 A7 2F 00 00 EF 80 00 00 00 00 00 00 40 00 39 49 CB 49 8B 44 44 4B 81 38 31 AD A5 59 58 95 13 CB A9 91 9A 00 6B 36 40 5C 18 22 B5 3C 2E 00 00 6A 12 18 F5 65
1785249404538,16:36:44.836,00 00 00 00 00 00 00 00 18 00 42 00 00 A2 EF 34 A7 2F 00 00 EF 80 00 00 00 00 00 00 40 00 39 4A 5B 4A 1D 44 44 4C 81 08 31 AD A5 59 58 9B 11 14 9E 8B 99 00 6A 35 40 59 19 1F BB 3C 2E 00 00 6A 11 18 F5 65
1785249405039,16:36:45.336,00 00 00 00 00 00 00 00 18 00 42 00 00 A2 EF 34 A7 2F 00 00 EF 80 00 00 00 00 00 00 40 00 38 4A 8B 4A 90 44 44 4C 80 D4 31 AD A5 59 58 8C 0F C4 98 86 90 0D 61 30 40 4B 24 24 B1 3C 2E 00 00 6A 0D 17 F5 65
1785249405542,16:36:45.843,00 00 00 00 00 00 00 00 18 00 42 00 00 A2 EF 34 A7 2F 00 00 EF 80 00 00 00 00 00 00 40 00 38 4A A4 4A 87 44 44 4C 80 18 31 AD A5 59 58 92 0F 65 93 7F 89 0D 5F 2F 40 42 34 2D A2 3C 2E 00 00 6A 0A 17 F5 65
1785249406049,16:36:46.325,00 00 00 00 00 00 00 00 18 00 42 00 00 A2 EF 34 A7 2F 00 00 EF 80 00 00 00 00 00 00 40 00 39 4A A4 4A A2 44 44 4C 80 00 31 AD A5 59 58 9B 0F B6 93 7B 86 0D 5D 2E 40 3F 39 32 95 3C 2E 00 00 6A 09 17 F5 65
1785249406550,16:36:46.843,00 00 00 00 00 00 00 00 18 00 42 00 00 A2 EF 34 A7 2F 00 00 EF 80 00 00 00 00 00 00 40 00 39 4A 43 4A 29 44 44 4C 7F 78 31 AD A5 59 58 95 11 15 97 7B 7D 0D 59 2C 40 37 42 3D 73 3C 2E 00 00 6A 07 17 F5 65
1785249407051,16:36:47.326,00 00 00 00 00 00 00 00 18 00 42 00 00 A2 EF 34 A7 2F 00 00 EF 80 00 00 00 00 00 00 40 00 38 49 9C 49 94 44 44 4C 7F 60 31 AD A5 59 58 A4 12 FF 97 7B 77 0D 58 2C 40 33 42 3D 7A 3C 2E 00 00 6A 06 17 F5 65
1785249407553,16:36:47.842,00 00 00 00 00 00 00 00 18 00 42 00 00 A2 EF 34 A7 2F 00 00 EF 80 00 00 00 00 00 00 40 00 38 49 9C 49 91 44 44 4B 7F 2C 31 AD A5 59 58 9A 13 92 91 7B 78 0D 57 2B 40 33 42 3D 79 3C 2E 00 00 6A 06 17 F5 65
1785249408053,16:36:48.360,00 00 00 00 00 00 00 00 18 00 42 00 00 A2 EF 34 A7 2F 00 00 EF 80 00 00 00 00 00 00 40 00 39 48 C9 48 B8 44 44 4B 7F 14 31 AD A5 59 58 95 13 92 98 7C 76 0D 57 2B 40 31 42 3D 84 3C 2E 00 00 6A 06 17 F5 65
1785249408555,16:36:48.863,00 00 00 00 00 00 00 00 18 00 42 00 00 A2 EF 34 A7 2F 00 00 EF 80 00 00 00 00 00 00 40 00 39 48 56 48 63 44 44 4A 7E E4 31 AD A5 59 58 A5 13 3E 93 7C 76 0D 57 2B 40 31 42 3D 87 3C 2E 00 00 6A 06 17 F5 65
1785249409058,16:36:49.359,00 00 00 00 00 00 00 00 18 00 42 00 00 A2 EF 34 A7 2F 00 00 EF 80 00 00 00 00 00 00 40 00 39 48 9B 48 9F 44 44 4A 7F 34 31 AD A5 59 58 97 13 12 91 7B 79 0D 59 2C 40 35 42 3D 87 3C 2E 00 00 6A 07 17 F5 65
1785249409559,16:36:49.837,00 00 00 00 00 00 00 00 18 00 42 00 00 A2 EF 34 A7 2F 00 00 EF 80 00 00 00 00 00 00 40 00 39 47 E4 47 DF 44 44 4A 7F 1C 31 AD A5 59 58 90 12 25 97 7C 85 0D 5E 2F 40 3E 36 3D AB 3C 2E 00 00 6A 0A 16 F5 65
1785249410060,16:36:50.359,00 00 00 00 00 00 00 00 18 00 42 00 00 A2 EF 34 A7 2F 00 00 EF 80 00 00 00 00 00 00 40 00 38 47 E4 47 B0 44 44 4A 7F B4 31 AD A5 59 58 8D 0F C4 96 7A 8D 0D 62 31 40 47 28 29 A9 3C 2E 00 00 6A 0C 16 F5 65
1785249410561,16:36:50.861,00 00 00 00 00 00 00 00 18 00 42 00 00 A2 EF 34 A7 2F 00 00 EF 80 00 00 00 00 00 00 40 00 38 47 CE 47 AC 44 44 4A 80 30 31 AD A5 59 58 7F 0F 12 8F 79 8B 0D 60 30 40 45 29 28 AA 3C 2E 00 00 6A 0C 16 F5 65
1785249411062,16:36:51.358,00 00 00 00 00 00 00 00 18 00 42 00 00 A2 EF 34 A7 2F 00 00 EF 80 00 00 00 00 00 00 40 00 38 47 E4 47 E3 44 44 4A 80 00 31 AD A5 59 56 8B 0E C0 8C 79 8A 0D 5F 2F 40 43 2C 29 AB 3C 2E 00 00 6A 0B 17 F5 65
1785249411563,16:36:51.861,00 00 00 00 00 00 00 00 18 00 42 00 00 A2 EF 34 A7 2F 00 00 EF 80 00 00 00 00 00 00 40 00 38 47 CE 47 C1 44 44 4A 7F CC 31 AD A5 59 56 80 0E 6C 90 79 81 0D 58 2C 40 39 37 31 A8 3C 2E 00 00 6A 09 16 F5 65
1785249412064,16:36:52.360,00 00 00 00 00 00 00 00 18 00 42 00 00 A2 EF 34 A7 2F 00 00 EF 80 00 00 00 00 00 00 40 00 38 47 CE 47 C3 44 44 4A 7F D0 31 AD A5 59 56 88 0F 78 8D 76 87 0D 62 31 40 42 31 31 AC 3C 2E 00 00 6A 0B 16 F5 65
1785249412564,16:36:52.836,00 00 00 00 00 00 00 00 18 00 42 00 00 A2 EF 34 A7 2F 00 00 EF 80 00 00 00 00 00 00 40 00 38 48 56 48 23 44 44 4A 80 C8 31 AD A4 59 56 9D 0E D4 92 78 97 00 69 34 40 55 1A 1D B4 3C 2E 00 00 6A 10 17 F5 65
1785249413065,16:36:53.363,00 00 00 00 00 00 00 00 18 00 42 00 00 A2 EF 34 A7 2F 00 00 EF 80 00 00 00 00 00 00 40 00 39 48 F7 49 10 44 44 4B 81 94 31 AD A5 59 56 9F 0E 72 9B 7C 97 00 68 34 40 56 19 1B B3 3C 2E 00 00 6A 10 17 F5 65
1785249413567,16:36:53.846,00 00 00 00 00 00 00 00 18 00 42 00 00 A2 EF 34 A7 2F 00 00 EF 80 00 00 00 00 00 00 40 00 39 49 B3 49 90 44 44 4B 81 50 31 AD A5 59 56 7B 0E 5B 91 7D 91 0D 63 31 40 4C 21 1F B0 3C 2E 00 00 6A 0E 17 F5 65
1785249414069,16:36:54.369,00 00 00 00 00 00 00 00 18 00 42 00 00 A2 EF 34 A7 2F 00 00 EF 80 00 00 00 00 00 00 40 00 39 49 FB 49 DA 44 44 4C 81 3C 31 AD A5 59 56 92 0E F2 90 7C 86 0D 5D 2E 40 3E 37 2F 9A 3C 2E 00 00 6A 0A 17 F5 65
1785249414571,16:36:54.859,00 00 00 00 00 00 00 00 18 00 42 00 00 A2 EF 34 A7 2F 00 00 EF 80 00 00 00 00 00 00 40 00 39 49 FB 4A 1D 44 44 4C 80 38 31 AD A5 59 56 94 10 D7 94 7A 7D 0D 59 2C 40 37 46 40 74 3C 2E 00 00 6A 07 17 F5 65
1785249415073,16:36:55.369,00 00 00 00 00 00 00 00 18 00 42 00 00 A2 EF 34 A7 2F 00 00 EF 80 00 00 00 00 00 00 40 00 38 4A 13 49 E2 44 44 4C 80 1C 31 AD A5 59 56 A2 12 E9 99 7B 7A 0D 59 2C 40 35 46 40 71 3C 2E 00 00 6A 06 17 F5 65
1785249415574,16:36:55.872,00 00 00 00 00 00 00 00 18 00 42 00 00 A2 EF 34 A7 2F 00 00 EF 80 00 00 00 00 00 00 40 00 38 4A 2B 49 F6 44 44 4C 80 50 31 AD A5 59 56 A2 13 AF 95 7C 7B 0D 59 2C 40 35 46 40 75 3C 2E 00 00 6A 07 17 F5 65
1785249416075,16:36:56.370,00 00 00 00 00 00 00 00 18 00 42 00 00 A2 EF 34 A7 2F 00 00 EF 80 00 00 00 00 00 01 60 00 39 48 28 48 1C 44 44 4C 80 34 31 AD A5 59 56 95 14 0C 94 7C 6B 0D 37 1C 40 11 46 40 82 3C 2E 00 00 6A 01 17 F5 65
1785249416575,16:36:56.874,00 00 00 00 00 00 00 00 18 00 42 00 00 A2 EF 34 A7 2F 00 00 EF 09 00 09 00 00 00 01 60 00 39 32 56 31 78 44 44 4C 80 1C 31 AD A5 59 56 8E 11 55 8C 79 64 0D 32 19 40 00 46 40 00 3C 2E 00 00 6A FB 12 F5 65
1785249417076,16:36:57.370,00 00 00 00 00 00 00 00 18 00 42 00 00 A2 EF 34 A7 2F 00 00 EF 00 00 00 00 00 00 01 60 00 39 33 15 33 2F 44 44 4C 80 1C 31 AD A5 59 56 7F 0D D9 85 75 65 0D 49 24 40 0F 46 40 00 3C 2E 00 00 6A 01 12 F5 65
1785249417578,16:36:57.851,00 00 00 00 00 00 00 00 18 00 42 00 00 A2 EF 34 A7 2F 00 00 EF 80 00 00 00 00 00 00 40 00 39 3A 2F 3A 24 44 44 4C 7E F8 31 AD A5 59 56 8F 0D 32 81 71 71 0D 54 2A 40 29 46 40 C0 3C 2E 00 00 6A 07 17 F5 65
1785249418079,16:36:58.362,00 00 00 00 00 00 00 00 18 00 42 00 00 A2 EF 34 A7 2F 00 00 EF 80 00 00 00 00 00 00 40 00 39 3C 38 3C 13 44 44 4C 80 68 31 AD A5 59 56 8E 0B CB 82 71 83 0D 5D 2E 40 3C 27 27 AE 3C 2E 00 00 6A 0C 17 F5 65
1785249418580,16:36:58.875,00 00 00 00 00 00 00 00 18 00 42 00 00 A2 EF 34 A7 2F 00 00 EF 80 00 00 00 00 00 00 40 00 39 3C E8 3C B0 44 44 4D 81 B0 31 AD A5 59 56 82 0C 18 87 73 87 0D 5E 2F 40 3F 23 23 A8 3C 2E 00 00 6A 0D 17 F5 65
1785249419081,16:36:59.358,00 00 00 00 00 00 00 00 18 00 42 00 00 A2 EF 34 A7 2F 00 00 EF 80 00 00 00 00 00 00 40 00 38 3D AD 3D B7 44 44 4E 81 F0 31 AD A5 59 56 88 0C 97 8B 76 87 0D 5E 2F 40 3F 23 25 A9 3C 2E 00 00 6A 0C 18 F5 65
1785249419582,16:36:59.882,00 00 00 00 00 00 00 00 18 00 42 00 00 A2 EF 34 A7 2F 00 00 EF 80 00 00 00 00 00 00 40 00 38 3E 88 3E 74 44 44 4F 82 18 31 AD A5 59 56 7F 0C E7 8C 78 88 0D 5E 2F 40 3F 24 26 AD 3C 2E 00 00 6A 0C 18 F5 65
1785249420083,16:37:00.383,00 00 00 00 00 00 00 00 18 00 42 00 00 A2 EF 34 A7 2F 00 00 EF 80 00 00 00 00 00 00 40 00 38 3F 35 3F 36 44 44 50 81 D0 31 AD A4 59 56 98 0D 07 8F 79 86 0D 5C 2E 40 3C 27 28 B5 3C 2E 00 00 6A 0B 18 F5 65
1785249420585,16:37:00.886,00 00 00 00 00 00 00 00 18 00 42 00 00 A2 EF 34 A7 2F 00 00 EF 80 00 00 00 00 00 00 40 00 38 3F B0 3F C3 44 44 51 81 D8 31 AD A5 59 56 93 0C CE 97 79 82 0D 5A 2D 40 39 2D 2E C0 3C 2E 00 00 6A 0A 18 F5 65
1785249421085,16:37:01.360,00 00 00 00 00 00 00 00 18 00 42 00 00 A2 EF 34 A7 2F 00 00 EF 80 00 00 00 00 00 00 40 00 38 3F 46 3F 6D 44 44 51 81 68 31 AD A4 59 56 8F 0C 9D 86 77 68 0D 3A 1D 40 04 36 36 84 3C 2E 00 00 6A 00 18 F5 65
1785249421587,16:37:01.885,00 00 00 00 00 00 00 00 18 00 42 00 00 A2 EF 34 A7 2F 00 00 EF 09 00 01 00 00 00 00 40 00 38 40 BE 40 7B 44 44 51 7F E0 31 AD A5 59 56 9E 0E FA 82 72 64 0D 32 19 40 00 36 36 00 3D 2E 00 00 6A FB 15 F5 65
1785249422091,16:37:02.388,00 00 00 00 00 00 00 00 18 00 42 00 00 A2 EF 34 A7 2F 00 00 EF 09 00 01 00 00 00 00 40 00 38 3F 8C 3F 70 44 44 51 7F 84 31 AD A5 59 56 96 0F E6 87 71 64 0D 32 19 40 00 36 36 00 3D 2E 00 00 6A FB 15 F5 65
1785249422591,16:37:02.926,00 00 00 00 00 00 00 00 18 00 42 00 00 A2 EF 34 A7 2F 00 00 EF 09 00 01 00 00 00 00 40 00 38 3F 35 3F 33 44 44 51 7F 10 31 AD A4 59 56 9D 10 24 85 70 64 0D 32 19 40 00 36 36 00 3D 2E 00 00 6A FB 15 F5 65
1785249423092,16:37:03.394,00 00 00 00 00 00 00 00 18 00 42 00 00 A2 EF 34 A7 2F 00 00 EF 09 00 01 00 00 00 00 40 00 38 3E CD 3E 8A 44 44 50 7E F4 31 AD A5 59 56 98 10 2D 87 70 64 0D 32 19 40 00 36 36 00 3D 2E 00 00 6A FB 15 F5 65
1785249423593,16:37:03.874,00 00 00 00 00 00 00 00 18 00 42 00 00 A2 EF 34 A7 2F 00 00 EF 09 00 09 00 00 00 00 40 00 38 3E 88 3E 81 44 44 50 7E F8 31 AD A4 59 56 9A 10 0C 87 70 64 0D 35 1A 40 00 36 36 00 3D 2E 00 00 6A FB 15 F5 65
1785249424095,16:37:04.391,00 00 00 00 00 00 00 00 18 00 42 00 00 A2 EF 34 A7 2F 00 00 EF 00 00 00 00 00 00 00 40 00 38 3D F0 3D EC 44 44 4F 7F 18 31 AD A4 59 56 96 10 11 81 70 65 0D 4F 27 40 18 36 36 00 3D 2E 00 00 6A 00 15 F5 65
1785249424596,16:37:04.896,00 00 00 00 00 00 00 00 18 00 42 00 00 A2 EF 34 A7 2F 00 00 EF 80 00 00 00 00 00 00 40 00 38 3D F0 3E 0A 44 44 4F 7F 38 31 AD A5 59 56 8F 10 38 88 71 74 0D 59 2C 40 31 36 36 00 3D 2E 00 00 6A 07 18 F5 65
1785249425098,16:37:05.375,00 00 00 00 00 00 00 00 18 00 42 00 00 A2 EF 34 A7 2F 00 00 EF 80 00 00 00 00 00 00 40 00 38 3D DF 3D D8 44 44 4F 80 20 31 AD A5 59 56 90 10 F8 93 78 86 0D 5D 2E 40 3C 27 36 00 3C 2E 00 00 6A 0C 18 F5 65
1785249425600,16:37:05.896,00 00 00 00 00 00 00 00 18 00 42 00 00 A2 EF 34 A7 2F 00 00 EF 80 00 00 00 00 00 00 40 00 38 3E 11 3E 07 44 44 4F 80 1C 31 AD A5 59 58 92 11 9F 97 7E 80 0D 5A 2D 40 38 2E 41 00 3D 2E 00 00 6A 0A 18 F5 65
1785249426100,16:37:06.387,00 00 00 00 00 00 00 00 18 00 42 00 00 A2 EF 34 A7 2F 00 00 EF 80 00 00 00 00 00 00 40 00 38 3E 33 3E 26 44 44 4F 80 00 31 AD A5 59 58 89 10 2C 96 80 7F 0D 59 2C 40 37 2F 3D C1 3C 2E 00 00 6A 09 18 F5 65
1785249426601,16:37:06.909,00 00 00 00 00 00 00 00 18 00 42 00 00 A2 EF 34 A7 2F 00 00 EF 80 00 00 00 00 00 00 40 00 38 3E 44 3E 4B 44 44 4F 7F 8C 31 AD A5 59 58 92 0D F5 92 7D 78 0D 56 2B 40 31 38 42 C1 3C 2E 00 00 6A 08 18 F5 65
1785249427101,16:37:07.395,00 00 00 00 00 00 00 00 18 00 42 00 00 A2 EF 34 A7 2F 00 00 EF 80 00 00 00 00 00 00 40 00 38 3E 11 3E 0E 44 44 4F 7F AC 31 AD A4 59 58 7D 0C B7 91 78 79 0D 58 2C 40 33 37 3B C0 3C 2E 00 00 6A 08 18 F5 65
1785249427602,16:37:07.913,00 00 00 00 00 00 00 00 18 00 42 00 00 A2 EF 34 A7 2F 00 00 EF 80 00 00 00 00 00 00 40 00 38 3E 11 3E 0B 44 44 4F 7F C8 31 AD A4 59 58 77 0C 34 85 75 81 0D 5C 2E 40 39 31 30 BF 3C 2E 00 00 6A 0A 18 F5 65
1785249428104,16:37:08.404,00 00 00 00 00 00 00 00 18 00 42 00 00 A2 EF 34 A7 2F 00 00 EF 80 00 00 00 00 00 00 40 00 38 3E 33 3E 4E 44 44 4F 7F E4 31 AD A4 59 58 93 0C 2C 90 76 90 0D 62 31 40 47 1C 1E B2 3C 2E 00 00 6A 0F 18 F5 65
1785249428607,16:37:08.907,00 00 00 00 00 00 00 00 18 00 42 00 00 A2 EF 34 A7 2F 00 00 EF 80 00 00 00 00 00 00 40 00 38 3E 33 3E 35 44 44 4F 80 74 31 AD A4 59 58 8A 0C 72 8D 79 90 00 61 31 40 47 1B 1E B5 3C 2E 00 00 6A 0F 19 F5 65
1785249429109,16:37:09.408,00 00 00 00 00 00 00 00 18 00 42 00 00 A2 EF 34 A7 2F 00 00 EF 80 00 00 00 00 00 00 40 00 39 3E 33 3E 1B 44 44 4F 80 3C 31 AD A4 59 58 7A 0C CE 8F 7A 8C 0D 5E 2F 40 43 1E 21 B2 3C 2E 00 00 6A 0E 18 F5 65
1785249429610,16:37:09.910,00 00 00 00 00 00 00 00 18 00 42 00 00 A2 EF 34 A7 2F 00 00 EF 80 00 00 00 00 00 00 40 00 39 3E 22 3E 26 44 44 4F 80 1C 31 AD A4 59 58 8B 0C DA 8F 7A 76 0D 57 2B 40 30 35 3A C0 3D 2E 00 00 6A 07 18 F5 65
1785249430112,16:37:10.414,00 00 00 00 00 00 00 00 18 00 42 00 00 A2 EF 34 A7 2F 00 00 EF 80 00 00 00 00 00 00 40 00 38 3D BE 3D C1 44 44 4F 7F 54 31 AD A4 59 58 95 0C 62 87 77 7B 0D 58 2C 40 34 34 36 C0 3D 2E 00 00 6A 08 18 F5 65
1785249430612,16:37:10.891,00 00 00 00 00 00 00 00 18 00 42 00 00 A2 EF 34 A7 2F 00 00 EF 80 00 00 00 00 00 00 40 00 38 3D 7B 3D 62 44 44 4E 7F 74 31 AD A4 59 58 90 0B FD 86 75 81 0D 5B 2D 40 39 2E 2D BC 3C 2E 00 00 6A 0A 18 F5 65
1785249431113,16:37:11.411,00 00 00 00 00 00 00 00 18 00 42 00 00 A2 EF 34 A7 2F 00 00 EF 80 00 00 00 00 00 00 40 00 38 3D 5A 3D 4D 44 44 4E 7F 58 31 AD A4 59 58 75 0B F3 93 75 87 0D 5D 2F 40 3E 24 24 A9 3C 2E 00 00 6A 0C 17 F5 65
1785249431615,16:37:11.918,00 00 00 00 00 00 00 00 18 00 42 00 00 A2 EF 34 A7 2F 00 00 EF 80 00 00 00 00 00 00 40 00 38 3D 29 3D 07 44 44 4E 7F 90 31 AD A4 59 58 74 0C 72 91 77 86 0D 5D 2E 40 3E 24 26 AA 3C 2E 00 00 6A 0C 17 F5 65
1785249432117,16:37:12.416,00 00 00 00 00 00 00 00 18 00 42 00 00 A2 EF 34 A7 2F 00 00 EF 80 00 00 00 00 00 00 40 00 39 3C E8 3C E6 44 44 4D 7F 90 31 AD A4 59 58 96 0C A8 98 78 84 0D 5B 2D 40 3B 26 28 AF 3C 2E 00 00 6A 0B 17 F5 65
1785249432618,16:37:12.917,00 00 00 00 00 00 00 00 18 00 42 00 00 A2 EF 34 A7 2F 00 00 EF 80 00 00 00 00 00 01 60 00 39 3D CE 3D AC 44 44 4D 7F 74 31 AD A4 59 58 7E 0C 70 88 78 6A 0D 57 2B 40 09 31 33 BA 3C 2E 00 00 6A 02 18 F5 65
1785249433120,16:37:13.396,00 00 00 00 00 00 00 00 18 00 42 00 00 A2 EF 34 A7 2F 00 00 EF 80 00 00 00 00 00 01 60 00 38 4C CB 4C CE 44 44 4C 7D F8 31 AD A4 59 58 A5 0F E0 8D 76 74 0D 32 19 40 0E 31 29 00 3D 2E 00 00 6A 04 18 F5 65
1785249433624,16:37:13.899,00 00 00 00 00 00 00 00 18 00 42 00 00 A2 EF 34 A7 2F 00 00 EF 09 00 01 00 00 00 01 60 00 38 49 26 49 32 44 44 4B 7E C4 31 AD A4 59 58 A3 11 D2 89 76 64 0D 32 19 40 00 31 29 00 3D 2E 00 00 6A FB 17 F5 65
1785249434125,16:37:14.424,00 00 00 00 00 00 00 00 18 00 42 00 00 A2 EF 34 A7 2F 00 00 EF 09 00 01 00 00 00 01 60 00 38 46 EF 46 BD 44 44 49 7C B0 31 AD A4 59 58 A1 12 47 8B 76 64 0D 32 19 40 00 31 29 00 3D 2E 00 00 6A FB 16 F5 65
1785249434625,16:37:14.924,00 00 00 00 00 00 00 00 18 00 42 00 00 A2 EF 34 A7 2F 00 00 EF 09 00 01 00 00 00 01 60 00 38 45 42 45 2E 44 44 48 7C 74 31 AD A4 59 58 8E 12 33 8B 75 64 0D 32 19 40 00 31 29 00 3D 2E 00 00 6A FB 16 F5 65
1785249435126,16:37:15.401,00 00 00 00 00 00 00 00 18 00 42 00 00 A2 EF 34 A7 2F 00 00 EF 09 00 01 00 00 00 01 60 00 38 43 95 43 8B 44 44 46 7C 88 31 AD A5 59 58 97 11 DF 8B 73 64 0D 32 19 40 00 31 29 00 3D 2E 00 00 6A FB 16 F5 65
1785249435626,16:37:15.901,00 00 00 00 00 00 00 00 18 00 42 00 00 A2 EF 34 A7 2F 00 00 EF 09 00 01 00 00 00 01 60 00 38 41 FB 41 BD 44 44 44 7C 88 31 AD A4 59 58 9D 11 7F 8A 72 64 0D 32 19 40 00 31 29 00 3D 2E 00 00 6A FB 16 F5 65
1785249436145,16:37:16.424,00 00 00 00 00 00 00 00 18 00 42 00 00 A2 EF 34 A7 2F 00 00 EF 09 00 01 00 00 00 01 60 00 38 40 87 40 3F 44 44 43 7C 5C 31 AD A5 59 58 9E 11 13 87 72 64 0D 34 1A 40 00 31 29 00 3D 2E 00 00 6A FB 15 F5 65
1785249436647,16:37:16.919,00 00 00 00 00 00 00 00 18 00 42 00 00 A2 EF 34 A7 2F 00 00 EF 09 00 01 00 00 00 01 60 00 38 3F 12 3E EF 44 44 41 7D 24 31 AD A5 59 58 9C 10 9F 82 71 64 0D 33 1A 40 00 31 29 00 3D 2E 00 00 6A FB 15 F5 65
1785249437148,16:37:17.445,00 00 00 00 00 00 00 00 18 00 42 00 00 A2 EF 34 A7 2F 00 00 EF 09 00 09 00 00 00 01 60 00 38 3D F0 3D DB 44 44 40 7D 94 31 AE A4 59 58 89 10 57 82 70 64 0D 33 1A 40 00 31 29 00 3D 2F 00 00 6A FB 15 F5 65
1785249437649,16:37:17.946,00 00 00 00 00 00 00 00 18 00 42 00 00 A2 EF 34 A7 2F 00 00 EF 09 00 09 00 00 00 01 60 00 38 3C D8 3C 9F 44 44 3F 7D E0 31 AE A5 59 58 9B 0F FB 80 70 64 0D 32 19 40 00 31 29 00 3D 2F 00 00 6A FB 14 F5 65
1785249438149,16:37:18.423,00 00 00 00 00 00 00 00 18 00 42 00 00 A2 EF 34 A7 2F 00 00 EF 09 00 09 00 00 00 01 60 00 38 3B CA 3B 96 44 44 3E 7D E4 31 AE A5 59 58 96 0F BF 85 70 64 0D 33 19 40 00 31 29 00 3D 2F 00 00 6A FB 14 F5 65
1785249438650,16:37:18.936,00 00 00 00 00 00 00 00 18 00 42 00 00 A2 EF 34 A7 2F 00 00 EF 09 00 09 00 00 00 01 60 00 38 3A D4 3A AF 44 44 3D 7E 28 31 AE A5 59 58 9B 0F 7C 88 70 64 0D 33 1A 40 00 31 29 00 3D 2F 00 00 6A FB 14 F5 65
1785249439151,16:37:19.447,00 00 00 00 00 00 00 00 18 00 42 00 00 A2 EF 34 A7 2F 00 00 EF 09 00 09 00 00 00 01 60 00 38 39 F4 39 EE 44 44 3C 7E 5C 31 AE A5 59 58 95 0F 4B 7F 70 64 0D 3A 1D 40 00 31 29 00 3D 2F 00 00 6A FB 14 F5 65
1785249439652,16:37:19.947,00 00 00 00 00 00 00 00 18 00 42 00 00 A2 EF 34 A7 2F 00 00 EF 09 00 09 00 00 00 01 60 00 38 39 55 39 44 44 44 3B 7E 34 31 AE A5 59 58 96 0F 0C 86 6F 64 0D 40 20 40 01 31 29 00 3D 2F 00 00 6A FB 13 F5 65
1785249440153,16:37:20.450,00 00 00 00 00 00 00 00 18 00 42 00 00 A2 EF 34 A7 2F 00 00 EF 00 00 00 00 00 00 01 60 00 38 38 B8 38 B5 44 44 3A 7E 80 31 AE A5 59 58 85 0E E1 7F 6E 65 0D 48 24 40 0E 31 29 00 3D 2F 00 00 6A FF 13 F5 65
1785249440656,16:37:20.940,00 00 00 00 00 00 00 00 18 00 42 00 00 A2 EF 34 A7 2F 00 00 EF 00 00 00 00 00 00 01 60 00 38 38 57 38 57 44 44 3A 7E C8 31 AE A5 59 58 98 0E D4 80 6E 68 0D 4A 25 40 16 31 29 00 3D 2F 00 00 6A 02 13 F5 65
1785249441157,16:37:21.431,00 00 00 00 00 00 00 00 18 00 42 00 00 A2 EF 34 A7 2F 00 00 EF 80 00 00 00 00 00 01 60 00 38 38 9C 38 61 44 44 3A 7F 38 31 AE A5 59 58 98 0E E9 84 6F 69 0D 4C 26 40 1A 31 29 00 3D 2F 00 00 6A 03 17 F5 65
1785249441657,16:37:21.929,00 00 00 00 00 00 00 00 18 00 42 00 00 A2 EF 34 A7 2F 00 00 EF 80 00 00 00 00 00 01 60 00 38 38 9C 38 94 44 44 3A 80 4C 31 AE A4 59 58 94 0F 0B 83 70 6A 0D 4C 26 40 1A 31 29 00 3D 2F 00 00 6A 03 17 F5 65
1785249442158,16:37:22.457,00 00 00 00 00 00 00 00 18 00 42 00 00 A2 EF 34 A7 2F 00 00 EF 80 00 00 00 00 00 01 60 00 39 38 80 38 7B 44 44 3A 80 3C 31 AE A5 59 58 7C 0E 75 8E 72 69 0D 4B 25 40 19 31 29 A9 3D 2F 00 00 6A 02 17 F5 65
1785249442660,16:37:22.956,00 00 00 00 00 00 00 00 18 00 42 00 00 A2 EF 34 A7 2F 00 00 EF 09 00 09 00 00 00 01 60 00 39 37 46 37 2D 44 44 3A 80 6C 31 AE A5 59 58 82 0D F5 80 70 64 0D 33 19 40 01 31 29 00 3D 2F 00 00 6A FB 13 F5 65
1785249443161,16:37:23.460,00 00 00 00 00 00 00 00 18 00 42 00 00 A2 EF 34 A7 2F 00 00 EF 00 00 00 00 00 00 01 60 00 38 37 11 36 D2 44 44 3A 7E F8 31 AE A5 59 58 93 0E 74 83 6F 64 0D 5B 2D 40 17 31 29 00 3D 2F 00 00 6A 00 13 F5 65
1785249443662,16:37:23.962,00 00 00 00 00 00 00 00 18 00 42 00 00 A2 EF 34 A7 2F 00 00 EF 10 00 00 00 00 00 01 60 00 38 56 AD 56 FF 44 44 3A 7F 38 31 AE A5 59 58 AE 11 5C 9B 72 A1 00 8A 45 40 D6 1A 1F 00 3D 2F 00 00 6A 14 1C F5 65
1785249444163,16:37:24.460,00 00 00 00 00 00 00 00 18 00 42 00 00 A2 EF 34 A7 2F 00 00 EF 09 00 01 00 00 00 01 60 00 39 4D EA 4D B2 44 44 3A 7F E4 31 AE A5 59 58 AC 17 5E A3 80 64 0D 32 19 40 01 1E 16 00 3C 2E 00 00 6A FB 18 F5 65
1785249444664,16:37:24.948,00 00 00 00 00 00 00 00 18 00 42 00 00 A2 EF 34 A7 2F 00 00 EF 09 00 01 00 00 00 01 78 00 39 4C 64 4C 4B 44 44 3A 80 8C 31 AE A5 59 58 A6 15 9E 94 7D 64 0D 32 19 40 00 1E 16 00 3C 2E 00 00 6A FB 17 F5 65
1785249445166,16:37:25.463,00 00 00 00 00 00 00 00 18 00 42 00 00 A2 EF 34 A7 2F 00 00 EF 09 00 01 00 00 00 01 78 00 38 4B 06 4A FB 44 44 39 7D 70 31 AE A5 59 58 97 14 7E 92 79 64 0D 32 19 40 00 1E 16 00 3C 2E 00 00 6A FB 17 F5 65
1785249445667,16:37:25.969,00 00 00 00 00 00 00 00 18 00 42 00 00 A2 EF 34 A7 2F 00 00 EF 09 00 01 00 00 00 01 78 00 38 47 E4 47 C7 44 44 37 7C 78 31 AE A5 59 58 A2 13 7F 88 75 64 0D 32 19 40 00 1E 16 00 3C 2E 00 00 6A FB 16 F5 65
1785249446168,16:37:26.457,00 00 00 00 00 00 00 00 18 00 42 00 00 A2 EF 34 A7 2F 00 00 EF 09 00 01 00 00 00 01 78 00 38 44 21 44 03 44 44 34 7B 4C 31 AE A5 59 58 9E 12 9D 86 73 64 0D 32 19 40 00 1E 16 00 3C 2E 00 00 6A FB 16 F5 65
1785249446668,16:37:26.965,00 00 00 00 00 00 00 00 18 00 42 00 00 A2 EF 34 A7 2F 00 00 EF 09 00 01 00 00 00 01 78 00 38 40 2D 40 23 44 44 31 7A 94 31 AE A5 59 58 90 11 A1 8C 73 64 0D 32 19 40 00 1E 16 00 3C 2E 00 00 6A FB 15 F5 65
1785249447170,16:37:27.483,00 00 00 00 00 00 00 00 18 00 42 00 00 A2 EF 34 A7 2F 00 00 EF 09 00 09 00 00 00 01 78 00 38 3C 18 3C 01 44 44 2E 7A 4C 31 AE A5 59 58 93 10 B1 84 71 64 0D 32 19 40 00 1E 16 00 3C 2E 00 00 6A FB 14 F5 65
1785249447672,16:37:27.956,00 00 00 00 00 00 00 00 18 00 42 00 00 A2 EF 34 A7 2F 00 00 EF 09 00 09 00 00 00 01 78 00 38 38 2D 38 50 44 44 2C 7A 80 31 AE A5 59 58 8B 0F B3 8A 71 64 0D 32 19 40 00 1E 16 00 3C 2E 00 00 6A FB 13 F5 65
1785249448172,16:37:28.472,00 00 00 00 00 00 00 00 18 00 42 00 00 A2 EF 34 A7 2F 00 00 EF 09 00 09 00 00 00 01 78 00 38 34 68 34 30 44 44 29 7A 6C 31 AE A5 59 56 7F 0E AD 80 6F 64 0D 32 19 40 00 1E 16 00 3C 2E 00 00 6A FB 12 F5 65
1785249448672,16:37:28.946,00 00 00 00 00 00 00 00 18 00 42 00 00 A2 EF 34 A7 2F 00 00 EF 09 00 09 00 00 00 01 78 00 38 30 2F 30 2A 44 44 26 7A 20 31 AE A5 59 56 8E 0D 9B 7D 6E 64 0D 32 19 40 00 1E 16 00 3C 2E 00 00 6A FB 11 F5 65
1785249449173,16:37:29.446,00 00 00 00 00 00 00 00 18 00 42 00 00 A2 EF 34 A7 2F 00 00 EF 09 00 09 00 00 00 01 78 00 38 2B EC 2B BE 44 44 23 79 E0 31 AE A5 59 56 75 0C 7F 87 6C 64 0D 32 19 40 00 1E 16 00 3C 2E 00 00 6A FB 10 F5 65
1785249449675,16:37:29.970,00 00 00 00 00 00 00 00 18 00 42 00 00 A2 EF 34 A7 2F 00 00 EF 01 00 09 00 00 00 01 78 00 38 26 52 26 50 44 44 1F 79 AC 31 AE A5 59 56 7E 0B 2D 85 6C 64 0D 32 19 40 00 1E 16 00 3C 2E 00 00 6A FE 0E F5 65
1785249450177,16:37:30.489,00 00 00 00 00 00 00 00 18 00 42 00 00 A2 EF 34 A7 2F 00 00 EF 81 00 09 00 00 00 01 78 00 38 20 A4 20 28 44 44 1B 77 A4 31 AE A5 59 56 6F 09 BF 78 6B 64 0D 32 19 40 00 1E 16 00 3C 2E 00 00 6A 04 13 F5 65
1785249450679,16:37:30.974,00 00 00 00 00 00 00 00 18 00 42 00 00 A2 EF 34 A7 2F 00 00 EF 81 00 09 00 00 00 01 78 00 38 1E 18 1E 10 44 44 17 77 60 31 AE A5 59 56 81 08 88 7E 6B 64 0D 32 19 40 00 1E 16 00 3C 2E 00 00 6A 06 12 F5 65
1785249451181,16:37:31.456,00 00 00 00 00 00 00 00 18 00 42 00 00 A2 EF 34 A7 2F 00 00 EF 81 00 09 00 00 00 01 78 00 38 1D FC 1D DB 44 44 14 7A BC 31 AE A5 59 56 79 08 06 81 6A 64 0D 32 19 40 00 1E 16 00 3C 2E 00 00 6A 06 12 F5 65
1785249451684,16:37:31.986,00 00 00 00 00 00 00 00 18 00 42 00 00 A2 EF 34 A7 2F 00 00 EF 81 00 09 00 00 00 01 38 00 38 1E F8 1E F1 44 44 13 7C B0 31 AE A5 59 56 66 07 DD 77 6A 64 0D 32 19 40 00 1E 16 00 3C 2E 00 00 6A 05 12 F5 65
1785249452186,16:37:32.481,00 00 00 00 00 00 00 00 18 00 42 00 00 A2 EF 34 A7 2F 00 00 EF 81 00 09 00 00 00 01 28 00 38 20 3A 20 30 44 44 12 7D 98 31 AE A4 59 56 69 08 1E 81 6A 64 0D 32 19 40 00 1E 16 00 3C 2E 00 00 6A 04 13 F5 65
1785249452688,16:37:32.967,00 00 00 00 00 00 00 00 18 00 42 00 00 A2 EF 34 A7 2F 00 00 EF 80 00 00 00 00 00 01 20 00 38 1E 9C 1E 93 44 44 11 7D 5C 31 AE A4 59 56 5D 08 04 77 6A 64 0D 48 24 40 07 1E 16 00 3C 2E 00 00 6A 07 12 F5 65
1785249453189,16:37:33.474,00 00 00 00 00 00 00 00 18 00 42 00 00 A2 EF 34 A7 2F 00 00 EF 90 00 00 00 00 00 01 20 00 38 1E E7 1E E7 44 44 10 7D D8 31 AE A4 59 56 78 07 EE 84 6A 69 0D 67 33 40 48 1E 16 00 3C 2E 00 00 6A 17 11 F5 65
1785249453690,16:37:33.969,00 00 00 00 00 00 00 00 18 00 42 00 00 A2 EF 34 A7 2F 00 00 EF 90 00 00 00 00 00 01 20 00 38 20 5F 20 71 44 44 10 80 84 31 AE A4 59 56 66 08 2A 7C 6B 6D 0D 78 3C 40 6E 1E 16 00 3B 2D 00 00 6A 1A 14 F5 65
1785249454192,16:37:34.488,00 00 00 00 00 00 00 00 18 00 42 00 00 A2 EF 34 A7 2F 00 00 EF 90 00 00 00 00 00 01 20 00 38 22 FB 23 07 44 44 12 82 30 31 AE A4 59 56 6C 08 CE 81 6E 72 0D 7C 3E 40 7C 1E 16 00 3B 2D 00 00 6A 1A 14 F5 65
1785249454694,16:37:34.992,00 00 00 00 00 00 00 00 18 00 42 00 00 A2 EF 34 A7 2F 00 00 EF 90 00 00 00 00 00 01 20 00 38 25 C7 25 B1 44 44 13 81 F8 31 AE A4 59 56 89 09 90 89 71 76 0D 7D 3E 40 7F 15 17 00 3B 2D 00 00 6A 19 14 F5 65
1785249455196,16:37:35.479,00 00 00 00 00 00 00 00 18 00 42 00 00 A2 EF 34 A7 2F 00 00 EF 90 00 00 00 00 00 01 20 00 39 28 5A 28 6B 44 44 13 81 84 31 AE A4 59 56 8D 0A 7C 88 73 7B 0D 7E 3F 40 81 15 17 7F 3B 2D 00 00 6A 19 14 F5 65
1785249455696,16:37:35.996,00 00 00 00 00 00 00 00 18 00 42 00 00 A2 EF 34 A7 2F 00 00 EF 90 00 00 00 00 00 01 60 00 39 2B 35 2B 6C 44 44 14 82 18 31 AE A4 59 56 75 0B 64 96 77 81 0D 7F 3F 40 82 15 17 90 3B 2D 00 00 6A 1A 15 F5 65
1785249456197,16:37:36.476,00 00 00 00 00 00 00 00 18 00 42 00 00 A2 EF 34 A7 2F 00 00 EF 90 00 00 00 00 00 01 60 00 38 2E 77 2E 6D 44 44 16 82 DC 31 AE A5 59 56 7B 0C 20 96 7B 85 0D 80 40 40 85 15 18 A0 3B 2D 00 00 6A 19 14 F5 65
1785249456699,16:37:36.998,00 00 00 00 00 00 00 00 18 00 42 00 00 A2 EF 34 A7 2F 00 00 EF 90 00 00 00 00 00 01 60 00 38 31 12 31 31 44 44 17 83 54 31 AE A5 59 56 8D 0C 9A 93 7E 87 0D 81 40 40 87 16 19 A4 3B 2D 00 00 6A 17 14 F5 65
1785249457201,16:37:37.503,00 00 00 00 00 00 00 00 18 00 42 00 00 A2 EF 34 A7 2F 00 00 EF 90 00 00 00 00 00 01 60 00 38 33 F1 33 E3 44 44 19 82 AC 31 AE A5 59 56 95 0D 14 94 7E 8B 0D 81 40 40 89 17 19 A5 3B 2D 00 00 6A 17 14 F5 65
1785249457703,16:37:38.015,00 00 00 00 00 00 00 00 18 00 42 00 00 A2 EF 34 A7 2F 00 00 EF 90 00 00 00 00 00 01 60 00 38 38 49 38 84 44 44 1B 83 14 31 AE A5 59 56 8B 0D 88 A2 80 92 0D 82 40 40 89 18 18 A6 3B 2D 00 00 6A 17 15 F5 65
1785249458204,16:37:38.505,00 00 00 00 00 00 00 00 18 00 42 00 00 A2 EF 34 A7 2F 00 00 EF 90 00 00 00 00 00 01 60 00 38 3E 44 3E 31 44 44 1E 85 58 31 AE A5 59 56 8B 0E 4D 9B 82 9D 00 84 42 40 8E 18 16 A6 3B 2D 00 00 6A 18 17 F5 65
1785249458705,16:37:38.980,00 00 00 00 00 00 00 00 18 00 42 00 00 A2 EF 34 A7 2F 00 00 EF 90 00 00 00 00 00 01 60 00 38 44 DA 44 DA 44 44 21 86 18 31 AE A5 59 56 87 0F 83 AA 87 A3 00 86 42 40 92 19 15 A3 3B 2D 00 00 6A 19 1A F5 65
1785249459206,16:37:39.506,00 00 00 00 00 00 00 00 18 00 42 00 00 A2 EF 34 A7 2F 00 00 EF 80 00 00 00 00 00 01 60 00 38 4A 73 49 F0 44 44 24 86 90 31 AE A5 59 56 9E 11 8A 9B 8B 6D 0D 32 19 40 06 31 2E 6E 3C 2E 00 00 6A 02 17 F5 65
1785249459707,16:37:40.000,00 00 00 00 00 00 00 00 18 00 42 00 00 A2 EF 34 A7 2F 00 00 EF 08 00 08 00 00 00 01 60 00 38 34 B1 34 4B 44 44 24 80 6C 31 AE A5 59 56 99 11 35 8F 80 64 0D 46 23 40 03 31 2E 00 3C 2E 00 00 6A FB 12 F5 65
1785249460208,16:37:40.505,00 00 00 00 00 00 00 00 18 00 42 00 00 A2 EF 34 A7 2F 00 00 EF 80 00 00 00 00 00 01 60 00 38 31 1D 31 A5 44 44 24 80 98 31 AE A5 59 56 99 0F 18 8D 79 8A 0D 6C 36 40 54 18 1F 00 3C 2E 00 00 6A 19 15 F5 65
1785249460709,16:37:40.984,00 00 00 00 00 00 00 00 18 00 42 00 00 A2 EF 34 A7 2F 00 00 EF 90 00 00 00 00 00 01 60 00 38 34 BD 34 B4 44 44 27 84 30 31 AE A5 59 56 93 0F 35 9E 7E 91 0E 75 3A 40 6B 17 19 00 3B 2D 00 00 6A 1A 16 F5 65
1785249461210,16:37:41.485,00 00 00 00 00 00 00 00 18 00 42 00 00 A2 EF 34 A7 2F 00 00 EF 90 00 00 00 00 00 01 60 00 38 37 E8 37 EB 44 44 29 84 C8 31 AE A5 59 56 8F 10 55 AE 86 98 11 77 3B 40 72 17 19 00 3B 2D 00 00 6A 1A 16 F5 65
1785249461710,16:37:42.008,00 00 00 00 00 00 00 00 18 00 42 00 00 A2 EF 34 A7 2F 00 00 EF 90 00 00 00 00 00 01 60 00 38 3B 4E 3B 34 44 44 2B 84 CC 31 AE A5 59 56 9F 11 AA AE 8D 9F 00 7B 3D 40 79 19 19 78 3B 2D 00 00 6A 1B 18 F5 65
1785249462211,16:37:42.482,00 00 00 00 00 00 00 00 18 00 42 00 00 A2 EF 34 A7 2F 00 00 EF 90 00 00 00 00 00 01 60 00 39 3E 99 3E 74 44 44 2E 84 BC 31 AE A5 59 56 9F 13 54 C0 95 A5 00 7C 3E 40 7C 1A 19 67 3B 2D 00 00 6A 1C 19 F5 65
1785249462713,16:37:43.008,00 00 00 00 00 00 00 00 18 00 42 00 00 A2 EF 34 A7 2F 00 00 EF 90 00 00 00 00 00 01 60 00 39 42 35 42 35 44 44 30 85 48 31 AE A5 59 56 A3 15 39 C1 9D A8 00 7A 3D 40 7A 1A 19 67 3B 2D 00 00 6A 1C 1B F5 65
1785249463213,16:37:43.499,00 00 00 00 00 00 00 00 18 00 42 00 00 A2 EF 34 A7 2F 00 00 EF 80 00 00 00 00 00 01 60 00 39 45 18 45 27 44 44 33 85 3C 31 AE A6 59 56 8E 16 4A C3 A2 9C 14 69 34 40 5E 19 21 A4 3B 2D 00 00 6A 14 18 F5 65
1785249463714,16:37:44.007,00 00 00 00 00 00 00 00 18 00 42 00 00 A2 EF 34 A7 2F 00 00 EF 80 00 00 00 00 00 01 60 00 39 45 57 45 27 44 44 34 83 44 31 AE A5 59 56 84 13 00 AC 99 6F 0D 32 19 40 0F 2D 40 A8 3C 2E 00 00 6A 03 16 F5 65
1785249464215,16:37:44.512,00 00 00 00 00 00 00 00 18 00 42 00 00 A2 EF 34 A7 2F 00 00 EF 09 00 01 00 00 00 01 60 00 38 45 D6 45 B7 44 44 33 7E F0 31 AE A5 59 56 91 12 52 8F 82 64 0D 32 19 40 00 2D 40 00 3C 2E 00 00 6A FB 16 F5 65
1785249464716,16:37:45.012,00 00 00 00 00 00 00 00 18 00 42 00 00 A2 EF 34 A7 2F 00 00 EF 09 00 01 00 00 00 01 60 00 38 43 45 43 3B 44 44 32 7D DC 31 AE A5 59 56 97 11 E6 88 79 64 0D 32 19 40 00 2D 40 00 3C 2E 00 00 6A FB 16 F5 65
1785249465216,16:37:45.518,00 00 00 00 00 00 00 00 18 00 42 00 00 A2 EF 34 A7 2F 00 00 EF 09 00 01 00 00 00 01 60 00 38 41 B0 41 9E 44 44 31 7D DC 31 AE A5 59 56 8B 11 63 85 75 64 0D 32 19 40 00 2D 40 00 3C 2E 00 00 6A FB 16 F5 65
1785249465717,16:37:46.019,00 00 00 00 00 00 00 00 18 00 42 00 00 A2 EF 34 A7 2F 00 00 EF 09 00 01 00 00 00 01 60 00 38 40 51 40 35 44 44 30 7D D4 31 AE A5 59 56 9F 11 06 84 73 64 0D 32 19 40 00 2D 40 00 3C 2E 00 00 6A FB 15 F5 65
1785249466218,16:37:46.517,00 00 00 00 00 00 00 00 18 00 42 00 00 A2 EF 34 A7 2F 00 00 EF 09 00 01 00 00 00 01 60 00 38 3F 01 3E D1 44 44 2F 7E 00 31 AE A5 59 56 9E 10 9C 85 71 64 0D 32 19 40 00 2D 40 00 3C 2E 00 00 6A FB 15 F5 65
1785249466719,16:37:47.001,00 00 00 00 00 00 00 00 18 00 42 00 00 A2 EF 34 A7 2F 00 00 EF 09 00 09 00 00 00 01 60 00 38 3D 9C 3D 87 44 44 2E 7E 1C 31 AE A5 59 56 8A 10 4C 83 71 64 0D 32 19 40 00 2D 40 00 3C 2E 00 00 6A FB 15 F5 65
1785249467220,16:37:47.521,00 00 00 00 00 00 00 00 18 00 42 00 00 A2 EF 34 A7 2F 00 00 EF 09 00 09 00 00 00 01 60 00 38 3C 48 3C 64 44 44 2D 7D F8 31 AE A5 59 56 97 0F E8 89 70 64 0D 32 19 40 00 2D 40 00 3C 2E 00 00 6A FB 14 F5 65
1785249467722,16:37:48.022,00 00 00 00 00 00 00 00 18 00 42 00 00 A2 EF 34 A7 2F 00 00 EF 09 00 09 00 00 00 01 60 00 38 3A D4 3A C0 44 44 2C 7D E8 31 AE A5 59 56 87 0F 9B 87 70 64 0D 32 19 40 00 2D 40 00 3C 2E 00 00 6A FB 14 F5 65
1785249468223,16:37:48.522,00 00 00 00 00 00 00 00 18 00 42 00 00 A2 EF 34 A7 2F 00 00 EF 09 00 09 00 00 00 01 60 00 38 39 71 39 6C 44 44 2B 7E 08 31 AE A5 59 56 92 0F 44 89 70 64 0D 32 19 40 00 2D 40 00 3C 2E 00 00 6A FB 13 F5 65
1785249468724,16:37:48.997,00 00 00 00 00 00 00 00 18 00 42 00 00 A2 EF 34 A7 2F 00 00 EF 09 00 09 00 00 00 01 60 00 38 38 1F 38 21 44 44 2A 7E 40 31 AE A5 59 56 97 0E EE 87 6F 64 0D 32 19 40 00 2D 40 00 3C 2E 00 00 6A FB 13 F5 65
1785249469225,16:37:49.525,00 00 00 00 00 00 00 00 18 00 42 00 00 A2 EF 34 A7 2F 00 00 EF 09 00 09 00 00 00 01 60 00 39 36 B5 36 8F 44 44 29 7D E4 31 AE A5 59 56 94 0E 84 80 6E 64 0D 32 19 40 00 2D 40 00 3C 2E 00 00 6A FB 13 F5 65
1785249469725,16:37:50.026,00 00 00 00 00 00 00 00 18 00 42 00 00 A2 EF 34 A7 2F 00 00 EF 09 00 09 00 00 00 01 78 00 39 35 1F 35 0E 44 44 28 7E 34 31 AE A5 59 56 82 0E 2B 7F 6E 64 0D 32 19 40 00 2D 40 00 3C 2E 00 00 6A FB 12 F5 65
1785249470225,16:37:50.525,00 00 00 00 00 00 00 00 18 00 42 00 00 A2 EF 34 A7 2F 00 00 EF 09 00 09 00 00 00 01 78 00 38 32 D1 32 C4 44 44 26 7D 34 31 AE A5 59 56 8A 0D B9 85 6E 64 0D 32 19 40 00 2D 40 00 3C 2E 00 00 6A FB 12 F5 65
1785249470726,16:37:51.032,00 00 00 00 00 00 00 00 18 00 42 00 00 A2 EF 34 A7 2F 00 00 EF 09 00 09 00 00 00 01 78 00 38 2F 4A 2F 17 44 44 24 7B C8 31 AE A5 59 56 80 0D 1B 82 6F 64 0D 32 19 40 00 2D 40 00 3C 2E 00 00 6A FB 11 F5 65
1785249471227,16:37:51.528,00 00 00 00 00 00 00 00 18 00 42 00 00 A2 EF 34 A7 2F 00 00 EF 09 00 09 00 00 00 01 78 00 38 2B 56 2B 4D 44 44 21 7A 9C 31 AE A5 59 56 7E 0C 16 7D 6D 64 0D 32 19 40 00 2D 40 00 3C 2E 00 00 6A FB 10 F5 65
1785249471728,16:37:52.024,00 00 00 00 00 00 00 00 18 00 42 00 00 A2 EF 34 A7 2F 00 00 EF 01 00 09 00 00 00 01 78 00 38 27 59 27 4E 44 44 1E 7A 0C 31 AE A5 59 56 78 0B 13 79 6C 64 0D 32 19 40 00 2D 40 00 3C 2E 00 00 6A FD 0F F5 65
1785249472229,16:37:52.527,00 00 00 00 00 00 00 00 18 00 42 00 00 A2 EF 34 A7 2F 00 00 EF 01 00 09 00 00 00 01 60 00 39 25 B4 25 CE 44 44 1C 7B 9C 31 AE A5 59 56 85 0A 50 7F 6B 64 0D 32 19 40 00 2D 40 00 3C 2E 00 00 6A FF 0E F5 65
1785249472729,16:37:53.030,00 00 00 00 00 00 00 00 18 00 42 00 00 A2 EF 34 A7 2F 00 00 EF 80 00 00 00 00 00 01 60 00 39 26 52 26 A1 44 44 1B 7E 54 31 AE A5 59 56 85 09 C9 7E 6B 67 0D 59 2C 40 28 4D 58 00 3C 2E 00 00 6A 07 15 F5 65
1785249473230,16:37:53.530,00 00 00 00 00 00 00 00 18 00 42 00 00 A2 EF 34 A7 2F 00 00 EF 90 00 00 00 00 00 01 60 00 38 25 03 24 D9 44 44 1B 7F 20 31 AE A5 59 56 83 09 A9 82 6C 72 0D 69 34 40 51 17 1D 00 3C 2E 00 00 6A 15 12 F5 65
1785249473731,16:37:54.005,00 00 00 00 00 00 00 00 18 00 42 00 00 A2 EF 34 A7 2F 00 00 EF 90 00 00 00 00 00 01 60 00 38 28 29 27 D2 44 44 1D 83 28 31 AE A5 59 56 70 0A 3F 8A 6E 7A 0D 70 38 40 64 15 18 00 3C 2E 00 00 6A 19 14 F5 65
1785249474232,16:37:54.539,00 00 00 00 00 00 00 00 18 00 42 00 00 A2 EF 34 A7 2F 00 00 EF 90 00 00 00 00 00 01 60 00 38 2A 17 2A 54 44 44 1F 81 1C 31 AE A5 59 56 80 0A FC 8A 73 7F 0D 54 2A 40 53 15 17 00 3B 2D 00 00 6A 19 14 F5 65
1785249474734,16:37:55.021,00 00 00 00 00 00 00 00 18 00 42 00 00 A2 EF 34 A7 2F 00 00 EF 90 00 00 00 00 00 01 60 00 38 3C 48 3C 93 44 44 1F 81 E4 31 AE A5 59 56 8A 0D 54 8D 73 73 0D 99 4C 40 B5 15 17 00 3C 2E 00 00 6A 07 18 F5 65
1785249475234,16:37:55.548,00 00 00 00 00 00 00 00 18 00 42 00 00 A2 EF 34 A7 2F 00 00 EF 01 00 01 00 00 00 01 60 00 39 3E CD 3E 86 44 44 1F 7F 44 31 AE A5 59 56 98 10 65 8F 75 64 0D 3D 1F 40 01 38 3B 00 3C 2E 00 00 6A FC 15 F5 65
1785249475737,16:37:56.011,00 00 00 00 00 00 00 00 18 00 42 00 00 A2 EF 34 A7 2F 00 00 EF 90 00 00 00 00 00 01 60 00 39 3F 58 3F A0 44 44 1E 7F 08 31 AE A5 59 56 9E 10 86 8E 75 96 00 72 39 40 5C 2D 3A 00 3C 2E 00 00 6A 12 17 F5 65
1785249476238,16:37:56.550,00 00 00 00 00 00 00 00 18 00 42 00 00 A2 EF 34 A7 2F 00 00 EF 90 00 00 00 00 00 01 60 00 38 42 48 42 6C 44 44 20 82 64 31 AE A5 59 56 A0 12 27 A1 7F 9E 00 7E 3F 40 7D 19 1B 00 3B 2D 00 00 6A 17 19 F5 65
1785249476740,16:37:57.014,00 00 00 00 00 00 00 00 18 00 42 00 00 A2 EF 34 A7 2F 00 00 EF 90 00 00 00 00 00 01 60 00 38 48 C9 48 CA 44 44 23 85 88 31 AE A5 59 56 A1 15 62 BF 91 AB 00 83 41 40 8A 19 18 00 3B 2D 00 00 6A 1C 1C F5 65
1785249477241,16:37:57.521,00 00 00 00 00 00 00 00 18 00 42 00 00 A2 EF 34 A7 2F 00 00 EF 90 00 00 00 00 00 01 60 00 38 50 7C 50 C5 44 44 26 87 30 31 AE A6 59 56 B8 19 F4 D9 A5 B1 00 83 41 40 8D 19 18 67 3B 2D 00 00 6A 1D 1D F5 65
1785249477742,16:37:58.044,00 00 00 00 00 00 00 00 18 00 42 00 00 A2 EF 34 A7 2F 00 00 EF 80 00 00 00 00 00 01 60 00 38 57 95 57 5D 44 44 2A 87 94 31 AE A6 59 56 B6 1E D4 F7 B9 AE A9 70 38 40 7F 19 18 67 3B 2D 00 00 6A 18 1C F5 65
1785249478243,16:37:58.522,00 00 00 00 00 00 00 00 18 00 42 00 00 A2 EF 34 A7 2F 00 00 EF 09 00 01 00 00 00 01 60 00 38 47 B7 47 24 44 44 2C 85 4C 31 AE A6 59 56 A9 1A FF B1 A6 64 0D 32 19 40 01 37 45 00 3C 2E 00 00 6A FB 16 F5 65
1785249478745,16:37:59.046,00 00 00 00 00 00 00 00 18 00 42 00 00 A2 EF 34 A7 2F 00 00 EF 80 00 00 00 00 00 01 60 00 38 3B 2F 3B CF 44 44 2B 7F 6C 31 AE A6 59 56 9F 14 1A 94 89 6D 0D 56 2B 40 25 37 45 00 3C 2E 00 00 6A 05 18 F5 65
1785249479247,16:37:59.547,00 00 00 00 00 00 00 00 18 00 42 00 00 A2 EF 34 A7 2F 00 00 EF 80 00 00 00 00 00 01 60 00 38 3A D4 3B 02 44 44 2B 7F 34 31 AE A6 59 56 94 11 B3 92 7E 87 0D 64 32 40 45 1E 30 00 3C 2E 00 00 6A 0F 18 F5 65
1785249479749,16:38:00.052,00 00 00 00 00 00 00 00 18 00 42 00 00 A2 EF 34 A7 2F 00 00 EF 80 00 00 00 00 00 01 60 00 38 3C B8 3C 93 44 44 2C 81 F4 31 AE A6 59 56 9C 11 BA A8 83 9B 00 71 38 40 62 18 1C 00 3B 2D 00 00 6A 18 17 F5 65
1785249480250,16:38:00.554,00 00 00 00 00 00 00 00 18 00 42 00 00 A2 EF 34 A7 2F 00 00 EF 80 00 00 00 00 00 01 60 00 38 3F 35 3F 4E 44 44 2E 83 AC 31 AE A6 59 56 97 12 FE B4 8D 9F 00 70 38 40 65 18 1B 00 3B 2D 00 00 6A 19 18 F5 65
1785249480755,16:38:01.090,00 00 00 00 00 00 00 00 18 00 42 00 00 A2 EF 34 A7 2F 00 00 EF 80 00 00 00 00 00 01 60 00 38 41 C3 41 74 44 44 30 84 3C 31 AE A5 59 56 9F 12 3C B5 92 9E 00 6F 37 40 63 18 1B A3 3B 2D 00 00 6A 17 18 F5 65
1785249481257,16:38:01.553,00 00 00 00 00 00 00 00 18 00 42 00 00 A2 EF 34 A7 2F 00 00 EF 80 00 00 00 00 00 01 60 00 38 43 D1 43 BD 44 44 32 83 9C 31 AE A6 59 56 82 11 32 AE 90 9B 00 6B 35 40 5C 1A 1D A8 3C 2E 00 00 6A 14 18 F4 65
1785249481758,16:38:02.047,00 00 00 00 00 00 00 00 18 00 42 00 00 A2 EF 34 A7 2F 00 00 EF 80 00 00 00 00 00 01 60 00 38 45 6C 45 21 44 44 33 82 D0 31 AE A5 59 56 9D 10 48 A6 8B 98 00 68 34 40 56 19 1E B3 3C 2E 00 00 6A 12 17 F4 65
1785249482261,16:38:02.542,00 00 00 00 00 00 00 00 18 00 42 00 00 A2 EF 34 A7 2F 00 00 EF 80 00 00 00 00 00 01 60 00 38 46 57 46 4C 44 44 34 82 48 31 AE A5 59 56 98 0F 43 9F 88 91 0D 62 31 40 4B 1D 22 BA 3C 2E 00 00 6A 0E 16 F5 65
1785249482763,16:38:03.063,00 00 00 00 00 00 00 00 18 00 42 00 00 A2 EF 34 A7 2F 00 00 EF 80 00 00 00 00 00 01 60 00 38 47 05 47 1A 44 44 35 81 3C 31 AE A5 59 56 7A 0E 8D 97 83 7F 0D 56 2B 40 37 3B 38 B1 3C 2E 00 00 6A 08 16 F4 65
1785249483263,16:38:03.582,00 00 00 00 00 00 00 00 18 00 42 00 00 A2 EF 34 A7 2F 00 00 EF 09 00 01 00 00 00 01 60 00 39 43 95 43 7A 44 44 34 80 40 31 AE A5 59 56 90 0F B7 85 77 64 0D 32 19 40 00 3B 38 00 3C 2E 00 00 6A FB 16 F4 64
1785249483763,16:38:04.062,00 00 00 00 00 00 00 00 18 00 42 00 00 A2 EF 34 A7 2F 00 00 EF 09 00 01 00 00 00 01 60 00 39 43 BD 43 B3 44 44 33 7E 28 30 AE A5 59 56 96 10 EF 86 74 64 0D 32 19 40 00 3B 38 00 3C 2E 00 00 6A FB 16 F4 64
1785249484263,16:38:04.564,00 00 00 00 00 00 00 00 18 00 42 00 00 A2 EF 34 A7 2F 00 00 EF 09 00 01 00 00 00 00 40 00 38 42 F6 42 F0 44 44 32 7D A8 30 AE A6 59 56 93 11 2B 87 72 64 0D 32 19 40 00 3B 38 00 3C 2E 00 00 6A FB 16 F4 64
1785249484764,16:38:05.064,00 00 00 00 00 00 00 00 18 00 42 00 00 A2 EF 34 A7 2F 00 00 EF 09 00 01 00 00 00 00 40 00 38 41 B0 41 96 44 44 31 7E 08 31 AE A5 59 56 9E 11 18 8C 72 64 0D 32 19 40 00 3B 38 00 3C 2E 00 00 6A FB 15 F4 64
1785249485265,16:38:05.565,00 00 00 00 00 00 00 00 18 00 42 00 00 A2 EF 34 A7 2F 00 00 EF 09 00 01 00 00 00 00 40 00 38 40 87 40 31 44 44 30 7E 24 30 AE A6 59 56 9E 10 DD 88 72 64 0D 32 19 40 00 3B 38 00 3C 2E 00 00 6A FB 15 F5 64
1785249485769,16:38:06.070,00 00 00 00 00 00 00 00 18 00 42 00 00 A2 EF 34 A7 2F 00 00 EF 09 00 01 00 00 00 00 40 00 38 3F 35 3F 07 44 44 2F 7E 2C 30 AE A6 59 56 99 10 92 82 71 64 0D 32 19 40 00 3B 38 00 3C 2E 00 00 6A FB 15 F5 64
1785249486270,16:38:06.553,00 00 00 00 00 00 00 00 18 00 42 00 00 A2 EF 34 A7 2F 00 00 EF 09 00 09 00 00 00 00 40 00 38 3D F0 3D D7 44 44 2E 7E 00 31 AE A6 59 56 88 10 5B 82 71 64 0D 32 19 40 00 3B 38 00 3C 2E 00 00 6A FB 15 F5 65
1785249486773,16:38:07.051,00 00 00 00 00 00 00 00 18 00 42 00 00 A2 EF 34 A7 2F 00 00 EF 09 00 09 00 00 00 00 58 00 38 3B D9 3B B0 44 44 2D 7D E4 30 AE A6 59 56 8D 0F F6 83 70 64 0D 32 19 40 00 3B 38 00 3C 2E 00 00 6A FB 14 F4 65
1785249487274,16:38:07.571,00 00 00 00 00 00 00 00 18 00 42 00 00 A2 EF 34 A7 2F 00 00 EF 09 00 09 00 00 00 00 58 00 38 38 AA 38 C8 44 44 2B 7C 50 30 AE A6 59 56 89 0F 6B 80 70 64 0D 32 19 40 00 3B 38 00 3C 2E 00 00 6A FB 13 F5 65
1785249487775,16:38:08.080,00 00 00 00 00 00 00 00 18 00 42 00 00 A2 EF 34 A7 2F 00 00 EF 09 00 09 00 00 00 00 58 00 38 34 98 34 76 44 44 29 7A B4 30 AE A6 59 56 8E 0E 95 7F 6F 64 0D 32 19 40 00 3B 38 00 3C 2E 00 00 6A FB 12 F4 64
1785249488277,16:38:08.572,00 00 00 00 00 00 00 00 18 00 42 00 00 A2 EF 34 A7 2F 00 00 EF 09 00 09 00 00 00 00 58 00 38 31 92 31 99 44 44 26 79 F8 30 AE A6 59 56 8C 0D A3 7E 6E 64 0D 32 19 40 00 3B 38 00 3C 2E 00 00 6A FB 12 F4 64
1785249488780,16:38:09.069,00 00 00 00 00 00 00 00 18 00 42 00 00 A2 EF 34 A7 2F 00 00 EF 01 00 09 00 00 00 00 40 00 38 30 43 30 4B 44 44 24 7C A4 30 AE A5 59 56 89 0C EE 7C 6C 64 0D 32 19 40 00 3B 38 00 3C 2E 00 00 6A FB 11 F4 64
1785249489282,16:38:09.579,00 00 00 00 00 00 00 00 18 00 42 00 00 A2 EF 34 A7 2F 00 00 EF 01 00 09 00 00 00 00 40 00 38 2F 06 2F 07 44 44 23 7E 40 30 AE A5 59 56 7D 0C 7A 86 6F 64 0D 3F 20 40 00 3B 38 00 3C 2E 00 00 6A FB 11 F4 64
1785249489786,16:38:10.083,00 00 00 00 00 00 00 00 18 00 42 00 00 A2 EF 34 A7 2F 00 00 EF 80 00 00 00 00 00 00 40 00 38 2F 06 2F 02 44 44 22 7E 38 30 AE A5 59 56 77 0C 34 81 6F 68 0D 4C 26 40 15 3B 38 AA 3C 2E 00 00 6A 04 16 F4 64
1785249490287,16:38:10.563,00 00 00 00 00 00 00 00 18 00 42 00 00 A2 EF 34 A7 2F 00 00 EF 80 00 00 00 00 00 00 40 00 39 2F 19 2F 22 44 44 22 7E F0 30 AE A5 59 56 65 0A 56 7D 6E 73 0D 5A 2D 40 33 2A 30 AF 3C 2E 00 00 6A 0C 16 F5 64
1785249490788,16:38:11.088,00 00 00 00 00 00 00 00 18 00 42 00 00 A2 EF 34 A7 2F 00 00 EF 90 00 00 00 00 00 00 40 00 39 2F 37 2F 57 44 44 22 82 00 30 AE A5 59 56 7F 09 CA 7D 6A 7E 0D 6B 35 40 4C 18 18 B0 3B 2E 00 00 6A 14 13 F5 65
1785249491289,16:38:11.586,00 00 00 00 00 00 00 00 18 00 42 00 00 A2 EF 34 A7 2F 00 00 EF 90 00 00 00 00 00 00 40 00 38 32 1F 32 0B 44 44 23 83 C0 30 AE A5 59 56 92 0B C7 8F 6E 85 0D 76 3B 40 6E 18 18 00 3B 2D 00 00 6A 16 13 F4 64
1785249491790,16:38:12.062,00 00 00 00 00 00 00 00 18 00 42 00 00 A2 EF 34 A7 2F 00 00 EF 90 00 00 00 00 00 00 40 00 38 33 DA 33 EC 44 44 25 86 C4 30 AE A5 59 56 93 0D 73 9C 77 8B 0D 75 3A 40 6E 17 19 00 3B 2D 00 00 6A 18 14 F4 64
1785249492291,16:38:12.564,00 00 00 00 00 00 00 00 18 00 42 00 00 A2 EF 34 A7 2F 00 00 EF 90 00 00 00 00 00 00 40 00 38 36 67 36 7B 44 44 27 84 14 30 AE A5 59 56 90 0F 0C A5 7F 93 0D 75 3B 40 70 16 19 00 3B 2D 00 00 6A 19 15 F5 65
1785249492791,16:38:13.085,00 00 00 00 00 00 00 00 18 00 42 00 00 A2 EF 34 A7 2F 00 00 EF 90 00 00 00 00 00 00 40 00 38 39 46 39 44 44 44 29 84 08 30 AE A5 59 56 9F 10 02 AF 87 9A 00 76 3B 40 71 17 19 99 3B 2D 00 00 6A 19 16 F5 65
1785249493291,16:38:13.575,00 00 00 00 00 00 00 00 18 00 42 00 00 A2 EF 34 A7 2F 00 00 EF 90 00 00 00 00 00 00 40 00 38 3C 57 3C 92 44 44 2C 84 64 30 AE A5 59 56 88 10 B1 B0 8C 9F 00 76 3B 40 71 18 18 8E 3B 2D 00 00 6A 1A 18 F5 65
1785249493793,16:38:14.094,00 00 00 00 00 00 00 00 18 00 42 00 00 A2 EF 34 A7 2F 00 00 EF 90 00 00 00 00 00 01 60 00 38 3F 9E 3F 96 44 44 2E 84 7C 30 AE A5 59 56 A4 12 47 B1 91 A4 00 79 3D 40 75 19 18 7A 3B 2D 00 00 6A 1B 19 F4 64
1785249494295,16:38:14.571,00 00 00 00 00 00 00 00 18 00 42 00 00 A2 EF 34 A7 2F 00 00 EF 90 00 00 00 00 00 01 60 00 38 43 0A 42 CD 44 44 30 84 BC 30 AE A6 59 56 AC 14 9E C2 9A A8 00 7E 3F 40 7E 1A 19 67 3B 2D 00 00 6A 1C 1B F4 64
1785249494795,16:38:15.095,00 00 00 00 00 00 00 00 18 00 42 00 00 A2 EF 34 A7 2F 00 00 EF 90 00 00 00 00 00 01 60 00 38 46 98 46 8A 44 44 33 85 34 30 AE A6 59 56 A3 16 FE D5 A5 AC 00 87 43 40 8F 1A 19 67 3B 2D 00 00 6A 1D 1C F5 65
1785249495297,16:38:15.598,00 00 00 00 00 00 00 00 18 00 42 00 00 A2 EF 34 A7 2F 00 00 EF 90 00 00 00 00 00 01 60 00 39 4A 2B 4A 02 44 44 36 85 4C 30 AE A6 59 56 B7 19 27 E1 AD AF 05 8B 45 40 9A 1A 19 67 3B 2D 00 00 6A 1E 1D F4 64
1785249495798,16:38:16.104,00 00 00 00 00 00 00 00 18 00 42 00 00 A2 EF 34 A7 2F 00 00 EF 90 00 00 00 00 00 01 60 00 39 4D D0 4E 1E 44 44 38 85 54 30 AE A6 59 56 B9 1B 60 EA B5 B1 29 8E 47 40 A1 1A 19 67 3B 2D 00 00 6A 1E 1D F4 64
1785249496302,16:38:16.603,00 00 00 00 00 00 00 00 18 00 42 00 00 A2 EF 34 A7 2F 00 00 EF 80 00 00 00 00 00 01 60 00 38 51 7E 51 D2 44 44 3B 85 80 30 AE A6 59 56 B0 1C 1A C9 AF A8 7D 57 2B 40 6A 1A 19 67 3B 2D 00 00 6A 18 1B F5 64
1785249496803,16:38:17.087,00 00 00 00 00 00 00 00 18 00 42 00 00 A2 EF 34 A7 2F 00 00 EF 09 00 01 00 00 00 01 60 00 38 42 CF 42 B1 44 44 3D 84 A0 30 AE A6 59 56 92 17 BD A2 98 64 0D 32 19 40 00 29 3B 00 3C 2E 00 00 6A FB 16 F4 64
1785249497304,16:38:17.604,00 00 00 00 00 00 00 00 18 00 42 00 00 A2 EF 34 A7 2F 00 00 EF 80 00 00 00 00 00 01 60 00 38 3E 11 3E 14 44 44 3C 7F 68 30 AE A6 59 56 97 12 A3 95 83 74 0D 65 32 40 43 29 3B 00 3C 2E 00 00 6A 07 18 F4 64
1785249497805,16:38:18.103,00 00 00 00 00 00 00 00 18 00 42 00 00 A2 EF 34 A7 2F 00 00 EF 80 00 00 00 00 00 01 60 00 38 3B 6C 3B 5F 44 44 3C 7F 48 30 AE A6 59 56 9A 11 A3 A2 81 96 00 6D 36 40 5A 19 1F 00 3C 2E 00 00 6A 16 16 F5 65
1785249498307,16:38:18.605,00 00 00 00 00 00 00 00 18 00 42 00 00 A2 EF 34 A7 2F 00 00 EF 80 00 00 00 00 00 01 60 00 38 3C 97 3C 92 44 44 3D 81 F8 30 AE A6 59 56 9B 12 21 A5 88 99 00 6C 36 40 5C 18 1D 00 3B 2E 00 00 6A 17 17 F5 65
1785249498808,16:38:19.087,00 00 00 00 00 00 00 00 18 00 42 00 00 A2 EF 34 A7 2F 00 00 EF 80 00 00 00 00 00 01 60 00 38 3D BE 3D A4 44 44 3F 82 34 30 AE A6 59 56 90 12 BE A9 8D 99 00 6B 35 40 5A 19 20 A3 3B 2E 00 00 6A 16 17 F4 64
1785249499310,16:38:19.606,00 00 00 00 00 00 00 00 18 00 42 00 00 A2 EF 34 A7 2F 00 00 EF 80 00 00 00 00 00 01 60 00 38 3E BB 3E B5 44 44 40 82 24 30 AE A6 59 56 8D 10 DF AD 8D 9A 00 6B 35 40 5A 19 1D A7 3B 2D 00 00 6A 15 17 F4 64
1785249499810,16:38:20.106,00 00 00 00 00 00 00 00 18 00 42 00 00 A2 EF 34 A7 2F 00 00 EF 80 00 00 00 00 00 01 60 00 38 3F 7B 3F 9E 44 44 40 82 34 30 AE A6 59 56 92 0F 92 A0 89 83 0D 41 20 40 29 1E 28 B9 3C 2E 00 00 6A 07 18 F4 64
1785249500311,16:38:20.610,00 00 00 00 00 00 00 00 18 00 42 00 00 A2 EF 34 A7 2F 00 00 EF 09 00 09 00 00 00 01 60 00 38 3D 8C 3D 45 44 44 41 81 24 30 AE A6 59 56 9A 0F A8 8D 7E 64 0D 32 19 40 00 1E 28 00 3C 2E 00 00 6A FB 15 F4 64
1785249500812,16:38:21.088,00 00 00 00 00 00 00 00 18 00 42 00 00 A2 EF 34 A7 2F 00 00 EF 09 00 09 00 00 00 01 60 00 38 3E 22 3E 0E 44 44 40 7E 10 30 AE A6 59 56 95 0F F7 8C 76 64 0D 32 19 40 00 1E 28 00 3C 2E 00 00 6A FB 15 F4 64
1785249501313,16:38:21.600,00 00 00 00 00 00 00 00 18 00 42 00 00 A2 EF 34 A7 2F 00 00 EF 09 00 09 00 00 00 01 60 00 38 3C 57 3C 68 44 44 3F 7E 0C 30 AE A6 59 56 99 0F CE 87 72 64 0D 32 19 40 00 1E 28 00 3C 2E 00 00 6A FB 14 F5 64
1785249501815,16:38:22.110,00 00 00 00 00 00 00 00 18 00 42 00 00 A2 EF 34 A7 2F 00 00 EF 09 00 09 00 00 00 01 60 00 38 3B 6C 3B 64 44 44 3D 7D E8 30 AE A5 59 56 98 0F 89 82 71 64 0D 32 19 40 00 1E 28 00 3C 2E 00 00 6A FB 14 F4 64
1785249502316,16:38:22.612,00 00 00 00 00 00 00 00 18 00 42 00 00 A2 EF 34 A7 2F 00 00 EF 09 00 09 00 00 00 01 60 00 38 3A 7A 3A 76 44 44 3C 7D B4 30 AE A6 59 56 93 0F 4D 80 70 64 0D 32 19 40 00 1E 28 00 3C 2E 00 00 6A FB 14 F5 64
1785249502817,16:38:23.113,00 00 00 00 00 00 00 00 18 00 42 00 00 A2 EF 34 A7 2F 00 00 EF 09 00 09 00 00 00 01 60 00 38 39 71 39 72 44 44 3B 7D DC 30 AE A6 59 56 88 0F 1D 80 6F 64 0D 32 19 40 00 1E 28 00 3C 2E 00 00 6A FB 13 F5 65
1785249503318,16:38:23.588,00 00 00 00 00 00 00 00 18 00 42 00 00 A2 EF 34 A7 2F 00 00 EF 80 00 00 00 00 00 01 78 00 38 38 1F 38 0B 44 44 3A 7E 20 30 AE A6 59 56 96 0E C9 80 6F 67 0D 5B 2D 40 21 1E 28 00 3C 2E 00 00 6A 03 13 F4 64
1785249503819,16:38:24.092,00 00 00 00 00 00 00 00 18 00 42 00 00 A2 EF 34 A7 2F 00 00 EF 80 00 00 00 00 00 01 78 00 38 48 E0 49 5B 44 44 39 7D 58 30 AE A6 59 56 A5 10 51 8B 72 8C 0D 4C 26 40 53 2F 2F 00 3C 2E 00 00 6A 0C 17 F5 64
1785249504320,16:38:24.614,00 00 00 00 00 00 00 00 18 00 42 00 00 A2 EF 34 A7 2F 00 00 EF 09 00 01 00 00 00 01 78 00 38 41 1A 41 31 44 44 35 79 AC 30 AE A6 59 56 92 12 1A 8C 78 64 0D 32 19 40 00 2E 2C 00 3C 2E 00 00 6A FB 15 F4 64
1785249504821,16:38:25.107,00 00 00 00 00 00 00 00 18 00 42 00 00 A2 EF 34 A7 2F 00 00 EF 09 00 01 00 00 00 01 60 00 38 43 6D 43 68 44 44 33 7A 44 30 AE A6 59 56 8E 11 B8 8B 75 64 0D 32 19 40 00 2E 2C 00 3C 2E 00 00 6A FB 16 F4 64
1785249505323,16:38:25.668,00 00 00 00 00 00 00 00 18 00 42 00 00 A2 EF 34 A7 2F 00 00 EF 09 00 01 00 00 00 00 40 00 38 41 77 41 58 44 44 31 7D 44 30 AE A6 59 56 8B 11 50 84 73 64 0D 32 19 40 00 2E 2C 00 3C 2E 00 00 6A FB 15 F4 64
1785249505825,16:38:26.113,00 00 00 00 00 00 00 00 18 00 42 00 00 A2 EF 34 A7 2F 00 00 EF 00 00 00 00 00 00 00 40 00 38 3F B0 3F A5 44 44 30 7D A0 30 AE A6 59 56 8D 10 DF 83 72 64 0D 43 21 40 05 2E 2C 00 3C 2E 00 00 6A FB 15 F5 64
1785249506325,16:38:26.627,00 00 00 00 00 00 00 00 18 00 42 00 00 A2 EF 34 A7 2F 00 00 EF 00 00 00 00 00 00 00 40 00 38 3E 55 3E 39 44 44 2F 7D 5C 30 AE A6 59 56 8E 10 79 84 71 6A 0D 4F 27 40 1C 2E 2C 00 3C 2E 00 00 6A 02 15 F4 64
1785249506826,16:38:27.125,00 00 00 00 00 00 00 00 18 00 42 00 00 A2 EF 34 A7 2F 00 00 EF 80 00 00 00 00 00 00 40 00 38 3D 29 3C EF 44 44 2E 7D 94 30 AE A6 59 56 9C 10 3A 87 71 6D 0D 50 28 40 23 2E 2C 00 3C 2E 00 00 6A 04 14 F5 64
1785249507328,16:38:27.631,00 00 00 00 00 00 00 00 18 00 42 00 00 A2 EF 34 A7 2F 00 00 EF 80 00 00 00 00 00 00 40 00 38 3C 28 3B FF 44 44 2D 7E 80 30 AE A6 59 56 83 0F 6D 85 72 6D 0D 50 28 40 24 2E 2C BC 3C 2E 00 00 6A 05 14 F4 64
1785249507829,16:38:28.128,00 00 00 00 00 00 00 00 18 00 42 00 00 A2 EF 34 A7 2F 00 00 EF 80 00 00 00 00 00 00 40 00 38 3B 10 3A F0 44 44 2C 7E B0 30 AE A5 59 56 72 0C A6 88 72 6C 0D 4E 27 40 21 2E 2C B8 3C 2E 00 00 6A 04 14 F4 64
1785249508331,16:38:28.611,00 00 00 00 00 00 00 00 18 00 42 00 00 A2 EF 34 A7 2F 00 00 EF 00 00 00 00 00 00 00 40 00 38 3A 03 39 F9 44 44 2C 7E 94 30 AE A5 59 56 87 0C 8F 7E 6E 64 0D 44 22 40 0A 2E 2C 00 3C 2E 00 00 6A FE 14 F4 64
1785249508833,16:38:29.130,00 00 00 00 00 00 00 00 18 00 42 00 00 A2 EF 34 A7 2F 00 00 EF 00 00 00 00 00 00 00 40 00 38 38 72 38 4A 44 44 2B 7D F0 30 AE A5 59 56 8A 0D F0 7D 6D 64 0D 42 21 40 06 2E 2C 00 3C 2E 00 00 6A FB 13 F5 65
1785249509334,16:38:29.636,00 00 00 00 00 00 00 00 18 00 42 00 00 A2 EF 34 A7 2F 00 00 EF 09 00 09 00 00 00 00 40 00 38 36 CF 36 AB 44 44 2A 7D AC 30 AE A6 59 56 96 0E 2F 82 6E 64 0D 3D 1E 40 00 2E 2C 00 3C 2E 00 00 6A FB 13 F5 65
1785249509835,16:38:30.131,00 00 00 00 00 00 00 00 18 00 42 00 00 A2 EF 34 A7 2F 00 00 EF 09 00 09 00 00 00 00 40 00 38 35 2B 35 2A 44 44 28 7D 98 30 AE A6 59 56 86 0E 00 84 6E 64 0D 3B 1E 40 00 2E 2C 00 3C 2E 00 00 6A FB 12 F4 64
1785249510336,16:38:30.635,00 00 00 00 00 00 00 00 18 00 42 00 00 A2 EF 34 A7 2F 00 00 EF 09 00 09 00 00 00 00 40 00 38 33 94 33 9F 44 44 27 7D BC 30 AE A6 59 56 8E 0D AA 85 6D 64 0D 3C 1E 40 00 2E 2C 00 3C 2E 00 00 6A FB 12 F4 64
1785249510836,16:38:31.112,00 00 00 00 00 00 00 00 18 00 42 00 00 A2 EF 34 A7 2F 00 00 EF 00 00 08 00 00 00 00 40 00 38 31 27 30 DB 44 44 26 7D C8 30 AE A6 59 56 93 0D 56 86 6E 64 0D 46 23 40 07 2E 2C 00 3C 2E 00 00 6A FC 12 F4 64
1785249511337,16:38:31.635,00 00 00 00 00 00 00 00 18 00 42 00 00 A2 EF 34 A7 2F 00 00 EF 90 00 00 00 00 00 00 40 00 38 31 FE 32 3C 44 44 24 7C 54 30 AE A6 59 56 8A 0D 10 81 6E 7B 0D 6C 36 40 52 1B 28 00 3C 2E 00 00 6A 10 17 F4 64
1785249511838,16:38:32.126,00 00 00 00 00 00 00 00 18 00 42 00 00 A2 EF 34 A7 2F 00 00 EF 90 00 00 00 00 00 00 40 00 38 32 77 32 79 44 44 25 82 68 30 AE A5 59 56 93 0D DB 90 75 87 0D 71 38 40 65 18 1D 00 3C 2E 00 00 6A 16 14 F4 64
1785249512339,16:38:32.638,00 00 00 00 00 00 00 00 18 00 42 00 00 A2 EF 34 A7 2F 00 00 EF 90 00 00 00 00 00 00 40 00 38 35 9B 35 8C 44 44 26 84 28 30 AE A6 59 56 94 0E ED A1 7C 92 0D 70 38 40 65 16 19 00 3B 2D 00 00 6A 19 15 F5 64
1785249512841,16:38:33.134,00 00 00 00 00 00 00 00 18 00 42 00 00 A2 EF 34 A7 2F 00 00 EF 90 00 00 00 00 00 01 60 00 38 38 2D 38 5E 44 44 28 84 84 30 AE A6 59 56 88 10 31 A2 85 99 00 71 38 40 66 17 19 92 3B 2D 00 00 6A 1A 16 F4 64
1785249513342,16:38:33.638,00 00 00 00 00 00 00 00 18 00 42 00 00 A2 EF 34 A7 2F 00 00 EF 90 00 00 00 00 00 01 60 00 39 3B 01 3B 0C 44 44 2A 84 58 30 AE A6 59 56 8D 10 EE B2 8C 9D 00 71 38 40 67 18 19 87 3B 2D 00 00 6A 1A 17 F4 64
1785249513844,16:38:34.115,00 00 00 00 00 00 00 00 18 00 42 00 00 A2 EF 34 A7 2F 00 00 EF 80 00 00 00 00 00 01 60 00 39 3D CE 3D C8 44 44 2D 84 4C 30 AE A6 59 56 A1 12 7C B1 91 A1 00 71 38 40 67 19 1A 85 3B 2D 00 00 6A 1A 18 F4 64
1785249514346,16:38:34.647,00 00 00 00 00 00 00 00 18 00 42 00 00 A2 EF 34 A7 2F 00 00 EF 80 00 00 00 00 00 01 60 00 38 40 D0 40 E9 44 44 2F 84 4C 30 AE A6 59 56 9F 12 E2 B6 96 A1 00 71 38 40 68 18 1A A1 3B 2D 00 00 6A 19 19 F5 65
1785249514846,16:38:35.161,00 00 00 00 00 00 00 00 18 00 42 00 00 A2 EF 34 A7 2F 00 00 EF 80 00 00 00 00 00 01 60 00 38 43 31 43 30 44 44 31 84 10 30 AE A6 59 56 A7 12 22 B3 95 A2 00 72 39 40 69 19 19 A2 3B 2D 00 00 6A 18 19 F5 65
1785249515347,16:38:35.639,00 00 00 00 00 00 00 00 18 00 42 00 00 A2 EF 34 A7 2F 00 00 EF 80 00 00 00 00 00 01 60 00 38 45 AB 45 CD 44 44 33 83 E0 30 AE A6 59 56 84 11 EC B4 94 A2 00 73 39 40 6B 19 18 A3 3B 2D 00 00 6A 18 1A F4 65
1785249515848,16:38:36.145,00 00 00 00 00 00 00 00 18 00 42 00 00 A2 EF 34 A7 2F 00 00 EF 80 00 00 00 00 00 01 60 00 38 47 FB 47 E7 44 44 34 83 B4 30 AE A6 59 56 85 12 00 AF 94 A2 00 73 39 40 6B 19 18 A3 3B 2D 00 00 6A 17 1A F4 64
1785249516350,16:38:36.634,00 00 00 00 00 00 00 00 18 00 42 00 00 A2 EF 34 A7 2F 00 00 EF 80 00 00 00 00 00 01 60 00 38 4A 2B 49 FF 44 44 36 83 58 30 AE A6 59 56 87 12 16 B6 95 A3 00 74 3A 40 6D 19 18 A2 3B 2D 00 00 6A 17 1A F4 64
1785249516851,16:38:37.133,00 00 00 00 00 00 00 00 18 00 42 00 00 A2 EF 34 A7 2F 00 00 EF 80 00 00 00 00 00 01 60 00 38 4C 31 4C 3E 44 44 37 83 18 30 AE A6 59 56 A7 12 7E B3 97 A3 00 75 3A 40 6E 1A 18 A1 3B 2D 00 00 6A 17 1A F4 64
1785249517352,16:38:37.651,00 00 00 00 00 00 00 00 18 00 42 00 00 A2 EF 34 A7 2F 00 00 EF 80 00 00 00 00 00 01 60 00 38 4E 05 4D EA 44 44 39 83 18 30 AE A6 59 56 A1 12 FD C1 98 A4 00 75 3A 40 6F 1A 18 9E 3B 2D 00 00 6A 17 1A F4 64
1785249517854,16:38:38.155,00 00 00 00 00 00 00 00 18 00 42 00 00 A2 EF 34 A7 2F 00 00 EF 80 00 00 00 00 00 01 60 00 38 4F D3 4F C2 44 44 3A 82 98 30 AE A6 59 56 A7 13 AA B8 99 A4 00 76 3B 40 71 1B 19 9A 3B 2D 00 00 6A 16 1B F4 64
1785249518355,16:38:38.635,00 00 00 00 00 00 00 00 18 00 42 00 00 A2 EF 34 A7 2F 00 00 EF 80 00 00 00 00 00 01 60 00 39 51 9B 51 8B 44 44 3C 82 6C 30 AE A6 59 56 AC 14 64 C3 9B A5 00 76 3B 40 72 1C 1A 99 3B 2D 00 00 6A 16 1B F4 64
1785249518855,16:38:39.153,00 00 00 00 00 00 00 00 18 00 42 00 00 A2 EF 34 A7 2F 00 00 EF 80 00 00 00 00 00 01 60 00 39 53 3A 53 2F 44 44 3D 82 78 30 AE A6 59 56 AE 14 EA C2 9C A5 00 76 3B 40 72 1C 1A 9A 3B 2D 00 00 6A 15 1B F4 64
1785249519356,16:38:39.657,00 00 00 00 00 00 00 00 18 00 42 00 00 A2 EF 34 A7 2F 00 00 EF 80 00 00 00 00 00 01 60 00 38 54 8D 54 52 44 44 3F 82 24 30 AE A6 59 56 AF 15 2B B5 9A A6 00 77 3B 40 74 1D 1A 99 3B 2D 00 00 6A 15 1C F4 64
1785249519857,16:38:40.155,00 00 00 00 00 00 00 00 18 00 42 00 00 A2 EF 34 A7 2F 00 00 EF 80 00 00 00 00 00 01 60 00 38 54 AC 54 AA 44 44 40 81 B4 30 AE A6 59 56 A1 15 82 C1 9B 94 0D 3D 1F 40 3B 1C 1C A3 3B 2D 00 00 6A 09 1A F4 64
1785249520357,16:38:40.640,00 00 00 00 00 00 00 00 18 00 42 00 00 A2 EF 34 A7 2F 00 00 EF 09 00 01 00 00 00 01 60 00 38 42 A8 42 9B 44 44 3F 7F A4 30 AE A6 59 56 9F 15 3B 9D 8C 64 0D 32 19 40 00 3B 34 00 3C 2E 00 00 6A FB 16 F4 64
1785249520859,16:38:41.137,00 00 00 00 00 00 00 00 18 00 42 00 00 A2 EF 34 A7 2F 00 00 EF 80 00 00 00 00 00 01 60 00 38 3B CA 3C 17 44 44 3E 7E 6C 30 AE A6 58 56 9C 12 5C 98 80 8B 0D 62 31 40 44 22 36 00 3C 2E 00 00 6A 0F 15 F4 64
1785249521361,16:38:41.657,00 00 00 00 00 00 00 00 18 00 42 00 00 A2 EF 34 A7 2F 00 00 EF 80 00 00 00 00 00 01 60 00 38 3D 5A 3D 43 44 44 3E 80 24 30 AE A6 58 56 90 11 A2 97 7F 95 00 6A 35 40 54 1A 23 00 3C 2E 00 00 6A 13 16 F4 64
1785249521863,16:38:42.160,00 00 00 00 00 00 00 00 18 00 42 00 00 A2 EF 34 A7 2F 00 00 EF 80 00 00 00 00 00 01 60 00 38 3D CE 3D D0 44 44 3F 81 34 30 AE A6 58 56 98 12 22 A3 86 9A 00 6D 36 40 5D 18 1E 00 3C 2E 00 00 6A 17 17 F4 64
1785249522365,16:38:42.638,00 00 00 00 00 00 00 00 18 00 42 00 00 A2 EF 34 A7 2F 00 00 EF 80 00 00 00 00 00 01 60 00 38 3E CD 3E BF 44 44 40 81 D0 30 AE A6 58 56 9C 12 86 A9 8C 9B 00 6D 36 40 5E 18 1D A3 3B 2D 00 00 6A 17 17 F4 64
1785249522866,16:38:43.159,00 00 00 00 00 00 00 00 18 00 42 00 00 A2 EF 34 A7 2F 00 00 EF 80 00 00 00 00 00 01 60 00 38 3F C2 3F DC 44 44 41 81 C8 30 AE A6 58 56 80 11 23 A5 8E 9C 00 6E 37 40 60 18 1B A5 3C 2E 00 00 6A 17 18 F4 64
1785249523367,16:38:43.654,00 00 00 00 00 00 00 00 18 00 42 00 00 A2 EF 34 A7 2F 00 00 EF 80 00 00 00 00 00 01 60 00 38 40 87 40 C6 44 44 42 81 98 30 AE A6 59 56 9F 10 43 A9 8D 9D 00 6F 37 40 61 18 19 A5 3B 2D 00 00 6A 17 18 F4 64
1785249523868,16:38:44.164,00 00 00 00 00 00 00 00 18 00 42 00 00 A2 EF 34 A7 2F 00 00 EF 80 00 00 00 00 00 01 60 00 38 41 3F 41 7A 44 44 43 81 E4 30 AE A6 59 56 86 10 1A AD 8D 9E 00 70 38 40 64 18 18 A5 3B 2D 00 00 6A 17 18 F4 64
1785249524369,16:38:44.667,00 00 00 00 00 00 00 00 18 00 42 00 00 A2 EF 34 A7 2F 00 00 EF 80 00 00 00 00 00 01 60 00 38 42 35 42 18 44 44 44 81 C4 30 AE A6 59 56 9D 10 2D B0 8E 9F 00 70 38 40 65 19 18 A4 3B 2D 00 00 6A 17 18 F4 64
1785249524870,16:38:45.171,00 00 00 00 00 00 00 00 18 00 42 00 00 A2 EF 34 A7 2F 00 00 EF 80 00 00 00 00 00 01 60 00 38 43 45 43 24 44 44 45 81 D4 30 AE A6 59 56 88 10 56 A8 8F A0 00 71 38 40 66 19 18 A4 3B 2D 00 00 6A 17 19 F4 64
1785249525371,16:38:45.665,00 00 00 00 00 00 00 00 18 00 42 00 00 A2 EF 34 A7 2F 00 00 EF 80 00 00 00 00 00 01 60 00 38 44 36 44 06 44 44 46 81 F4 30 AE A6 59 56 85 10 A0 AC 8E A1 00 72 39 40 69 19 17 A2 3C 2E 00 00 6A 18 19 F4 64
1785249525872,16:38:46.169,00 00 00 00 00 00 00 00 18 00 42 00 00 A2 EF 34 A7 2F 00 00 EF 80 00 00 00 00 00 01 60 00 38 45 18 44 F8 44 44 47 81 EC 30 AE A6 59 56 90 10 E7 AE 90 A2 00 73 39 40 6A 19 17 A1 3C 2E 00 00 6A 18 1A F4 64
1785249526373,16:38:46.670,00 00 00 00 00 00 00 00 18 00 42 00 00 A2 EF 34 A7 2F 00 00 EF 80 00 00 00 00 00 01 60 00 38 46 16 45 F9 44 44 48 82 14 30 AE A6 59 56 87 11 44 B7 95 A2 00 71 38 40 6B 19 17 9F 3C 2E 00 00 6A 18 1A F4 64
1785249526875,16:38:47.167,00 00 00 00 00 00 00 00 18 00 42 00 00 A2 EF 34 A7 2F 00 00 EF 01 00 01 00 00 00 01 60 00 39 3F D3 3F 9B 44 44 48 81 90 30 AE A6 59 56 96 10 DA 9E 8C 64 0D 32 19 40 01 19 18 00 3C 2E 00 00 6A FD 15 F4 64
1785249527376,16:38:47.676,00 00 00 00 00 00 00 00 18 00 42 00 00 A2 EF 34 A7 2F 00 00 EF 00 00 00 00 00 00 01 60 00 39 30 B4 30 CA 44 44 47 7F 14 30 AE A6 59 56 88 0E F3 85 7B 64 0D 47 23 40 06 19 18 00 3C 2E 00 00 6A FB 12 F4 64
1785249527877,16:38:48.151,00 00 00 00 00 00 00 00 18 00 42 00 00 A2 EF 34 A7 2F 00 00 EF 80 00 00 00 00 00 01 60 00 38 37 7C 37 49 44 44 46 7E 30 30 AE A6 59 56 97 0E A7 87 75 71 0D 55 2A 40 2A 3F 55 00 3C 2E 00 00 6A 08 17 F4 64
1785249528378,16:38:48.681,00 00 00 00 00 00 00 00 18 00 42 00 00 A2 EF 34 A7 2F 00 00 EF 80 00 00 00 00 00 00 40 00 38 37 11 36 F0 44 44 46 7F 34 30 AE A6 59 56 8C 0E D7 95 77 78 0D 59 2C 40 32 32 43 00 3C 2E 00 00 6A 0A 17 F4 64
1785249528878,16:38:49.173,00 00 00 00 00 00 00 00 18 00 42 00 00 A2 EF 34 A7 2F 00 00 EF 80 00 00 00 00 00 00 40 00 38 37 39 37 1F 44 44 46 7F D4 30 AE A5 59 56 8F 0F 38 99 7A 81 0D 5D 2E 40 3E 1D 2B 00 3C 2E 00 00 6A 0E 17 F4 64
1785249529378,16:38:49.662,00 00 00 00 00 00 00 00 18 00 42 00 00 A2 EF 34 A7 2F 00 00 EF 80 00 00 00 00 00 00 40 00 38 37 46 37 3C 44 44 46 80 CC 30 AE A6 59 56 9B 0E D9 94 7E 83 0D 5F 2F 40 41 1B 29 B6 3C 2E 00 00 6A 0F 17 F4 64
1785249529880,16:38:50.177,00 00 00 00 00 00 00 00 18 00 42 00 00 A2 EF 34 A7 2F 00 00 EF 80 00 00 00 00 00 00 40 00 38 37 7C 37 5D 44 44 47 80 D0 30 AE A5 59 56 8F 0D 83 A1 80 83 0D 5F 2F 40 41 1B 25 BD 3C 2E 00 00 6A 0F 17 F4 64
1785249530383,16:38:50.685,00 00 00 00 00 00 00 00 18 00 42 00 00 A2 EF 34 A7 2F 00 00 EF 80 00 00 00 00 00 00 40 00 38 37 B2 37 A1 44 44 47 80 B8 30 AE A5 59 56 89 0C F2 97 7F 85 0D 5F 2F 40 42 1B 22 C1 3C 2E 00 00 6A 10 17 F4 64
1785249530884,16:38:51.185,00 00 00 00 00 00 00 00 18 00 42 00 00 A2 EF 34 A7 2F 00 00 EF 80 00 00 00 00 00 00 40 00 38 37 F6 37 DE 44 44 47 80 8C 30 AE A5 59 56 73 0C BB 90 7D 84 0D 60 2F 40 43 1B 21 C1 3C 2E 00 00 6A 10 17 F4 64
1785249531385,16:38:51.686,00 00 00 00 00 00 00 00 18 00 42 00 00 A2 EF 34 A7 2F 00 00 EF 80 00 00 00 00 00 00 40 00 38 38 12 38 12 44 44 47 80 A4 30 AE A5 59 56 75 0C 92 90 7D 85 0D 60 30 40 43 1B 20 C1 3C 2E 00 00 6A 10 17 F4 64
1785249531886,16:38:52.187,00 00 00 00 00 00 00 00 18 00 42 00 00 A2 EF 34 A7 2F 00 00 EF 80 00 00 00 00 00 00 40 00 38 38 64 38 72 44 44 48 80 A4 30 AE A5 59 56 70 0C A5 8E 7D 86 00 60 30 40 43 1B 21 C1 3C 2E 00 00 6A 10 17 F4 64
1785249532387,16:38:52.684,00 00 00 00 00 00 00 00 18 00 42 00 00 A2 EF 34 A7 2F 00 00 EF 80 00 00 00 00 00 00 40 00 38 38 80 38 60 44 44 48 80 EC 30 AE A5 59 56 7B 0C 98 91 7D 88 00 62 31 40 48 1B 1D BF 3C 2E 00 00 6A 11 17 F4 64
1785249532887,16:38:53.187,00 00 00 00 00 00 00 00 18 00 42 00 00 A2 EF 34 A7 2F 00 00 EF 80 00 00 00 00 00 00 40 00 38 39 2A 38 F0 44 44 48 80 A8 30 AE A5 59 56 92 0C DA 9F 7F 8A 00 62 31 40 49 1B 1D C0 3C 2E 00 00 6A 11 18 F4 64
1785249533388,16:38:53.691,00 00 00 00 00 00 00 00 18 00 42 00 00 A2 EF 34 A7 2F 00 00 EF 80 00 00 00 00 00 00 40 00 38 39 46 39 41 44 44 49 80 C4 30 AE A5 59 56 7C 0C FF A1 80 8A 00 62 31 40 48 1B 1E C0 3C 2E 00 00 6A 11 18 F4 64
1785249533889,16:38:54.164,00 00 00 00 00 00 00 00 18 00 42 00 00 A2 EF 34 A7 2F 00 00 EF 80 00 00 00 00 00 00 40 00 38 39 8E 39 92 44 44 49 80 F8 30 AE A5 59 56 92 0D 33 A2 81 8A 00 62 31 40 49 1B 1E C0 3C 2E 00 00 6A 11 18 F4 64
1785249534390,16:38:54.666,00 00 00 00 00 00 00 00 18 00 42 00 00 A2 EF 34 A7 2F 00 00 EF 80 00 00 00 00 00 00 40 00 38 3A 03 3A 1F 44 44 4A 80 C4 30 AE A5 59 56 9B 0D 3B 95 81 8D 00 64 32 40 4C 1B 1C BC 3C 2E 00 00 6A 12 18 F4 64
1785249534892,16:38:55.181,00 00 00 00 00 00 00 00 18 00 42 00 00 A2 EF 34 A7 2F 00 00 EF 80 00 00 00 00 00 00 40 00 39 3A 2F 3A 23 44 44 4A 80 E0 30 AE A5 59 56 95 0D 6A 95 82 8C 00 62 31 40 49 1B 1E C0 3C 2E 00 00 6A 11 18 F4 64
1785249535394,16:38:55.691,00 00 00 00 00 00 00 00 18 00 42 00 00 A2 EF 34 A7 2F 00 00 EF 80 00 00 00 00 00 00 40 00 39 3A 3E 3A 21 44 44 4A 80 7C 30 AE A5 59 56 90 0D 7A 94 82 84 0D 5B 2D 40 3C 21 28 BA 3C 2E 00 00 6A 0D 17 F4 64
1785249535895,16:38:56.187,00 00 00 00 00 00 00 00 18 00 42 00 00 A2 EF 34 A7 2F 00 00 EF 80 00 00 00 00 00 00 40 00 39 3A 7A 3A 35 44 44 4A 80 18 30 AE A5 59 56 84 0D 11 8E 7E 80 0D 5B 2D 40 39 28 2D C0 3C 2E 00 00 6A 0B 17 F4 64
1785249536395,16:38:56.689,00 00 00 00 00 00 00 00 18 00 42 00 00 A2 EF 34 A7 2F 00 00 EF 80 00 00 00 00 00 00 40 00 39 3A 4D 3A 7A 44 44 4A 80 18 30 AE A5 59 56 72 0C 9D 8A 7B 78 0D 55 2A 40 2F 33 38 C1 3C 2E 00 00 6A 08 17 F4 64
1785249536896,16:38:57.173,00 00 00 00 00 00 00 00 18 00 42 00 00 A2 EF 34 A7 2F 00 00 EF 80 00 00 00 00 00 00 40 00 38 3A 6B 3A 6C 44 44 4A 80 00 30 AE A5 59 56 83 0B F6 8C 78 72 0D 54 2A 40 2B 3A 41 C0 3C 2E 00 00 6A 07 17 F4 64
1785249537398,16:38:57.697,00 00 00 00 00 00 00 00 18 00 42 00 00 A2 EF 34 A7 2F 00 00 EF 80 00 00 00 00 00 00 40 00 38 3A 4D 3A 31 44 44 4A 7F 80 30 AE A5 59 56 91 0B 72 8F 74 6F 0D 51 28 40 26 3A 41 C0 3C 2E 00 00 6A 06 17 F4 64
1785249537900,16:38:58.197,00 00 00 00 00 00 00 00 18 00 42 00 00 A2 EF 34 A7 2F 00 00 EF 80 00 20 00 00 02 00 40 00 38 3A 3E 3A 2C 44 44 4A 80 00 30 AE A5 59 56 8C 0B 17 88 72 6A 0D 4C 26 40 1B 3A 41 AD 3C 2E 00 00 6A 03 17 F4 64
1785249538401,16:38:58.686,00 00 00 00 00 00 00 00 18 00 42 00 00 A2 EF 34 A7 2F 00 00 EF 80 00 20 00 00 03 00 40 00 38 3A 03 3A 09 44 44 4A 7F 4C 30 AE A5 59 56 8C 0B A5 86 6F 68 0D 4A 25 40 16 3A 41 9E 3C 2E 00 00 6A 02 17 F4 64
1785249538903,16:38:59.177,00 00 00 00 00 00 00 00 18 00 42 00 00 A2 EF 34 A7 2F 00 00 EF 80 00 20 00 00 03 00 40 00 38 39 80 39 A3 44 44 4A 7F 68 30 AE A5 59 56 94 0C 79 80 6F 69 0D 4A 25 40 16 3A 41 9C 3D 2F 00 00 6A 02 17 F4 64
1785249539404,16:38:59.677,00 00 00 00 00 00 00 00 18 00 42 00 00 A2 EF 34 A7 2F 00 00 EF 80 00 20 00 00 03 00 40 00 38 39 1B 39 12 44 44 49 7F 38 30 AE A5 59 56 87 0D 1C 81 6F 67 0D 47 23 40 11 3A 41 7F 3F 31 00 00 6A 01 17 F4 64
1785249539905,16:39:00.201,00 00 00 00 00 00 00 00 18 00 42 00 00 A2 EF 34 A7 2F 00 00 EF 80 00 20 00 00 03 00 40 00 38 38 FF 38 CC 44 44 49 7F 3C 30 AE A5 59 56 88 0E 14 80 6F 67 0D 47 24 40 11 3A 41 81 42 33 00 00 6A 01 17 F4 64
1785249540406,16:39:00.701,00 00 00 00 00 00 00 00 18 00 42 00 00 A2 EF 34 A7 2F 00 00 EF 80 00 20 00 00 03 00 40 00 38 38 9C 38 A7 44 44 48 7E 94 30 AE A6 59 56 84 0E 6C 8B 70 68 0D 48 24 40 12 3A 41 8D 43 34 00 00 6A 01 17 F4 64
1785249540908,16:39:01.205,00 00 00 00 00 00 00 00 18 00 42 00 00 A2 EF 34 A7 2F 00 00 EF 80 00 20 00 00 03 00 40 00 38 38 64 38 6D 44 44 48 7E E0 30 AE A6 59 56 93 0E 10 83 70 68 0D 48 24 40 13 3A 41 92 43 34 00 00 6A 02 17 F4 64
1785249541408,16:39:01.691,00 00 00 00 00 00 00 00 18 00 42 00 00 A2 EF 34 A7 2F 00 00 EF 80 00 20 00 00 03 00 40 00 38 37 C0 37 D7 44 44 47 7F 14 30 AE A5 59 56 87 0D B9 83 70 68 0D 48 24 40 13 3A 41 97 42 34 00 00 6A 02 17 F4 64
1785249541909,16:39:02.181,00 00 00 00 00 00 00 00 18 00 42 00 00 A2 EF 34 A7 2F 00 00 EF 80 00 20 00 00 03 00 40 00 38 37 C0 37 AB 44 44 47 7E D0 30 AE A6 59 56 85 0D 77 81 70 68 0D 49 24 40 13 3A 41 9B 41 33 00 00 6A 02 17 F4 64
1785249542410,16:39:02.717,00 00 00 00 00 00 00 00 18 00 42 00 00 A2 EF 34 A7 2F 00 00 EF 80 00 20 00 00 03 00 40 00 38 36 74 36 D8 44 44 46 7F 48 30 AE A6 59 56 98 0D 32 81 6F 65 0D 32 19 40 02 3A 41 67 41 33 00 00 6A FF 17 F4 64
1785249542912,16:39:03.208,00 00 00 00 00 00 00 00 18 00 42 00 00 A2 EF 34 A7 2F 00 00 EF 01 00 29 00 00 03 00 40 00 38 36 27 36 39 44 44 46 7E 80 30 AE A6 59 56 93 0D C2 88 6F 64 0D 3F 1F 40 00 3A 41 00 41 33 00 00 6A FB 13 F4 64
1785249543416,16:39:03.716,00 00 00 00 00 00 00 00 18 00 42 00 00 A2 EF 34 A7 2F 00 00 EF 80 00 20 00 00 03 00 40 00 38 36 67 36 2C 44 44 45 7E 44 30 AE A6 59 56 93 0E 21 8E 70 7D 0D 5F 2F 40 39 27 33 00 41 33 00 00 6A 0E 17 F4 64
1785249543917,16:39:04.216,00 00 00 00 00 00 00 00 18 00 42 00 00 A2 EF 34 A7 2F 00 00 EF 80 00 20 00 00 03 00 40 00 38 36 5A 36 6C 44 44 45 80 2C 30 AE A6 59 56 8F 0F 01 9D 78 87 0D 62 31 40 47 1B 22 00 42 33 00 00 6A 13 17 F4 64
1785249544419,16:39:04.716,00 00 00 00 00 00 00 00 18 00 42 00 00 A2 EF 34 A7 2F 00 00 EF 80 00 20 00 00 03 00 40 00 38 36 F7 36 D3 44 44 46 81 20 30 AE A6 59 56 98 0F CC A5 80 8C 0D 65 32 40 4D 1A 20 00 44 35 00 00 6A 15 14 F4 64
1785249544920,16:39:05.217,00 00 00 00 00 00 00 00 18 00 42 00 00 A2 EF 34 A7 2F 00 00 EF 80 00 20 00 00 03 00 40 00 38 37 2C 37 20 44 44 46 80 F8 30 AE A6 59 56 86 0F C4 9A 83 8D 0D 65 32 40 4E 19 1F A2 45 36 00 00 6A 15 14 F4 64
1785249545421,16:39:05.701,00 00 00 00 00 00 00 00 18 00 42 00 00 A2 EF 34 A7 2F 00 00 EF 80 00 20 00 00 03 01 60 00 38 37 7C 37 65 44 44 46 80 E4 30 AE A6 59 56 97 0E D9 A6 84 8D 0D 65 32 40 4E 1A 1D A4 47 37 00 00 6A 15 14 F4 64
1785249545923,16:39:06.216,00 00 00 00 00 00 00 00 18 00 42 00 00 A2 EF 34 A7 2F 00 00 EF 80 00 20 00 00 03 01 60 00 38 37 DB 37 F9 44 44 47 80 8C 30 AE A6 59 56 7B 0E 3C 94 82 8C 0D 62 31 40 4A 1A 1D A6 47 38 00 00 6A 13 14 F4 64
1785249546424,16:39:06.706,00 00 00 00 00 00 00 00 18 00 42 00 00 A2 EF 34 A7 2F 00 00 EF 80 00 20 00 00 03 01 60 00 38 37 1F 37 25 44 44 47 80 70 30 AE A6 59 56 98 0D 8A 9B 80 6E 0D 4B 25 40 1E 32 3E BE 47 38 00 00 6A 05 17 F4 64
1785249546926,16:39:07.222,00 00 00 00 00 00 00 00 18 00 42 00 00 A2 EF 34 A7 2F 00 00 EF 80 00 20 00 00 03 01 60 00 38 37 04 36 F3 44 44 46 7F 1C 30 AE A6 59 56 88 0C 5A 85 78 69 0D 4A 25 40 16 32 3E AD 47 38 00 00 6A 03 17 F4 64
1785249547426,16:39:07.720,00 00 00 00 00 00 00 00 18 00 42 00 00 A2 EF 34 A7 2F 00 00 EF 80 00 20 00 00 03 01 60 00 38 36 A8 36 82 44 44 46 7E C4 30 AE A5 59 56 8F 0B 97 8B 74 69 0D 4A 25 40 17 32 3E AE 47 38 00 00 6A 03 17 F4 64
1785249547927,16:39:08.231,00 00 00 00 00 00 00 00 18 00 42 00 00 A2 EF 34 A7 2F 00 00 EF 80 00 20 00 00 03 01 60 00 38 36 1A 36 2B 44 44 45 7E DC 30 AE A5 59 56 85 0B 21 80 70 6A 0D 4B 25 40 19 32 3E B2 48 39 00 00 6A 04 17 F4 64
1785249548428,16:39:08.725,00 00 00 00 00 00 00 00 18 00 42 00 00 A2 EF 34 A7 2F 00 00 EF 80 00 20 00 00 03 01 60 00 38 35 9B 35 7F 44 44 45 7E B8 30 AE A5 59 56 89 0A AD 7D 6F 6A 0D 4B 25 40 19 32 3E B2 49 39 00 00 6A 04 17 F4 64
1785249548933,16:39:09.233,00 00 00 00 00 00 00 00 18 00 42 00 00 A2 EF 34 A7 2F 00 00 EF 80 00 20 00 00 03 01 60 00 38 35 1F 35 21 44 44 44 7E BC 30 AE A5 59 56 6B 0A 51 84 6E 6D 0D 51 29 40 21 32 3E B8 4B 3B 00 00 6A 07 17 F4 64
1785249549434,16:39:09.716,00 00 00 00 00 00 00 00 18 00 42 00 00 A2 EF 34 A7 2F 00 00 EF 80 00 20 00 00 03 01 60 00 38 35 06 35 04 44 44 44 7F 00 30 AE A5 59 56 8A 0A 34 86 6F 7C 0D 5C 2E 40 39 22 22 AB 4C 3C 00 00 6A 0E 17 F4 64
1785249549934,16:39:10.233,00 00 00 00 00 00 00 00 18 00 42 00 00 A2 EF 34 A7 2F 00 00 EF 80 00 20 00 00 03 01 60 00 38 35 50 35 6B 44 44 44 7F AC 30 AE A5 59 56 73 0A 95 83 71 81 0D 5F 2F 40 40 1B 1B AE 4C 3D 00 00 6A 11 17 F4 64
1785249550436,16:39:10.732,00 00 00 00 00 00 00 00 18 00 42 00 00 A2 EF 34 A7 2F 00 00 EF 80 00 20 00 00 03 01 60 00 38 35 5D 35 3B 44 44 44 80 3C 30 AE A5 59 56 80 0B 4D 90 76 86 0D 61 31 40 46 1A 1A A8 4C 3D 00 00 6A 13 17 F4 64
1785249550937,16:39:11.235,00 00 00 00 00 00 00 00 18 00 42 00 00 A2 EF 34 A7 2F 00 00 EF 80 00 20 00 00 03 01 60 00 38 35 82 35 7D 44 44 44 80 94 30 AE A5 59 56 7E 0C 46 91 7B 87 0D 62 31 40 48 1A 1B A5 4C 3D 00 00 6A 13 18 F4 64
1785249551438,16:39:11.750,00 00 00 00 00 00 00 00 18 00 42 00 00 A2 EF 34 A7 2F 00 00 EF 80 00 20 00 00 03 01 60 00 38 36 00 36 0B 44 44 44 81 00 30 AE A5 59 56 9B 0D 06 A0 7F 88 0D 62 31 40 48 1A 1C A6 4C 3D 00 00 6A 13 18 F4 64
1785249551939,16:39:12.239,00 00 00 00 00 00 00 00 18 00 42 00 00 A2 EF 34 A7 2F 00 00 EF 80 00 20 00 00 03 01 60 00 38 36 40 36 48 44 44 45 80 D8 30 AE A5 59 56 96 0D 9A A1 82 88 0D 62 31 40 48 1A 1D A8 4C 3D 00 00 6A 13 18 F4 64
1785249552440,16:39:12.738,00 00 00 00 00 00 00 00 18 00 42 00 00 A2 EF 34 A7 2F 00 00 EF 80 00 20 00 00 03 01 60 00 38 36 A8 36 A0 44 44 45 80 F4 30 AE A5 59 56 8F 0D D4 99 83 89 0D 62 31 40 48 1A 1E AA 4D 3E 00 00 6A 13 18 F4 64
1785249552941,16:39:13.235,00 00 00 00 00 00 00 00 18 00 42 00 00 A2 EF 34 A7 2F 00 00 EF 80 00 20 00 00 03 01 60 00 38 37 39 37 19 44 44 46 80 E0 30 AE A5 59 56 79 0D E6 A8 85 8A 0D 62 31 40 49 1B 1E AC 4E 3E 00 00 6A 13 18 F4 64
1785249553442,16:39:13.732,00 00 00 00 00 00 00 00 18 00 42 00 00 A2 EF 34 A7 2F 00 00 EF 80 00 20 00 00 03 01 60 00 38 37 54 37 4E 44 44 47 80 F8 30 AE A5 59 56 95 0E 16 9A 85 8A 0D 63 31 40 49 1B 1E AE 4F 3F 00 00 6A 13 18 F4 64
1785249553942,16:39:14.241,00 00 00 00 00 00 00 00 18 00 42 00 00 A2 EF 34 A7 2F 00 00 EF 80 00 20 00 00 03 01 60 00 38 38 12 37 E2 44 44 47 80 A0 30 AE A5 59 56 9A 0E 1A A0 86 8B 0D 62 31 40 49 1B 1E AF 4F 3F 00 00 6A 13 18 F4 64
1785249554442,16:39:14.739,00 00 00 00 00 00 00 00 18 00 42 00 00 A2 EF 34 A7 2F 00 00 EF 80 00 20 00 00 03 01 60 00 38 38 49 38 4E 44 44 47 80 A4 30 AE A5 59 56 8E 0E 29 AA 86 8A 0D 62 31 40 48 1B 1F B5 4F 3F 00 00 6A 12 18 F4 64
1785249554943,16:39:15.217,00 00 00 00 00 00 00 00 18 00 42 00 00 A2 EF 34 A7 2F 00 00 EF 80 00 20 00 00 03 01 60 00 38 38 B8 38 E0 44 44 48 81 1C 30 AE A5 59 56 94 0D FC A5 86 8A 00 61 30 40 47 1B 1F BB 4F 3F 00 00 6A 12 18 F4 64
1785249555443,16:39:15.715,00 00 00 00 00 00 00 00 18 00 42 00 00 A2 EF 34 A7 2F 00 00 EF 80 00 20 00 00 03 01 60 00 38 38 D4 38 B0 44 44 48 81 38 30 AE A5 59 56 9A 0D DB 9E 84 7F 0D 58 2C 40 36 23 2C B9 4F 3F 00 00 6A 0C 17 F4 64
1785249555943,16:39:16.218,00 00 00 00 00 00 00 00 18 00 42 00 00 A2 EF 34 A7 2F 00 00 EF 80 00 20 00 00 03 01 60 00 38 38 FF 38 DE 44 44 49 80 90 30 AE A5 59 56 78 0D 48 90 7F 70 0D 46 23 40 1F 37 43 C2 4F 3F 00 00 6A 06 17 F4 64
1785249556444,16:39:16.716,00 00 00 00 00 00 00 00 18 00 42 00 00 A2 EF 34 A7 2F 00 00 EF 90 00 20 00 00 03 01 60 00 38 3B 7C 3C 17 44 44 48 7F B4 30 AE A6 59 56 9D 0D 8D 8A 79 84 0D BA 5D 40 9E 22 28 00 50 40 00 00 6A 0E 18 F4 64
1785249556948,16:39:17.242,00 00 00 00 00 00 00 00 18 00 42 00 00 A2 EF 34 A7 2F 00 00 EF 80 00 20 00 00 03 01 60 00 38 4B FF 4B 78 44 44 48 7F 58 30 AE A6 59 56 AB 12 75 98 7C 6C 0D 32 19 40 03 1A 1B 00 50 40 00 00 6A 00 17 F4 64
1785249557449,16:39:17.748,00 00 00 00 00 00 00 00 18 00 42 00 00 A2 EF 34 A7 2F 00 00 EF 09 00 21 00 00 03 01 60 00 38 43 BD 43 C4 44 44 47 7F 58 30 AE A6 59 56 94 12 30 8B 7B 64 0D 32 19 40 00 1A 1B 00 51 41 00 00 6A FB 16 F4 64
1785249557950,16:39:18.235,00 00 00 00 00 00 00 00 18 00 42 00 00 A2 EF 34 A7 2F 00 00 EF 09 00 21 00 00 03 01 60 00 38 44 21 44 0B 44 44 46 7D B8 30 AE A6 59 56 8E 11 E5 8C 77 64 0D 32 19 40 00 1A 1B 00 51 41 00 00 6A FB 16 F4 64
1785249558451,16:39:18.748,00 00 00 00 00 00 00 00 18 00 42 00 00 A2 EF 34 A7 2F 00 00 EF 09 00 21 00 00 03 01 60 00 38 43 59 43 53 44 44 45 7E 24 30 AE A6 59 56 A1 11 A9 87 74 64 0D 32 19 40 00 1A 1B 00 51 41 00 00 6A FB 16 F4 64
1785249558952,16:39:19.247,00 00 00 00 00 00 00 00 18 00 42 00 00 A2 EF 34 A7 2F 00 00 EF 09 00 21 00 00 03 01 60 00 38 42 48 42 2F 44 44 44 7D EC 30 AE A6 59 56 9A 11 64 85 73 64 0D 32 19 40 00 1A 1B 00 52 42 00 00 6A FB 16 F4 64
1785249559453,16:39:19.753,00 00 00 00 00 00 00 00 18 00 42 00 00 A2 EF 34 A7 2F 00 00 EF 09 00 21 00 00 03 01 60 00 38 41 65 41 3B 44 44 43 7D E8 30 AE A6 59 56 8F 11 21 8C 73 64 0D 32 19 40 00 1A 1B 00 52 42 00 00 6A FB 15 F4 64
1785249559954,16:39:20.251,00 00 00 00 00 00 00 00 18 00 42 00 00 A2 EF 34 A7 2F 00 00 EF 09 00 21 00 00 03 01 60 00 38 40 63 40 22 44 44 42 7D F8 30 AE A6 59 56 9C 10 DD 8B 72 64 0D 32 19 40 00 1A 1B 00 52 42 00 00 6A FB 15 F4 64
1785249560455,16:39:20.749,00 00 00 00 00 00 00 00 18 00 42 00 00 A2 EF 34 A7 2F 00 00 EF 09 00 21 00 00 03 01 60 00 38 3F 58 3F 27 44 44 41 7E 08 30 AE A6 59 56 9E 10 92 83 71 64 0D 32 19 40 00 1A 1B 00 53 43 00 00 6A FB 15 F4 64
1785249560957,16:39:21.257,00 00 00 00 00 00 00 00 18 00 42 00 00 A2 EF 34 A7 2F 00 00 EF 00 00 20 00 00 03 01 78 00 38 3E 01 3D AC 44 44 40 7E 08 30 AE A5 59 56 96 10 44 89 71 67 0D 58 2B 40 1F 1A 1B 00 53 43 00 00 6A 03 15 F4 64
1785249561458,16:39:21.760,00 00 00 00 00 00 00 00 18 00 42 00 00 A2 EF 34 A7 2F 00 00 EF 80 00 20 00 00 03 01 78 00 38 4D D0 4D F8 44 44 3E 7D 70 30 AE A6 59 56 9E 11 7B 8F 74 97 00 75 3A 40 6C 1D 21 00 54 43 00 00 6A 10 18 F4 64
1785249561959,16:39:22.263,00 00 00 00 00 00 00 00 18 00 42 00 00 A2 EF 34 A7 2F 00 00 EF 00 00 20 00 00 03 01 78 00 38 4E C1 4E AC 44 44 3B 79 A4 30 AE A6 59 56 AD 16 5A 9E 80 64 0D 32 19 40 02 55 33 00 54 44 00 00 6A FC 18 F4 64
1785249562460,16:39:22.759,00 00 00 00 00 00 00 00 18 00 42 00 00 A2 EF 34 A7 2F 00 00 EF 09 00 29 00 00 03 01 78 00 38 3C E8 3C ED 44 44 37 78 50 30 AE A6 59 56 8C 13 BB 93 7E 64 0D 32 19 40 00 55 33 00 54 44 00 00 6A FB 14 F4 64
1785249562962,16:39:23.263,00 00 00 00 00 00 00 00 18 00 42 00 00 A2 EF 34 A7 2F 00 00 EF 09 00 29 00 00 03 01 78 00 38 3E 11 3E 0D 44 44 32 76 24 30 AE A6 59 56 9B 11 46 85 77 64 0D 32 19 40 00 55 33 00 54 44 00 00 6A FB 15 F4 64
1785249563463,16:39:23.736,00 00 00 00 00 00 00 00 18 00 42 00 00 A2 EF 34 A7 2F 00 00 EF 09 00 29 00 00 03 01 78 00 38 38 8E 38 70 44 44 2D 75 2C 31 AE A6 59 56 8F 10 14 89 73 64 0D 32 19 40 00 55 33 00 54 44 00 00 6A FB 13 F4 64
1785249563965,16:39:24.242,00 00 00 00 00 00 00 00 18 00 42 00 00 A2 EF 34 A7 2F 00 00 EF 09 00 29 00 00 03 01 78 00 38 31 DD 31 BF 44 44 28 75 FC 31 AE A6 59 56 8D 0E 87 7F 71 64 0D 32 19 40 00 55 33 00 55 44 00 00 6A FB 12 F4 64
1785249564467,16:39:24.763,00 00 00 00 00 00 00 00 18 00 42 00 00 A2 EF 34 A7 2F 00 00 EF 01 00 29 00 00 03 01 78 00 38 2A BC 2A B5 44 44 23 75 A4 31 AE A6 59 56 80 0C BB 84 6E 64 0D 32 19 40 00 55 33 00 56 45 00 00 6A FC 10 F4 64
1785249564969,16:39:25.251,00 00 00 00 00 00 00 00 18 00 42 00 00 A2 EF 34 A7 2F 00 00 EF 01 00 29 00 00 03 01 78 00 38 24 EB 24 F8 44 44 1E 75 C8 31 AE A6 59 56 82 0A EC 81 6D 64 0D 32 19 40 00 55 33 00 57 46 00 00 6A 01 15 F4 64
1785249565470,16:39:25.745,00 00 00 00 00 00 00 00 18 00 42 00 00 A2 EF 34 A7 2F 00 00 EF 81 00 29 00 00 03 01 78 00 38 20 F4 20 DD 44 44 1A 77 4C 31 AE A6 59 56 75 09 81 7C 6C 64 0D 32 19 40 00 55 33 00 58 47 00 00 6A 06 13 F4 64
1785249565972,16:39:26.267,00 00 00 00 00 00 00 00 18 00 42 00 00 A2 EF 34 A7 2F 00 00 EF 81 00 29 00 00 03 01 78 00 38 20 5F 20 57 44 44 16 79 24 31 AE A5 59 56 6B 08 B1 83 6B 64 0D 32 19 40 00 55 33 00 59 48 00 00 6A 07 13 F4 64
1785249566474,16:39:26.770,00 00 00 00 00 00 00 00 18 00 42 00 00 A2 EF 34 A7 2F 00 00 EF 81 00 29 00 00 03 01 38 00 38 20 1B 20 0E 44 44 13 79 C8 31 AE A5 59 56 7D 08 65 7B 6B 64 0D 32 19 40 00 55 33 00 5B 49 00 00 6A 07 13 F4 64
1785249566974,16:39:27.269,00 00 00 00 00 00 00 00 18 00 42 00 00 A2 EF 34 A7 2F 00 00 EF 81 00 29 00 00 03 01 38 00 38 20 28 20 28 44 44 10 79 90 31 AE A5 59 56 7F 08 45 84 6B 64 0D 32 19 40 00 55 33 00 5C 4B 00 00 6A 07 13 F4 64
1785249567476,16:39:27.780,00 00 00 00 00 00 00 00 18 00 42 00 00 A2 EF 34 A7 2F 00 00 EF 81 00 29 00 00 03 01 38 00 38 1F B4 1F AF 44 44 0E 7A 8C 31 AE A5 59 56 72 08 46 7F 6A 64 0D 32 19 40 00 55 33 00 5E 4C 00 00 6A 08 13 F4 64
1785249567976,16:39:28.254,00 00 00 00 00 00 00 00 18 00 42 00 00 A2 EF 34 A7 2F 00 00 EF 81 00 29 00 00 03 01 38 00 38 1D 48 1D 52 44 44 0C 7B 9C 31 AE A5 59 56 5C 07 F8 7A 6A 64 0D 32 19 40 00 55 33 00 61 4E 00 00 6A 0A 11 F4 64
1785249568482,16:39:28.753,00 00 00 00 00 00 00 00 18 00 42 00 00 A2 EF 34 A7 2F 00 00 EF 81 00 29 00 00 03 01 20 00 38 1B 67 1B 51 44 44 0B 7D E0 31 AE A5 59 56 56 07 8B 85 6B 64 0D 32 19 40 00 55 33 00 62 50 00 00 6A 0D 10 F4 64
1785249568984,16:39:29.281,00 00 00 00 00 00 00 00 18 00 42 00 00 A2 EF 34 A7 2F 00 11 EF 81 00 29 00 00 03 01 20 00 38 19 AD 19 A9 44 44 0B 80 5C 31 AE A5 59 56 67 07 13 7B 6A 64 0D 32 19 40 00 55 33 00 64 51 00 00 6A 11 11 F4 64
1785249569486,16:39:29.784,00 00 00 00 00 00 00 00 18 00 42 00 00 A2 EF 34 A7 2F 00 11 EF 81 00 29 00 00 03 01 20 00 38 19 F3 19 C3 44 44 0C 81 40 31 AE A5 59 56 62 06 FB 7B 6B 64 0D 32 19 40 00 55 33 00 66 53 00 00 6A 15 0F F4 64
1785249569988,16:39:30.287,00 00 00 00 00 00 00 00 18 00 42 00 00 A2 EF 34 A7 2F 00 11 EF 81 00 29 00 00 03 01 20 00 37 1B 16 1A EE 44 44 0D 81 68 31 AE A5 59 56 57 07 0C 7D 6C 65 0D 32 19 40 00 55 33 00 67 55 00 00 6A 15 0F F4 64
1785249570489,16:39:30.791,00 00 00 00 00 00 00 00 18 00 42 00 00 A2 EF 34 A7 2F 00 11 EF 81 00 29 00 00 03 01 20 00 37 1C C7 1C CB 44 44 0D 80 E8 31 AE A5 59 56 57 07 3C 7C 6C 66 0D 32 19 40 00 55 33 00 68 56 00 00 6A 13 0F F4 64
1785249570990,16:39:31.287,00 00 00 00 00 00 00 00 18 00 42 00 00 A2 EF 34 A7 2F 00 11 EF 81 00 29 00 00 03 01 20 00 38 1D E1 1E 03 44 44 0E 80 F0 31 AE A5 59 56 7C 07 92 82 6C 67 0D 32 19 40 00 55 33 00 69 56 00 00 6A 12 0E F4 64
1785249571490,16:39:31.796,00 00 00 00 00 00 00 00 18 00 42 00 00 A2 EF 34 A7 2F 00 11 EF 81 00 29 00 00 03 01 28 00 38 1E CE 1E EA 44 44 0E 80 78 31 AE A4 59 56 66 07 CB 7C 6C 67 0D 32 19 40 00 55 33 00 69 56 00 00 6A 10 0E F4 64
1785249571991,16:39:32.286,00 00 00 00 00 00 00 00 18 00 42 00 00 A2 EF 34 A7 2F 00 11 EF 81 00 29 00 00 03 01 38 00 38 20 4D 20 27 44 44 0E 80 EC 31 AE A4 59 56 7E 08 0C 81 6C 64 0D 32 19 40 00 55 33 00 68 56 00 00 6A 07 13 F4 64
1785249572493,16:39:32.793,00 00 00 00 00 00 00 00 18 00 42 00 00 A2 EF 34 A7 2F 00 11 EF 81 00 29 00 00 03 01 38 00 38 20 51 20 36 44 44 0E 7F 08 31 AE A4 59 56 67 08 25 7F 6C 64 0D 32 19 40 00 55 33 00 67 55 00 00 6A 08 13 F4 64
1785249572994,16:39:33.269,00 00 00 00 00 00 00 00 18 00 42 00 00 A2 EF 34 A7 2F 00 11 EF 81 00 29 00 00 03 01 38 00 38 20 00 20 3B 44 44 0C 7C 7C 31 AE A4 59 56 66 08 41 85 6C 64 0D 32 19 40 00 55 33 00 66 54 00 00 6A 08 13 F4 64
1785249573494,16:39:33.788,00 00 00 00 00 00 00 00 18 00 42 00 00 A2 EF 34 A7 2F 00 11 EF 81 00 29 00 00 03 01 38 00 38 20 2D 20 3C 44 44 0A 7B 50 31 AE A4 59 56 73 08 34 79 6B 64 0D 32 19 40 00 55 33 00 65 53 00 00 6A 08 13 F4 64
1785249573996,16:39:34.290,00 00 00 00 00 00 00 00 18 00 42 00 00 A2 EF 34 A7 2F 00 11 EF 81 00 29 00 00 03 01 38 00 37 20 28 20 26 44 44 07 7B 70 31 AE A4 59 56 7E 08 3B 79 6B 64 0D 32 19 40 00 55 33 00 65 53 00 00 6A 08 13 F4 64
1785249574496,16:39:34.770,00 00 00 00 00 00 00 00 18 00 42 00 00 A2 EF 34 A7 2F 00 11 EF 81 00 29 00 00 03 01 38 00 37 20 3F 20 40 44 44 06 7C 5C 31 AE A4 59 56 7C 08 4D 7F 6B 64 0D 32 19 40 00 55 33 00 65 53 00 00 6A 08 13 F4 64
1785249574999,16:39:35.290,00 00 00 00 00 00 00 00 18 00 42 00 00 A2 EF 34 A7 2F 00 11 EF 81 00 29 00 00 03 01 38 00 38 1F CF 1F E5 44 44 04 7D 44 31 AE A4 5A 56 6C 08 46 7C 6A 64 0D 32 19 40 00 55 33 00 65 53 00 00 6A 08 13 F4 64
1785249575500,16:39:35.797,00 00 00 00 00 00 00 00 18 00 42 00 00 A2 EF 34 A7 2F 00 11 EF 81 00 29 00 00 03 01 20 00 38 1C 63 1C 13 44 44 04 7F 90 31 AE A4 5A 56 69 07 E0 7A 6B 64 0D 32 19 40 00 55 33 00 66 53 00 00 6A 0C 11 F4 64
1785249576001,16:39:36.297,00 00 00 00 00 00 00 00 18 00 42 00 00 A2 EF 34 A7 2F 00 11 EF 81 00 29 00 00 03 01 20 00 38 1B 20 1B 22 44 44 06 82 44 31 AE A3 5A 56 7A 07 4B 82 6C 64 0D 32 19 40 00 55 33 00 66 53 00 00 6A 0F 11 F4 64
1785249576502,16:39:36.790,00 00 00 00 00 00 00 00 18 00 42 00 00 A2 EF 34 A7 2F 00 11 EF 81 00 29 00 00 03 01 20 00 38 1A C4 1A C6 44 44 06 82 18 31 AE A4 5A 56 5B 07 39 7E 6C 64 0D 32 19 40 00 55 33 00 65 53 00 00 6A 0F 11 F4 64
1785249577002,16:39:37.314,00 00 00 00 00 00 00 00 18 00 42 00 00 A2 EF 34 A7 2F 00 11 EF 81 00 29 00 00 03 01 20 00 38 19 87 19 A2 44 44 08 83 14 31 AE A3 5A 56 60 06 E9 81 6D 64 0D 32 19 40 00 55 33 00 64 52 00 00 6A 16 0F F4 64
1785249577503,16:39:37.782,00 00 00 00 00 00 00 00 18 00 42 00 00 A2 EF 34 A7 2F 00 11 EF 81 00 29 00 00 03 01 20 00 38 1C 66 1C 60 44 44 09 82 B4 31 AE A3 5A 56 74 07 28 7A 6C 66 0D 32 19 40 00 55 33 00 63 51 00 00 6A 12 0E F4 64
1785249578004,16:39:38.302,00 00 00 00 00 00 00 00 18 00 42 00 00 A2 EF 34 A7 2F 00 11 EF 81 00 29 00 00 03 01 20 00 37 1C 0C 1C 05 44 44 0A 82 28 31 AE A3 5A 56 7C 07 3F 82 6C 66 0D 32 19 40 00 55 33 00 62 50 00 00 6A 13 0F F4 64
1785249578506,16:39:38.805,00 00 00 00 00 00 00 00 18 00 42 00 00 A2 EF 34 A7 2F 00 11 EF 81 00 29 00 00 03 01 20 00 37 1B 88 1B 96 44 44 0C 83 AC 31 AE A3 5A 56 77 07 41 82 6D 65 0D 32 19 40 00 55 33 00 62 50 00 00 6A 14 0F F4 64
1785249579006,16:39:39.309,00 00 00 00 00 00 00 00 18 00 42 00 00 A2 EF 34 A7 2F 00 11 EF 81 00 29 00 00 03 01 20 00 38 1D 80 1D 93 44 44 0E 84 18 31 AE A3 5A 56 7C 07 82 84 6D 66 0D 32 19 40 00 55 33 00 61 50 00 00 6A 12 0E F4 64
1785249579508,16:39:39.808,00 00 00 00 00 00 00 00 18 00 42 00 00 A2 EF 34 A7 2F 00 11 EF 81 00 29 00 00 03 01 20 00 38 20 3A 20 A6 44 44 0F 83 34 31 AE A3 5A 56 67 07 F4 7F 6C 67 0D 32 19 40 00 55 33 00 62 50 00 00 6A 0D 13 F4 64
1785249580009,16:39:40.306,00 00 00 00 00 00 00 00 18 00 42 00 00 A2 EF 34 A7 2F 00 11 EF 81 00 29 00 00 03 01 20 00 38 22 25 22 1E 44 44 11 82 A8 31 AE A3 5A 56 83 08 74 83 6C 65 0D 32 19 40 00 55 33 00 62 50 00 00 6A 07 13 F4 64
1785249580510,16:39:40.807,00 00 00 00 00 00 00 00 18 00 42 00 00 A2 EF 34 A7 2F 00 11 EF 81 00 29 00 00 03 01 20 00 38 23 DB 23 BA 44 44 11 81 8C 31 AE A2 5A 56 71 08 BF 7C 6C 65 0D 32 19 40 00 55 33 00 62 50 00 00 6A 03 14 F4 64
1785249581013,16:39:41.314,00 00 00 00 00 00 00 00 18 00 42 00 00 A2 EF 34 A7 2F 00 11 EF 81 00 29 00 00 03 01 20 00 38 23 2B 23 36 44 44 11 7F F0 31 AE A2 5A 56 63 08 E2 82 6B 65 0D 32 19 40 00 55 33 00 61 50 00 00 6A 04 14 F4 64
1785249581514,16:39:41.814,00 00 00 00 00 00 00 00 18 00 42 00 00 A2 EF 34 A7 2F 00 11 EF 81 00 29 00 00 03 01 20 00 38 23 00 22 DE 44 44 11 7F AC 30 AE A2 5A 56 82 09 05 84 6B 65 0D 32 19 40 00 55 33 00 61 4F 00 00 6A 04 14 F4 64
1785249582015,16:39:42.314,00 00 00 00 00 00 00 00 18 00 42 00 00 A2 EF 34 A7 2F 00 11 EF 81 00 29 00 00 03 01 20 00 38 22 BB 22 C5 44 44 11 7F D8 30 AE A2 5A 56 78 08 E8 79 6B 65 0D 32 19 40 00 55 33 00 60 4F 00 00 6A 04 14 F4 64
1785249582516,16:39:42.794,00 00 00 00 00 00 00 00 18 00 42 00 00 A2 EF 34 A7 2F 00 11 EF 81 00 29 00 00 03 00 00 00 38 22 C6 22 CC 44 44 11 80 20 30 AE A2 5A 56 6A 09 01 81 6B 65 0D 32 19 40 00 55 33 00 60 4E 00 00 6A 06 14 F4 64
1785249583017,16:39:43.314,00 00 00 00 00 00 00 00 18 00 42 00 00 A2 EF 34 A7 2F 00 11 EF 81 00 29 00 00 03 00 00 00 38 23 3B 23 2B 44 44 12 80 70 30 AE A2 5A 56 85 09 04 78 6B 65 0D 32 19 40 00 55 33 00 60 4E 00 00 6A 05 14 F4 64
1785249583518,16:39:43.810,00 00 00 00 00 00 00 00 18 00 42 00 00 A2 EF 34 A7 2F 00 11 EF 81 00 29 00 00 03 01 20 00 38 22 9C 22 CE 44 44 12 7F F4 30 AE A2 5A 56 84 09 09 83 6B 65 0D 32 19 40 00 55 33 00 5F 4E 00 00 6A 05 14 F4 64
1785249584019,16:39:44.320,00 00 00 00 00 00 00 00 18 00 42 00 00 A2 EF 34 A7 2F 00 11 EF 81 00 29 00 00 03 01 28 00 38 22 53 22 43 44 44 11 7E B4 30 AE A2 5A 56 73 08 F6 7A 6A 65 0D 32 19 40 00 55 33 00 5F 4D 00 00 6A 05 14 F4 64
1785249584521,16:39:44.817,00 00 00 00 00 00 00 00 18 00 42 00 00 A2 EF 34 A7 2F 00 11 EF 81 00 29 00 00 03 01 38 00 38 21 02 21 16 44 44 10 7E BC 30 AE A2 5A 56 74 08 C6 7B 6B 64 0D 32 19 40 00 55 33 00 5E 4D 00 00 6A 06 13 F4 64
1785249585021,16:39:45.316,00 00 00 00 00 00 00 00 18 00 42 00 00 A2 EF 34 A7 2F 00 11 EF 81 00 29 00 00 03 01 38 00 38 20 16 20 0B 44 44 0F 7D BC 30 AE A2 5A 56 6A 08 64 82 6B 64 0D 32 19 40 00 55 33 00 5E 4D 00 00 6A 07 13 F4 64
1785249585521,16:39:45.819,00 00 00 00 00 00 00 00 18 00 42 00 00 A2 EF 34 A7 2F 00 11 EF 81 00 29 00 00 03 01 38 00 38 1C CE 1C D8 44 44 0E 7D 64 30 AE A2 5A 56 74 07 F1 7A 6A 64 0D 32 19 40 00 55 33 00 5D 4C 00 00 6A 0B 11 F4 64
1785249586023,16:39:46.320,00 00 00 00 00 00 00 00 18 00 42 00 00 A2 EF 34 A7 2F 00 11 EF 81 00 29 00 00 03 01 38 00 37 1B BE 1B C4 44 44 0D 7E 38 30 AE A2 5A 56 71 07 88 84 6B 64 0D 32 19 40 00 55 33 00 5D 4B 00 00 6A 0C 11 F4 64
1785249586525,16:39:46.824,00 00 00 00 00 00 00 00 18 00 42 00 00 A2 EF 34 A7 2F 00 11 EF 81 00 29 00 00 03 01 38 00 37 1A EA 1A DE 44 44 0C 7E A8 30 AE A2 5C 56 63 07 3A 85 6B 64 0D 32 19 40 00 55 33 00 5C 4B 00 00 6A 0D 10 F4 64
1785249587029,16:39:47.321,00 00 00 00 00 00 00 00 18 00 42 00 00 A2 EF 34 A7 2F 00 11 EF 81 00 29 00 00 03 01 28 00 38 1C 02 1C 0A 44 44 0C 80 24 30 AE A2 5C 56 7D 07 2C 84 6B 64 0D 32 19 40 00 55 33 00 5C 4B 00 00 6A 0C 11 F4 64
1785249587530,16:39:47.820,00 00 00 00 00 00 00 00 18 00 42 00 00 A2 EF 34 A7 2F 00 11 EF 81 00 29 00 00 03 01 38 00 38 1D D9 1D 9D 44 44 0D 82 08 30 AE A2 5C 56 66 07 51 81 6B 64 0D 32 19 40 00 55 33 00 5B 4A 00 00 6A 0A 12 F4 64
1785249588031,16:39:48.313,00 00 00 00 00 00 00 00 18 00 42 00 00 A2 EF 34 A7 2F 00 11 EF 81 00 29 00 00 03 01 38 00 38 1D 9F 1D 81 44 44 0E 81 C4 30 AE A2 5C 56 68 07 80 79 6A 64 0D 32 19 40 00 55 33 00 5B 4A 00 00 6A 0A 12 F4 64
1785249588534,16:39:48.829,00 00 00 00 00 00 00 00 18 00 42 00 00 A2 EF 34 A7 2F 00 11 EF 81 00 29 00 00 03 01 38 00 38 20 31 20 37 44 44 0D 7F 00 30 AE A2 5C 56 70 07 D8 7B 6A 64 0D 32 19 40 00 55 33 00 5A 49 00 00 6A 07 13 F4 64
1785249589036,16:39:49.329,00 00 00 00 00 00 00 00 18 00 42 00 00 A2 EF 34 A7 2F 00 11 EF 81 00 29 00 00 03 01 38 00 38 1F EE 20 0B 44 44 0B 7C A0 30 AE A2 5C 56 60 08 15 78 6B 64 0D 32 19 40 00 55 33 00 5A 49 00 00 6A 07 13 F4 64
1785249589537,16:39:49.833,00 00 00 00 00 00 00 00 18 00 42 00 00 A2 EF 34 A7 2F 00 11 EF 81 00 29 00 00 03 01 38 00 38 20 1F 20 4E 44 44 09 7B CC 30 AE A2 5C 56 6D 08 24 7F 6A 64 0D 32 19 40 00 55 33 00 5A 49 00 00 6A 07 13 F4 64
1785249590039,16:39:50.340,00 00 00 00 00 00 00 00 18 00 42 00 00 A2 EF 34 A7 2F 00 11 EF 81 00 29 00 00 03 01 38 00 38 20 0D 20 0C 44 44 07 7B 3C 30 AE A1 5C 56 7F 08 36 79 6A 64 0D 32 19 40 00 55 33 00 5B 49 00 00 6A 07 13 F4 64
1785249590542,16:39:50.842,00 00 00 00 00 00 00 00 18 00 42 00 00 A2 EF 34 A7 2F 00 11 EF 81 00 29 00 00 03 01 20 00 38 20 36 20 41 44 44 06 7E E4 30 AE A1 5C 56 7E 08 3C 84 6B 64 0D 32 19 40 00 55 33 00 5B 4A 00 00 6A 07 13 F4 64
1785249591043,16:39:51.347,00 00 00 00 00 00 00 00 18 00 42 00 00 A2 EF 34 A7 2F 00 11 EF 81 00 29 00 00 03 01 20 00 37 1F 26 1F 2C 44 44 07 80 E8 30 AE A1 5C 56 7E 08 1E 7B 6A 64 0D 32 19 40 00 55 33 00 5B 4A 00 00 6A 08 12 F4 64
1785249591544,16:39:51.846,00 00 00 00 00 00 00 00 18 00 42 00 00 A2 EF 34 A7 2F 00 11 EF 81 00 29 00 00 03 01 20 00 37 1B AD 1B A5 44 44 08 82 0C 30 AE A1 5C 56 7F 07 B2 83 6B 64 0D 32 19 40 00 55 33 00 5B 4A 00 00 6A 0C 11 F4 64
1785249592045,16:39:52.347,00 00 00 00 00 00 00 00 18 00 42 00 00 A2 EF 34 A7 2F 00 11 EF 81 00 29 00 00 03 01 20 00 38 1B 7B 1B 64 44 44 09 82 98 30 AE A1 5C 56 58 07 67 83 6B 64 0D 32 19 40 00 55 33 00 5A 49 00 00 6A 0D 11 F4 64
1785249592546,16:39:52.846,00 00 00 00 00 00 00 00 18 00 42 00 00 A2 EF 34 A7 2F 00 11 EF 81 00 29 00 00 03 01 20 00 38 19 CD 19 D4 44 44 0B 83 08 30 AE A1 5C 56 5B 07 1C 7A 6A 64 0D 32 19 40 00 55 33 00 59 49 00 00 6A 10 11 F4 64
1785249593046,16:39:53.342,00 00 00 00 00 00 00 00 18 00 42 00 00 A2 EF 34 A7 2F 00 11 EF 81 00 29 00 00 03 01 20 00 38 1A C4 1A ED 44 44 0C 83 10 30 AE A1 5C 56 66 07 13 7E 6B 65 0D 32 19 40 00 55 33 00 59 48 00 00 6A 12 12 F4 64
1785249593547,16:39:53.841,00 00 00 00 00 00 00 00 18 00 42 00 00 A2 EF 34 A7 2F 00 11 EF 81 00 29 00 00 03 01 20 00 38 1E 5C 1E B5 44 44 0E 82 B0 30 AE A1 5C 56 65 07 53 79 6B 66 0D 32 19 40 00 55 33 00 5A 49 00 00 6A 0E 12 F4 64
1785249594049,16:39:54.347,00 00 00 00 00 00 00 00 18 00 42 00 00 A2 EF 34 A7 2F 00 11 EF 81 00 29 00 00 03 01 20 00 37 21 71 21 57 44 44 0E 81 B4 30 AE A1 5C 56 67 08 3F 79 6B 64 0D 32 19 40 00 55 33 00 5A 49 00 00 6A 06 13 F4 64
1785249594550,16:39:54.847,00 00 00 00 00 00 00 00 18 00 42 00 00 A2 EF 34 A7 2F 00 11 EF 81 00 29 00 00 03 01 20 00 37 20 88 20 7E 44 44 0F 80 D4 30 AE A1 5C 56 7D 08 48 7B 6B 64 0D 32 19 40 00 55 33 00 5B 4A 00 00 6A 07 13 F4 64
1785249595051,16:39:55.337,00 00 00 00 00 00 00 00 18 00 42 00 00 A2 EF 34 A7 2F 00 11 EF 81 00 29 00 00 03 01 20 00 37 1F E9 1F E0 44 44 0F 81 1C 30 AE A1 5C 56 7F 08 44 83 6B 64 0D 32 19 40 00 55 33 00 5B 4A 00 00 6A 08 13 F4 64
1785249595553,16:39:55.848,00 00 00 00 00 00 00 00 18 00 42 00 00 A2 EF 34 A7 2F 00 11 EF 81 00 29 00 00 03 01 20 00 37 1F F2 20 00 44 44 10 81 78 30 AE A1 5C 56 81 08 40 7D 6A 64 0D 32 19 40 00 55 33 00 5B 4A 00 00 6A 08 13 F4 64
1785249596056,16:39:56.348,00 00 00 00 00 00 00 00 18 00 42 00 00 A2 EF 34 A7 2F 00 11 EF 81 00 29 00 00 03 01 20 00 38 21 BB 21 DF 44 44 11 81 64 30 AE A1 5C 56 68 08 5A 78 6A 64 0D 32 19 40 00 55 33 00 5A 49 00 00 6A 05 13 F4 64
1785249596558,16:39:56.867,00 00 00 00 00 00 00 00 18 00 42 00 00 A2 EF 34 A7 2F 00 11 EF 81 00 29 00 00 03 01 20 00 38 21 59 21 41 44 44 11 80 B0 30 AE A0 5C 56 83 08 A1 84 6B 64 0D 32 19 40 00 55 33 00 5A 49 00 00 6A 06 13 F4 64
1785249597061,16:39:57.363,00 00 00 00 00 00 00 00 18 00 42 00 00 A2 EF 34 A7 2F 00 11 EF 81 00 29 00 00 03 01 38 00 38 20 0D 20 28 44 44 11 7F C4 30 AE A0 5C 56 7D 08 78 84 6B 64 0D 32 19 40 00 55 33 00 59 49 00 00 6A 07 13 F4 64
1785249597563,16:39:57.864,00 00 00 00 00 00 00 00 18 00 42 00 00 A2 EF 34 A7 2F 00 11 EF 81 00 29 00 00 03 01 38 00 38 20 1F 20 0D 44 44 10 80 5C 30 AE A0 5C 56 78 08 5A 78 6A 64 0D 32 19 40 00 55 33 00 5A 49 00 00 6A 07 13 F4 64
1785249598064,16:39:58.368,00 00 00 00 00 00 00 00 18 00 42 00 00 A2 EF 34 A7 2F 00 11 EF 81 00 29 00 00 03 01 38 00 38 1F E9 1F DF 44 44 0F 7D 9C 30 AE A0 5C 56 5F 08 42 80 6B 64 0D 32 19 40 00 55 33 00 5A 49 00 00 6A 07 13 F4 64
1785249598566,16:39:58.867,00 00 00 00 00 00 00 00 18 00 42 00 00 A2 EF 34 A7 2F 00 11 EF 81 00 29 00 00 03 01 20 00 38 1E D2 1E C0 44 44 0F 7E 70 30 AE A0 5C 56 6C 08 3B 7A 6A 64 0D 32 19 40 00 55 33 00 5A 49 00 00 6A 09 12 F4 64
1785249599067,16:39:59.363,00 00 00 00 00 00 00 00 18 00 42 00 00 A2 EF 34 A7 2F 00 11 EF 81 00 29 00 00 03 01 20 00 38 1F 9E 1F 9F 44 44 0F 81 10 30 AE A0 5C 56 7C 08 03 78 6A 64 0D 32 19 40 00 55 33 00 5A 49 00 00 6A 08 13 F4 64
1785249599568,16:39:59.868,00 00 00 00 00 00 00 00 18 00 42 00 00 A2 EF 34 A7 2F 00 11 EF 81 00 29 00 00 03 01 20 00 38 20 56 20 52 44 44 10 81 C4 30 AE A0 5C 56 82 08 26 80 6A 64 0D 32 19 40 00 55 33 00 59 49 00 00 6A 07 13 F4 64
1785249600069,16:40:00.368,00 00 00 00 00 00 00 00 18 00 42 00 00 A2 EF 34 A7 2F 00 11 EF 81 00 29 00 00 03 01 20 00 38 21 15 21 12 44 44 10 80 90 30 AE A0 5C 56 66 08 5C 82 6A 64 0D 32 19 40 00 55 33 00 59 48 00 00 6A 06 13 F4 64
1785249600571,16:40:00.903,00 00 00 00 00 00 00 00 18 00 42 00 00 A2 EF 34 A7 2F 00 11 EF 81 00 29 00 00 03 01 20 00 38 21 7B 21 88 44 44 10 80 9C 30 AE A0 5C 56 83 08 70 7D 6A 64 0D 3D 1E 40 00 55 33 00 59 48 00 00 6A 06 13 F4 64
1785249601073,16:40:01.370,00 00 00 00 00 00 00 00 18 00 42 00 00 A2 EF 34 A7 2F 00 11 EF 81 00 29 00 00 03 01 20 00 38 21 B1 21 A8 44 44 11 80 68 30 AE A0 5C 56 81 08 93 78 6A 64 0D 3B 1D 40 00 55 33 00 59 48 00 00 6A 05 13 F4 64
1785249601573,16:40:01.871,00 00 00 00 00 00 00 00 18 00 42 00 00 A2 EF 34 A7 2F 00 11 EF 81 00 29 00 00 03 01 20 00 38 22 91 22 CF 44 44 11 80 4C 30 AE A0 5C 56 7F 08 BC 7D 6A 65 0D 3A 1D 40 00 55 33 00 59 48 00 00 6A 04 14 F4 64
1785249602074,16:40:02.371,00 00 00 00 00 00 00 00 18 00 42 00 00 A2 EF 34 A7 2F 00 11 EF 81 00 29 00 00 03 01 20 00 38 22 A1 22 9B 44 44 11 81 1C 30 AE A0 5C 56 75 08 D0 84 6B 65 0D 36 1B 40 00 55 33 00 59 48 00 00 6A 04 14 F4 64
1785249602578,16:40:02.875,00 00 00 00 00 00 00 00 18 00 42 00 00 A2 EF 34 A7 2F 00 11 EF 81 00 29 00 00 03 01 20 00 38 22 FB 22 AA 44 44 11 7F E8 30 AE A0 5C 56 71 08 ED 80 6A 64 0D 32 19 40 00 55 33 00 59 48 00 00 6A 04 14 F4 64
1785249603079,16:40:03.373,00 00 00 00 00 00 00 00 18 00 42 00 00 A2 EF 34 A7 2F 00 11 EF 81 00 29 00 00 03 01 20 00 38 22 D5 22 DC 44 44 11 80 18 30 AE A0 5C 56 81 08 E0 82 6A 65 0D 32 19 40 00 55 33 00 59 48 00 00 6A 04 14 F4 64
1785249603579,16:40:03.879,00 00 00 00 00 00 00 00 18 00 42 00 00 A2 EF 34 A7 2F 00 11 EF 81 00 29 00 00 03 01 38 00 38 22 91 22 90 44 44 11 80 30 30 AE A0 5C 56 65 08 EF 81 6A 65 0D 32 19 40 00 55 33 00 59 48 00 00 6A 04 14 F4 64
1785249604080,16:40:04.379,00 00 00 00 00 00 00 00 18 00 42 00 00 A2 EF 34 A7 2F 00 11 EF 81 00 29 00 00 03 01 38 00 37 20 B7 20 9F 44 44 11 7F 80 30 AE A0 5C 56 6D 08 BC 7A 6A 64 0D 32 19 40 00 55 33 00 59 48 00 00 6A 07 13 F4 64
1785249604581,16:40:04.879,00 00 00 00 00 00 00 00 18 00 42 00 00 A2 EF 34 A7 2F 00 11 EF 81 00 29 00 00 03 01 38 00 37 20 51 20 12 44 44 0E 7B 88 30 AE A0 5C 56 68 08 6E 83 6B 64 0D 32 19 40 00 55 33 00 59 48 00 00 6A 07 13 F4 64
1785249605082,16:40:05.358,00 00 00 00 00 00 00 00 18 00 42 00 00 A2 EF 34 A7 2F 00 11 EF 81 00 29 00 00 03 01 38 00 37 1F E1 1F DF 44 44 0B 7A 9C 30 AE A0 5C 56 69 08 47 78 6A 64 0D 32 19 40 00 55 33 00 59 48 00 00 6A 08 13 F4 64
1785249605583,16:40:05.856,00 00 00 00 00 00 00 00 18 00 42 00 00 A2 EF 34 A7 2F 00 11 EF 81 00 29 00 00 03 01 38 00 37 1F FB 20 18 44 44 08 7A 94 30 AE A0 5C 56 67 08 33 83 6B 64 0D 32 19 40 00 55 33 00 59 48 00 00 6A 07 13 F4 64
1785249606083,16:40:06.358,00 00 00 00 00 00 00 00 18 00 42 00 00 A2 EF 34 A7 2F 00 11 EF 81 00 29 00 00 03 01 38 00 38 20 16 20 28 44 44 07 7C D0 30 AE A0 5C 56 71 08 39 78 6A 64 0D 32 19 40 00 55 33 00 59 48 00 00 6A 07 13 F4 64
1785249606584,16:40:06.874,00 00 00 00 00 00 00 00 18 00 42 00 00 A2 EF 34 A7 2F 00 11 EF 81 00 29 00 00 03 01 28 00 38 20 16 20 18 44 44 07 80 80 30 AE A0 5C 56 7E 08 34 7F 6A 64 0D 32 19 40 00 55 33 00 58 48 00 00 6A 07 13 F4 64
1785249607085,16:40:07.371,00 00 00 00 00 00 00 00 18 00 42 00 00 A2 EF 34 A7 2F 00 11 EF 81 00 29 00 00 03 01 20 00 38 1E 00 1D FA 44 44 08 82 90 30 AE A0 5C 56 79 08 11 79 6A 64 0D 32 19 40 00 55 33 00 59 48 00 00 6A 09 12 F4 64
1785249607586,16:40:07.890,00 00 00 00 00 00 00 00 18 00 42 00 00 A2 EF 34 A7 2F 00 11 EF 81 00 29 00 00 03 01 20 00 38 1A 86 1A 04 44 44 0A 83 54 30 AE A0 5C 56 71 07 82 7C 6A 64 0D 32 19 40 00 55 33 00 59 48 00 00 6A 0F 10 F4 64
1785249608086,16:40:08.395,00 00 00 00 00 00 00 00 18 00 42 00 00 A2 EF 34 A7 2F 00 11 EF 81 00 29 00 00 03 01 20 00 38 1A 4F 1A 53 44 44 0C 84 20 30 AE A0 5C 56 81 07 1E 7D 6A 64 0D 32 19 40 00 55 33 00 59 48 00 00 6A 12 0E F4 64
1785249608587,16:40:08.867,00 00 00 00 00 00 00 00 18 00 42 00 00 A2 EF 34 A7 2F 00 11 EF 81 00 29 00 00 03 01 20 00 38 1D 9B 1D AF 44 44 0E 84 00 30 AE A0 5C 56 79 07 56 84 6B 65 0D 32 19 40 00 55 33 00 59 48 00 00 6A 0E 12 F4 64
1785249609088,16:40:09.366,00 00 00 00 00 00 00 00 18 00 42 00 00 A2 EF 34 A7 2F 00 11 EF 81 00 29 00 00 03 01 20 00 37 20 16 20 0C 44 44 0F 83 2C 30 AE 9F 5D 56 61 07 C9 80 6B 65 0D 32 19 40 00 55 33 00 58 47 00 00 6A 0A 13 F4 64
1785249609590,16:40:09.887,00 00 00 00 00 00 00 00 18 00 42 00 00 A2 EF 34 A7 2F 00 11 EF 81 00 29 00 00 03 01 20 00 37 21 07 21 2C 44 44 10 82 38 30 AE 9F 5D 56 84 08 4C 85 6B 64 0D 32 19 40 00 55 33 00 58 47 00 00 6A 07 13 F4 64
1785249610095,16:40:10.391,00 00 00 00 00 00 00 00 18 00 42 00 00 A2 EF 34 A7 2F 00 11 EF 81 00 29 00 00 03 01 20 00 38 22 25 22 1B 44 44 11 80 BC 30 AE 9F 5D 56 82 08 81 78 6B 64 0D 32 19 40 00 55 33 00 58 47 00 00 6A 05 14 F4 64
1785249610598,16:40:10.896,00 00 00 00 00 00 00 00 18 00 42 00 00 A2 EF 34 A7 2F 00 11 EF 81 00 29 00 00 03 01 20 00 38 21 F7 22 08 44 44 11 80 54 30 AE 9F 5D 56 75 08 B8 82 6B 64 0D 32 19 40 00 55 33 00 59 48 00 00 6A 05 13 F4 64
1785249611099,16:40:11.399,00 00 00 00 00 00 00 00 18 00 42 00 00 A2 EF 34 A7 2F 00 11 EF 81 00 29 00 00 03 01 20 00 38 21 A7 21 AD 44 44 11 7F F8 30 AE 9F 5D 56 66 08 CF 7A 6A 64 0D 32 19 40 00 55 33 00 59 48 00 00 6A 05 13 F4 64
1785249611600,16:40:11.884,00 00 00 00 00 00 00 00 18 00 42 00 00 A2 EF 34 A7 2F 00 11 EF 80 00 28 00 00 03 01 20 00 38 22 10 22 49 44 44 11 80 10 30 AE 9F 5D 56 68 08 CC 78 6A 65 0D 41 20 40 03 55 33 00 59 48 00 00 6A 06 14 F4 64
1785249612101,16:40:12.403,00 00 00 00 00 00 00 00 18 00 42 00 00 A2 EF 34 A7 2F 00 11 EF 80 00 20 00 00 03 01 20 00 38 23 41 23 4B 44 44 11 80 3C 30 AE 9F 5D 56 84 08 C8 84 6B 65 0D 44 22 40 09 55 33 9D 59 48 00 00 6A 06 14 F4 64
1785249612603,16:40:12.898,00 00 00 00 00 00 00 00 18 00 42 00 00 A2 EF 34 A7 2F 00 11 EF 80 00 20 00 00 03 01 20 00 38 23 9E 23 99 44 44 11 80 E4 30 AE 9F 5D 56 82 08 A6 7B 6B 65 0D 44 22 40 09 55 33 A3 59 48 00 00 6A 06 14 F4 64
1785249613105,16:40:13.381,00 00 00 00 00 00 00 00 18 00 42 00 00 A2 EF 34 A7 2F 00 11 EF 80 00 20 00 00 03 01 20 00 38 23 F2 23 AF 44 44 12 80 D0 30 AE 9F 5D 56 81 08 A7 85 6B 65 0D 43 21 40 09 55 33 A7 59 48 00 00 6A 06 14 F4 64
1785249613607,16:40:13.897,00 00 00 00 00 00 00 00 18 00 42 00 00 A2 EF 34 A7 2F 00 11 EF 80 00 20 00 00 03 01 20 00 38 25 E0 25 D7 44 44 12 80 F8 30 AE 9F 5D 56 80 08 42 76 6A 65 0D 43 21 40 08 55 33 B6 59 48 00 00 6A 04 15 F4 64
1785249614110,16:40:14.417,00 00 00 00 00 00 00 00 18 00 42 00 00 A2 EF 34 A7 2F 00 11 EF 80 00 20 00 00 03 01 20 00 38 25 EC 25 EC 44 44 13 80 F4 30 AE 9F 5D 56 7C 07 F1 79 69 65 0D 43 21 40 09 55 33 B6 59 48 00 00 6A 04 15 F4 64
1785249614611,16:40:14.911,00 00 00 00 00 00 00 00 18 00 42 00 00 A2 EF 34 A7 2F 00 11 EF 80 00 20 00 00 03 01 20 00 38 26 8C 26 8A 44 44 13 80 44 30 AE 9F 5D 56 6B 07 CF 82 69 66 0D 45 22 40 0B 55 33 BE 59 48 00 00 6A 05 15 F4 64
1785249615112,16:40:15.408,00 00 00 00 00 00 00 00 18 00 42 00 00 A2 EF 34 A7 2F 00 11 EF 80 00 20 00 00 03 01 20 00 38 26 65 26 8E 44 44 13 80 48 30 AE 9F 5D 56 7C 07 79 80 69 67 0D 47 23 40 10 50 46 B8 59 48 00 00 6A 06 15 F4 64
1785249615614,16:40:15.906,00 00 00 00 00 00 00 00 18 00 42 00 00 A2 EF 34 A7 2F 00 11 EF 80 00 20 00 00 03 01 20 00 38 26 72 26 60 44 44 13 80 80 30 AE 9F 5D 56 7F 07 53 82 69 67 0D 46 23 40 0F 4F 44 B7 59 48 00 00 6A 06 15 F4 64
1785249616114,16:40:16.386,00 00 00 00 00 00 00 00 18 00 42 00 00 A2 EF 34 A7 2F 00 00 EF 80 00 00 00 00 00 01 20 00 38 27 10 27 12 44 44 13 7F FC 30 AE 9F 5D 56 7A 07 5D 7E 69 67 0D 46 23 40 0E 53 47 BD 59 48 00 00 6A 05 15 F4 64
1785249616615,16:40:16.911,00 00 00 00 00 00 00 00 18 00 42 00 00 A2 EF 34 A7 2F 00 00 EF 80 00 00 00 00 00 00 00 00 38 26 DA 26 CF 44 44 14 80 68 30 AE 9F 5D 56 78 07 82 82 69 66 0D 46 23 40 0E 53 47 B6 57 47 00 00 6A 04 15 F4 64
1785249617118,16:40:17.406,00 00 00 00 00 00 00 00 18 00 42 00 00 A2 EF 34 A7 2F 00 00 EF 80 00 00 00 00 00 00 00 00 38 29 52 29 56 44 44 14 80 E4 30 AE 9F 5D 56 7B 07 CA 76 68 66 0D 45 23 40 0D 53 47 AE 55 45 00 00 6A 03 15 F4 64
1785249617620,16:40:17.919,00 00 00 00 00 00 00 00 18 00 42 00 00 A2 EF 34 A7 2F 00 00 EF 80 00 00 00 00 00 00 40 00 38 29 95 29 91 44 44 14 80 B4 30 AE 9F 5D 56 86 08 50 76 68 66 0D 45 22 40 0C 53 47 A7 52 43 00 00 6A 02 15 F4 64
1785249618122,16:40:18.431,00 00 00 00 00 00 00 00 18 00 42 00 00 A2 EF 34 A7 2F 00 00 EF 80 00 00 00 00 00 00 40 00 38 29 DA 29 D5 44 44 15 80 BC 30 AE 9F 5D 56 7B 08 A9 77 68 65 0D 41 20 40 09 53 47 A7 50 41 00 00 6A 02 16 F4 64
1785249618624,16:40:18.906,00 00 00 00 00 00 00 00 18 00 42 00 00 A2 EF 34 A7 2F 00 00 EF 00 00 00 00 00 00 00 40 00 38 27 82 27 61 44 44 15 80 10 30 AE 9F 5D 56 8A 09 BA 83 69 64 0D 42 21 40 05 53 47 00 4F 3F 00 00 6A FF 0F F4 64
1785249619124,16:40:19.399,00 00 00 00 00 00 00 00 18 00 42 00 00 A2 EF 34 A7 2F 00 00 EF 00 00 00 00 00 00 00 40 00 38 28 6F 28 68 44 44 14 7F 18 30 AE 9F 5D 56 71 0A 11 78 69 64 0D 43 21 40 08 53 47 00 4E 3E 00 00 6A 00 0F F4 64
1785249619624,16:40:19.928,00 00 00 00 00 00 00 00 18 00 42 00 00 A2 EF 34 A7 2F 00 00 EF 00 00 00 00 00 00 00 00 00 38 27 24 26 E6 44 44 14 7F 34 31 AE 9F 5D 56 6E 0A 1C 78 69 64 0D 42 21 40 07 53 47 00 4D 3D 00 00 6A 00 0F F4 64
1785249620124,16:40:20.427,00 00 00 00 00 00 00 00 18 00 42 00 00 A2 EF 34 A7 2F 00 00 EF 00 00 00 00 00 00 00 00 00 38 26 52 26 6E 44 44 13 7F 18 30 AE 9F 5D 56 85 0A 06 7F 6A 64 0D 42 21 40 06 53 47 00 4C 3C 00 00 6A 00 15 F4 64
1785249620627,16:40:20.928,00 00 00 00 00 00 00 00 18 00 42 00 00 A2 EF 34 A7 2F 00 00 EF 00 00 00 00 00 00 00 00 00 38 25 E0 25 D3 44 44 13 7F 28 31 AE 9F 5D 56 68 09 B8 7F 6A 64 0D 42 21 40 07 53 47 00 4B 3C 00 00 6A 01 15 F4 64
1785249621128,16:40:21.427,00 00 00 00 00 00 00 00 18 00 42 00 00 A2 EF 34 A7 2F 00 00 EF 01 00 09 00 00 00 00 00 00 38 25 45 25 49 44 44 13 7F C8 31 AE 9F 5D 56 6F 09 94 77 69 64 0D 3C 1E 40 01 53 47 00 4B 3C 00 00 6A 00 15 F4 64
1785249621631,16:40:21.930,00 00 00 00 00 00 00 00 18 00 42 00 00 A2 EF 34 A7 2F 00 00 EF 01 00 09 00 00 00 01 20 00 38 25 33 25 4A 44 44 12 7F B4 31 AE 9F 5D 56 63 09 98 82 6A 64 0D 32 19 40 00 53 47 00 4A 3B 00 00 6A FF 15 F4 64
1785249622132,16:40:22.428,00 00 00 00 00 00 00 00 18 00 42 00 00 A2 EF 34 A7 2F 00 00 EF 01 00 09 00 00 00 01 20 00 38 23 51 23 38 44 44 12 7F A4 31 AE 9F 5D 56 81 09 6D 7A 69 64 0D 32 19 40 00 53 47 00 4A 3B 00 00 6A 01 14 F4 64
1785249622632,16:40:22.927,00 00 00 00 00 00 00 00 18 00 42 00 00 A2 EF 34 A7 2F 00 00 EF 01 00 09 00 00 00 01 20 00 38 23 AF 23 9F 44 44 12 7F 34 31 AE 9F 5D 56 83 09 33 76 69 64 0D 32 19 40 00 53 47 00 4A 3B 00 00 6A 01 14 F4 64
1785249623133,16:40:23.431,00 00 00 00 00 00 00 00 18 00 42 00 00 A2 EF 34 A7 2F 00 00 EF 01 00 09 00 00 00 01 20 00 38 23 61 23 65 44 44 12 7F 94 31 AE 9F 5D 56 75 09 0C 77 69 64 0D 32 19 40 00 53 47 00 4A 3B 00 00 6A 01 14 F4 64
1785249623635,16:40:23.910,00 00 00 00 00 00 00 00 18 00 42 00 00 A2 EF 34 A7 2F 00 00 EF 01 00 09 00 00 00 01 20 00 38 22 D5 22 E7 44 44 11 7F 88 31 AE 9F 5D 56 69 09 07 82 6A 64 0D 32 19 40 00 53 47 00 49 3A 00 00 6A 01 14 F4 64
1785249624135,16:40:24.406,00 00 00 00 00 00 00 00 18 00 42 00 00 A2 EF 34 A7 2F 00 00 EF 01 00 09 00 00 00 01 20 00 38 23 5C 23 55 44 44 11 7F F4 31 AE 9F 5D 56 7D 09 0C 82 6A 64 0D 32 19 40 00 53 47 00 49 3A 00 00 6A 01 14 F4 64
1785249624638,16:40:24.933,00 00 00 00 00 00 00 00 18 00 42 00 00 A2 EF 34 A7 2F 00 00 EF 01 00 09 00 00 00 01 20 00 38 23 4C 23 60 44 44 11 80 18 31 AE A0 5D 56 7F 09 19 76 69 64 0D 32 19 40 00 53 47 00 49 3A 00 00 6A 01 14 F4 64
1785249625138,16:40:25.422,00 00 00 00 00 00 00 00 18 00 42 00 00 A2 EF 34 A7 2F 00 00 EF 01 00 09 00 00 00 01 20 00 38 22 CB 22 B6 44 44 11 80 3C 31 AE 9F 5D 56 84 09 0B 81 69 64 0D 32 19 40 00 53 47 00 48 3A 00 00 6A 01 14 F4 64
1785249625639,16:40:25.944,00 00 00 00 00 00 00 00 18 00 42 00 00 A2 EF 34 A7 2F 00 00 EF 01 00 09 00 00 00 01 20 00 38 22 EB 22 DC 44 44 11 7F A8 31 AE 9F 5D 56 83 09 02 80 69 64 0D 32 19 40 00 53 47 00 48 39 00 00 6A 01 14 F4 64
1785249626140,16:40:26.450,00 00 00 00 00 00 00 00 18 00 42 00 00 A2 EF 34 A7 2F 00 00 EF 01 00 09 00 00 00 01 20 00 38 23 C5 23 C3 44 44 11 7F DC 31 AE 9F 5D 56 85 08 FE 79 69 64 0D 32 19 40 00 53 47 00 48 39 00 00 6A 01 14 F4 64
1785249626644,16:40:26.951,00 00 00 00 00 00 00 00 18 00 42 00 00 A2 EF 34 A7 2F 00 00 EF 01 00 09 00 00 00 01 20 00 38 23 8D 23 8B 44 44 11 7F 8C 31 AE A0 5D 56 81 08 FE 76 69 64 0D 32 19 40 00 53 47 00 48 39 00 00 6A 01 14 F4 64
1785249627144,16:40:27.444,00 00 00 00 00 00 00 00 18 00 42 00 00 A2 EF 34 A7 2F 00 00 EF 01 00 09 00 00 00 01 20 00 38 24 30 24 34 44 44 12 80 F0 31 AE 9F 5D 56 85 09 3C 76 69 64 0D 32 19 40 00 53 47 00 48 39 00 00 6A 00 14 F4 64
1785249627646,16:40:27.943,00 00 00 00 00 00 00 00 18 00 42 00 00 A2 EF 34 A7 2F 00 00 EF 01 00 09 00 00 00 01 20 00 38 23 77 23 83 44 44 12 80 CC 31 AE 9F 5D 56 81 09 3A 81 69 64 0D 32 19 40 00 53 47 00 47 38 00 00 6A 01 14 F4 64
1785249628148,16:40:28.448,00 00 00 00 00 00 00 00 18 00 42 00 00 A2 EF 34 A7 2F 00 00 EF 01 00 09 00 00 00 01 20 00 38 23 8D 23 86 44 44 12 7F 84 31 AE 9F 5D 56 67 09 2A 79 69 64 0D 32 19 40 00 53 47 00 47 38 00 00 6A 01 14 F4 64
1785249628649,16:40:28.926,00 00 00 00 00 00 00 00 18 00 42 00 00 A2 EF 34 A7 2F 00 00 EF 01 00 09 00 00 00 01 20 00 38 23 82 23 69 44 44 12 7F F0 31 AE 9F 5D 56 70 09 25 77 69 64 0D 32 19 40 00 53 47 00 47 38 00 00 6A 01 14 F4 64
1785249629150,16:40:29.427,00 00 00 00 00 00 00 00 18 00 42 00 00 A2 EF 34 A7 2F 00 00 EF 01 00 09 00 00 00 01 20 00 38 23 6C 23 5C 44 44 12 80 08 31 AE 9F 5D 56 83 09 27 76 69 64 0D 32 19 40 00 53 47 00 47 38 00 00 6A 01 14 F4 64
1785249629651,16:40:29.949,00 00 00 00 00 00 00 00 18 00 42 00 00 A2 EF 34 A7 2F 00 00 EF 01 00 09 00 00 00 01 20 00 38 23 41 23 45 44 44 12 7F 88 31 AE 9F 5D 56 84 09 11 82 6A 64 0D 32 19 40 00 53 47 00 47 38 00 00 6A 01 14 F4 64
1785249630152,16:40:30.449,00 00 00 00 00 00 00 00 18 00 42 00 00 A2 EF 34 A7 2F 00 00 EF 01 00 09 00 00 00 01 20 00 38 23 46 23 45 44 44 11 80 20 31 AE 9F 5D 56 83 08 F9 82 6A 64 0D 32 19 40 00 53 47 00 46 38 00 00 6A 01 14 F4 64
1785249630653,16:40:30.948,00 00 00 00 00 00 00 00 18 00 42 00 00 A2 EF 34 A7 2F 00 00 EF 01 00 09 00 00 00 01 20 00 38 22 A1 22 7A 44 44 11 7F C8 31 AE 9F 5D 56 67 08 FF 7A 69 64 0D 32 19 40 00 53 47 00 46 38 00 00 6A 02 14 F4 64
1785249631154,16:40:31.427,00 00 00 00 00 00 00 00 18 00 42 00 00 A2 EF 34 A7 2F 00 00 EF 01 00 09 00 00 00 01 20 00 38 23 20 23 1C 44 44 12 7F BC 31 AE 9F 5D 56 84 08 EB 81 69 64 0D 32 19 40 00 53 47 00 46 37 00 00 6A 01 14 F4 64
1785249631656,16:40:31.929,00 00 00 00 00 00 00 00 18 00 42 00 00 A2 EF 34 A7 2F 00 00 EF 00 00 00 00 00 00 01 20 00 38 23 26 23 24 44 44 11 7F A8 31 AE 9F 5D 56 7A 08 EC 77 69 64 0D 48 24 40 06 53 47 00 46 37 00 00 6A 02 14 F4 64
1785249632156,16:40:32.451,00 00 00 00 00 00 00 00 18 00 42 00 00 A2 EF 34 A7 2F 00 00 EF 80 00 00 00 00 00 01 20 00 38 24 8D 25 3F 44 44 11 7F DC 31 AE 9F 5D 56 85 09 55 84 6A 66 0D 4B 25 40 17 47 4E 00 46 37 00 00 6A 08 14 F4 64
1785249632659,16:40:32.954,00 00 00 00 00 00 00 00 18 00 42 00 00 A2 EF 34 A7 2F 00 00 EF 80 00 00 00 00 00 01 20 00 38 26 C0 26 BA 44 44 13 82 94 31 AE 9F 5D 56 87 09 CA 7E 6A 68 0D 49 24 40 16 46 52 00 46 37 00 00 6A 07 15 F4 64
1785249633160,16:40:33.465,00 00 00 00 00 00 00 00 18 00 42 00 00 A2 EF 34 A7 2F 00 00 EF 80 00 00 00 00 00 01 20 00 38 29 1E 29 4E 44 44 14 82 7C 31 AE 9F 5D 56 85 0A 5A 7F 6C 66 0D 46 23 40 0E 4C 56 00 45 37 00 00 6A 03 15 F4 64
1785249633662,16:40:33.960,00 00 00 00 00 00 00 00 18 00 42 00 00 A2 EF 34 A7 2F 00 00 EF 80 00 00 00 00 00 01 60 00 38 2A 00 2A 18 44 44 15 81 DC 31 AE 9F 5D 56 88 0A 35 86 6C 66 0D 43 21 40 0B 4C 56 A3 45 36 00 00 6A 02 16 F4 64
1785249634166,16:40:34.465,00 00 00 00 00 00 00 00 18 00 42 00 00 A2 EF 34 A7 2F 00 00 EF 09 00 09 00 00 00 01 60 00 38 2A 46 2A 1E 44 44 15 81 B4 31 AE 9F 5D 56 8E 0A B6 7C 6B 64 0D 3C 1E 40 00 4C 56 00 45 36 00 00 6A FB 10 F4 64
1785249634668,16:40:34.967,00 00 00 00 00 00 00 00 18 00 42 00 00 A2 EF 34 A7 2F 00 00 EF 09 00 09 00 00 00 01 60 00 38 2A 08 2A 02 44 44 15 7F A8 31 AD 9F 5D 56 73 0A D0 7B 6A 64 0D 38 1C 40 00 4C 56 00 45 36 00 00 6A FB 0F F4 64
1785249635169,16:40:35.468,00 00 00 00 00 00 00 00 18 00 42 00 00 A2 EF 34 A7 2F 00 00 EF 01 00 09 00 00 00 01 60 00 38 28 9B 28 91 44 44 14 7E CC 31 AD 9F 5D 56 6E 0A B0 82 6A 64 0D 32 19 40 00 4C 56 00 45 36 00 00 6A FC 0F F4 64
1785249635670,16:40:35.961,00 00 00 00 00 00 00 00 18 00 42 00 00 A2 EF 34 A7 2F 00 00 EF 01 00 09 00 00 00 01 20 00 38 27 67 27 6F 44 44 14 7E E0 31 AD 9F 5D 56 7D 0A 73 77 6A 64 0D 32 19 40 00 4C 56 00 44 36 00 00 6A FD 0F F4 64
1785249636175,16:40:36.469,00 00 00 00 00 00 00 00 18 00 42 00 00 A2 EF 34 A7 2F 00 00 EF 01 00 09 00 00 00 01 20 00 38 25 BA 25 CA 44 44 13 7F 44 31 AD A0 5D 56 79 0A 2E 83 6A 64 0D 32 19 40 00 4C 56 00 44 35 00 00 6A FF 0E F4 64
1785249636676,16:40:36.954,00 00 00 00 00 00 00 00 18 00 42 00 00 A2 EF 34 A7 2F 00 00 EF 01 00 09 00 00 00 01 20 00 38 25 21 25 4F 44 44 13 7E D8 31 AD A0 5D 56 69 09 C0 80 6A 64 0D 32 19 40 00 4C 56 00 44 35 00 00 6A FF 0E F4 64
1785249637177,16:40:37.454,00 00 00 00 00 00 00 00 18 00 42 00 00 A2 EF 34 A7 2F 00 00 EF 01 00 09 00 00 00 01 20 00 38 22 E5 22 E7 44 44 12 7F 18 31 AD 9F 5D 56 85 09 5D 81 6A 64 0D 32 19 40 00 4C 56 00 44 35 00 00 6A 01 14 F4 64
1785249637679,16:40:37.971,00 00 00 00 00 00 00 00 18 00 42 00 00 A2 EF 34 A7 2F 00 00 EF 81 00 09 00 00 00 01 20 00 38 22 01 21 F0 44 44 11 7E BC 31 AD A0 5D 56 79 09 17 7B 69 64 0D 32 19 40 00 4C 56 00 44 35 00 00 6A 02 14 F4 64
1785249638181,16:40:38.480,00 00 00 00 00 00 00 00 18 00 42 00 00 A2 EF 34 A7 2F 00 00 EF 81 00 09 00 00 00 01 20 00 38 21 2D 21 44 44 44 11 7F 80 31 AD A0 5D 56 67 08 CD 77 69 64 0D 32 19 40 00 4C 56 00 44 35 00 00 6A 03 13 F4 64
1785249638682,16:40:38.960,00 00 00 00 00 00 00 00 18 00 42 00 00 A2 EF 34 A7 2F 00 00 EF 81 00 09 00 00 00 01 20 00 38 20 AD 20 96 44 44 10 7F 10 31 AD A0 5D 56 81 08 9B 7A 69 64 0D 32 19 40 00 4C 56 00 44 35 00 00 6A 03 13 F4 64
1785249639184,16:40:39.479,00 00 00 00 00 00 00 00 18 00 42 00 00 A2 EF 34 A7 2F 00 00 EF 81 00 09 00 00 00 01 20 00 38 20 16 20 18 44 44 10 7E D0 31 AD A0 5D 56 7E 08 56 7F 69 64 0D 32 19 40 00 4C 56 00 43 35 00 00 6A 04 13 F4 64
1785249639686,16:40:40.022,00 00 00 00 00 00 00 00 18 00 42 00 00 A2 EF 34 A7 2F 00 00 EF 81 00 09 00 00 00 01 20 00 38 1F FB 20 00 44 44 10 7F A0 31 AD A0 5D 56 6F 08 39 7F 69 64 0D 32 19 40 00 4C 56 00 43 35 00 00 6A 04 13 F4 64
1785249640188,16:40:40.465,00 00 00 00 00 00 00 00 18 00 42 00 00 A2 EF 34 A7 2F 00 00 EF 81 00 09 00 00 00 01 20 00 38 1F B4 1F AA 44 44 10 7F 68 31 AD A0 5D 56 7D 08 25 81 69 64 0D 32 19 40 00 4C 56 00 43 35 00 00 6A 04 13 F4 64
