t_ms,hora,datos_hex
1785248160884,16:16:02.206,ERROR Init rápido KWP fallido: BUS INIT: ERROR
1785248163554,16:16:04.915,ERROR Init rápido KWP fallido: BUS INIT: ERROR
1785248166235,16:16:07.557,ERROR Init rápido KWP fallido: BUS INIT: ERROR
1785248168881,16:16:10.213,ERROR Init rápido KWP fallido: BUS INIT: ERROR
1785248171600,16:16:12.963,ERROR Init rápido KWP fallido: BUS INIT: ERROR
1785248174305,16:16:15.634,ERROR Init rápido KWP fallido: BUS INIT: ERROR
1785248176985,16:16:18.359,ERROR Init rápido KWP fallido: BUS INIT: ERROR
1785248179712,16:16:21.033,ERROR Init rápido KWP fallido: BUS INIT: ERROR
1785248182364,16:16:23.736,ERROR Init rápido KWP fallido: BUS INIT: ERROR
1785248185053,16:16:26.403,ERROR Init rápido KWP fallido: BUS INIT: ERROR
1785248187755,16:16:29.070,ERROR Init rápido KWP fallido: BUS INIT: ERROR
1785248190389,16:16:31.715,ERROR Init rápido KWP fallido: BUS INIT: ERROR
1785248193038,16:16:34.369,ERROR Init rápido KWP fallido: BUS INIT: ERROR
1785248195741,16:16:37.057,ERROR Init rápido KWP fallido: BUS INIT: ERROR
1785248198484,16:16:39.824,ERROR Init rápido KWP fallido: BUS INIT: ERROR
1785248201162,16:16:42.506,ERROR Init rápido KWP fallido: BUS INIT: ERROR
1785248203839,16:16:45.198,ERROR Init rápido KWP fallido: BUS INIT: ERROR
1785248206521,16:16:47.859,ERROR Init rápido KWP fallido: BUS INIT: ERROR
1785248209185,16:16:50.500,ERROR Init rápido KWP fallido: BUS INIT: ERROR
1785248211896,16:16:53.225,ERROR Init rápido KWP fallido: BUS INIT: ERROR
1785248214558,16:16:55.898,ERROR Init rápido KWP fallido: BUS INIT: ERROR
1785248217246,16:16:58.575,ERROR Init rápido KWP fallido: BUS INIT: ERROR
1785248219959,16:17:01.301,ERROR Init rápido KWP fallido: BUS INIT: ERROR
1785248222619,16:17:04.060,ERROR Init rápido KWP fallido: BUS INIT: ERROR
1785248225390,16:17:06.780,ERROR Init rápido KWP fallido: BUS INIT: ERROR
1785248228115,16:17:09.431,ERROR Init rápido KWP fallido: BUS INIT: ERROR
1785248230759,16:17:12.074,ERROR Init rápido KWP fallido: BUS INIT: ERROR
1785248233402,16:17:15.026,00 00 00 00 00 00 00 00 18 00 42 00 00 A2 EF 00 A7 2F 00 00 1F 81 46 01 00 00 00 01 38 00 32 1C B8 1C 82 4B 4B 00 80 00 BB 56 9D 5E 54 63 07 BA 7B 65 65 0D 32 19 40 00 00 00 00 3A 2D 00 00 55 0C 15 F6 65
1785248235030,16:17:16.088,00 00 00 00 00 00 00 00 18 00 42 00 00 A2 EF 00 A7 2F 00 00 1F 81 46 01 00 00 00 00 18 00 38 1D B2 1D BF 4B 4B 00 80 00 BB 56 9D 5E 54 66 07 E6 78 65 64 0D 32 19 40 00 00 00 00 3A 2D 00 00 55 0A 16 F6 65
1785248236092,16:17:17.151,00 00 00 00 00 00 00 00 18 00 42 00 00 A2 EF 00 A7 2F 00 00 1F 81 46 01 00 00 00 00 00 00 39 1D 66 1D 6D 4A 4A 00 80 00 BB 56 9D 5E 54 79 07 FF 76 65 64 0D 32 19 40 00 00 00 00 3A 2D 00 00 55 0A 16 F6 65
1785248237157,16:17:18.211,00 00 00 00 00 00 00 00 18 00 42 00 00 A2 EF 00 A7 2F 00 00 3F 81 46 01 00 00 00 00 00 00 38 1C FA 1C E3 4A 4A 00 80 00 BB 56 9D 5E 54 7D 08 00 76 66 64 0D 32 19 40 00 00 00 00 3A 2D 00 00 55 0A 15 F6 65
1785248238214,16:17:18.583,00 00 00 00 00 00 00 00 18 00 42 00 00 A2 EF 00 A7 2F 00 00 3F 81 46 01 00 00 00 00 00 00 38 1C 5C 1C 4F 49 49 00 80 00 BB 56 9D 5E 54 83 07 E6 7D 65 64 0D 32 19 40 00 00 00 00 3A 2D 00 00 55 0A 15 F6 65
1785248238720,16:17:19.076,00 00 00 00 00 00 00 00 18 00 42 00 00 A2 EF 00 A7 2F 00 00 3F 81 46 01 00 00 00 00 00 00 38 1C 16 1C 2D 49 49 00 80 00 BB 56 9D 5E 54 60 07 D4 72 65 64 0D 32 19 40 00 00 00 00 3A 2D 00 00 55 09 15 F6 65
1785248239221,16:17:19.575,00 00 00 00 00 00 00 00 18 00 42 00 00 A2 EF 00 A7 2F 00 00 3F 81 46 01 00 00 00 00 00 00 38 1C 28 1C 09 49 49 00 80 00 BB 56 9D 5E 54 7F 07 C1 7B 65 64 0D 32 19 40 00 00 00 00 3A 2D 00 00 55 0A 15 F6 65
1785248239722,16:17:20.067,00 00 00 00 00 00 00 00 18 00 42 00 00 A2 EF 00 A7 2F 00 00 3F 81 46 01 00 00 00 00 00 00 38 1B ED 1C 51 48 48 00 80 00 BB 56 9D 5E 54 76 07 CB 73 65 64 0D 32 19 40 00 00 00 00 3A 2D 00 00 55 0A 15 F6 65
1785248240224,16:17:20.571,00 00 00 00 00 00 00 00 18 00 42 00 00 A2 EF 00 A7 2F 00 00 3F 81 46 01 00 00 00 00 00 00 38 1C 55 1C 09 48 48 00 80 00 BB 56 9D 5E 54 70 07 CD 7C 65 64 0D 32 19 40 00 00 00 00 3A 2D 00 00 55 0A 15 F6 65
1785248240725,16:17:21.070,00 00 00 00 00 00 00 00 18 00 42 00 00 A2 EF 00 A7 2F 00 00 3F 81 46 01 00 00 00 00 00 00 38 1C 3C 1C 6E 48 48 00 80 00 BB 56 9D 5E 54 6A 07 D2 72 65 64 0D 32 19 40 00 00 00 00 3A 2D 00 00 55 09 15 F6 65
1785248241226,16:17:21.569,00 00 00 00 00 00 00 00 18 00 42 00 00 A2 EF 00 A7 2F 00 00 3F 81 46 01 00 00 00 00 00 00 38 1C 4E 1C 12 48 48 00 80 00 BB 56 9D 5E 54 5A 07 D6 7C 65 64 0D 32 19 40 00 00 00 00 3A 2D 00 00 55 0A 15 F6 65
1785248241727,16:17:22.080,00 00 00 00 00 00 00 00 18 00 42 00 00 A2 EF 00 A7 2F 00 00 3F 81 46 01 00 00 00 00 00 00 38 1C 24 1C 84 47 47 00 80 00 BB 56 9D 5E 54 5E 07 C8 72 65 64 0D 32 19 40 00 00 00 00 3A 2D 00 00 55 09 15 F6 65
1785248242228,16:17:22.576,00 00 00 00 00 00 00 00 18 00 42 00 00 A2 EF 00 A7 2F 00 00 3F 81 46 01 00 00 00 00 00 00 38 1B FB 1B EB 47 47 00 80 00 BB 56 9D 5E 54 62 07 B8 7C 65 64 0D 32 19 40 00 00 00 00 3A 2D 00 00 55 09 15 F6 65
1785248242729,16:17:23.088,00 00 00 00 00 00 00 00 18 00 42 00 00 A2 EF 00 A7 2F 00 00 3F 81 46 01 00 00 00 00 00 00 38 1C 0C 1C 1A 47 47 00 80 00 BB 56 9D 5E 54 70 07 C0 72 65 64 0D 32 19 40 00 00 00 00 3A 2D 00 00 55 09 15 F6 65
1785248243230,16:17:23.583,00 00 00 00 00 00 00 00 18 00 42 00 00 A2 EF 00 A7 2F 00 00 3F 81 46 01 00 00 00 00 00 00 39 1B A3 1B B3 47 47 00 80 00 BB 56 9D 5E 54 6D 07 D1 77 65 64 0D 32 19 40 00 00 00 00 3A 2D 00 00 55 09 15 F6 65
1785248243731,16:17:24.034,00 00 00 00 00 00 00 00 18 00 42 00 00 A2 EF 00 A7 2F 00 00 3F 81 46 01 00 00 00 00 00 00 39 1B 61 1B 90 46 46 00 80 00 BB 56 9D 5E 54 75 07 C6 7C 65 64 0D 32 19 40 00 00 00 00 3A 2D 00 00 55 09 15 F6 65
1785248244232,16:17:24.547,00 00 00 00 00 00 00 00 18 00 42 00 00 A2 EF 00 A7 2F 00 00 3F 81 46 01 00 00 00 00 00 00 39 1B 82 1B 4D 46 46 00 80 00 BB 56 9D 5E 54 61 07 B6 72 65 64 0D 32 19 40 00 00 00 00 3A 2D 00 00 55 09 15 F6 65
1785248244733,16:17:25.037,00 00 00 00 00 00 00 00 18 00 42 00 00 A2 EF 00 A7 2F 00 00 3F 81 46 01 00 00 00 00 00 00 39 1B 51 1B 66 46 46 00 80 00 BB 56 9D 5E 54 78 07 B4 72 65 64 0D 32 19 40 00 00 00 00 3A 2D 00 00 55 09 15 F6 65
1785248245235,16:17:25.543,00 00 00 00 00 00 00 00 18 00 42 00 00 A2 EF 00 A7 2F 00 00 3F 81 46 01 00 00 00 00 00 00 38 1B 5E 1B CA 46 46 00 80 00 BB 56 9D 5E 54 63 07 B2 73 65 64 0D 32 19 40 00 00 00 00 3A 2D 00 00 55 08 15 F6 65
1785248245736,16:17:26.051,00 00 00 00 00 00 00 00 18 00 42 00 00 A2 EF 00 A7 2F 00 00 3F 81 46 01 00 00 00 00 00 00 38 1B 47 1B 34 45 45 00 80 00 BB 56 9D 5E 54 7E 07 C2 76 65 64 0D 32 19 40 00 00 00 00 3A 2D 00 00 55 09 15 F6 65
1785248246238,16:17:26.549,00 00 00 00 00 00 00 00 18 00 42 00 00 A2 EF 00 A7 2F 00 00 3F 81 46 01 00 00 00 00 00 00 38 1B 3A 1B 2E 45 45 00 80 00 BB 56 9D 5E 54 72 07 99 76 65 64 0D 32 19 40 00 00 00 00 3A 2D 00 00 55 09 15 F6 65
1785248246739,16:17:27.054,00 00 00 00 00 00 00 00 18 00 42 00 00 A2 EF 00 A7 2F 00 00 3F 81 46 01 00 00 00 00 00 00 38 1A 98 1A B9 45 45 00 80 00 BB 56 9D 5E 54 81 07 86 74 65 64 0D 32 19 40 00 00 00 00 3A 2D 00 00 55 09 14 F6 65
1785248247241,16:17:27.542,00 00 00 00 00 00 00 00 18 00 42 00 00 A2 EF 00 A7 2F 00 00 3F 81 46 01 00 00 00 00 00 00 38 1A CD 1A D8 45 45 00 80 00 BB 56 9D 5E 54 58 07 7E 73 65 64 0D 32 19 40 00 00 00 00 3A 2D 00 00 55 09 15 F6 65
1785248247742,16:17:28.053,00 00 00 00 00 00 00 00 18 00 42 00 00 A2 EF 00 A7 2F 00 00 3F 81 46 01 00 00 00 00 00 00 38 1B 00 1A EA 44 44 00 80 00 BB 56 9D 5E 54 74 07 82 7A 65 64 0D 32 19 40 00 00 00 00 3A 2D 00 00 55 09 15 F6 65
1785248248243,16:17:28.544,00 00 00 00 00 00 00 00 18 00 42 00 00 A2 EF 00 A7 2F 00 00 3F 81 46 01 00 00 00 00 00 00 39 1A D0 1A AB 44 44 00 80 00 BB 56 9D 5E 54 7D 07 84 7C 65 64 0D 32 19 40 00 00 00 00 3A 2D 00 00 55 09 14 F6 65
1785248248744,16:17:29.057,00 00 00 00 00 00 00 00 18 00 42 00 00 A2 EF 00 A7 2F 00 00 3F 81 46 01 00 00 00 00 00 00 39 1B 06 1A AC 44 44 00 80 00 BB 58 9D 5E 54 67 07 82 74 65 64 0D 32 19 40 00 00 00 00 3A 2D 00 00 55 09 14 F6 65
1785248249245,16:17:29.543,00 00 00 00 00 00 00 00 18 00 42 00 00 A2 EF 00 A7 2F 00 00 3F 81 46 01 00 00 00 00 00 00 38 1A 98 1A 57 44 44 00 80 00 BB 58 9D 5E 54 62 07 7D 72 65 64 0D 32 19 40 00 00 00 00 3A 2D 00 00 55 09 14 F6 65
1785248249747,16:17:30.053,00 00 00 00 00 00 00 00 18 00 42 00 00 A2 EF 00 A7 2F 00 00 3F 81 46 01 00 00 00 00 00 00 38 1A 46 1A 53 44 44 00 80 00 BB 58 9D 5E 54 79 07 84 7C 65 64 0D 32 19 40 00 00 00 00 3A 2D 00 00 55 09 14 F6 65
1785248250249,16:17:30.567,00 00 00 00 00 00 00 00 18 00 42 00 00 A2 EF 00 A7 2F 00 00 3F 81 46 01 00 00 00 00 00 00 38 1A 80 1A A3 44 44 00 80 00 BB 58 9D 5E 54 83 07 84 75 65 64 0D 32 19 40 00 00 00 00 3B 2D 00 00 55 09 14 F6 65
1785248250750,16:17:31.059,00 00 00 00 00 00 00 00 18 00 42 00 00 A2 EF 00 A7 2F 00 00 3F 81 46 01 00 00 00 00 00 00 38 1A 98 1A D8 44 44 00 80 00 BB 58 9D 5E 54 71 07 88 76 65 64 0D 32 19 40 00 00 00 00 3A 2D 00 00 55 09 14 F6 65
1785248251251,16:17:31.564,00 00 00 00 00 00 00 00 18 00 42 00 00 A2 EF 00 A7 2F 00 00 3F 81 46 01 00 00 00 00 00 00 39 1A A5 1A F4 44 44 00 80 00 BA 58 9D 5E 54 56 07 88 7D 65 64 0D 32 19 40 00 00 00 00 3A 2D 00 00 55 08 14 F6 65
1785248251752,16:17:32.050,00 00 00 00 00 00 00 00 18 00 42 00 00 A2 EF 00 A7 2F 00 00 3F 81 46 01 00 00 00 00 00 00 39 1A D7 1A C1 44 44 00 80 00 BA 58 9D 5E 54 79 07 7E 79 65 64 0D 32 19 40 00 00 00 00 3A 2D 00 00 55 08 14 F6 65
1785248252254,16:17:32.546,00 00 00 00 00 00 00 00 18 00 42 00 00 A2 EF 00 A7 2F 00 00 3F 81 46 01 00 00 00 00 00 00 38 1A BB 1A A0 44 44 00 80 00 BA 58 9D 5E 54 81 07 81 72 65 64 0D 32 19 40 00 00 00 00 3A 2D 00 00 55 09 14 F6 65
1785248252755,16:17:33.062,00 00 00 00 00 00 00 00 18 00 42 00 00 A2 EF 00 A7 2F 00 00 3F 81 46 01 00 00 00 00 00 00 38 1A AE 1A 6B 44 44 00 80 00 BA 58 9D 5E 54 65 07 76 7A 65 64 0D 32 19 40 00 00 00 00 3B 2D 00 00 55 09 14 F6 65
1785248253256,16:17:33.556,00 00 00 00 00 00 00 00 18 00 42 00 00 A2 EF 00 A7 2F 00 00 3F 81 46 01 00 00 00 00 00 00 38 1A D4 1A 80 44 44 00 80 00 BA 58 9D 5E 54 57 07 89 77 65 64 0D 32 19 40 00 00 00 00 3A 2D 00 00 55 09 14 F6 65
1785248253757,16:17:34.061,00 00 00 00 00 00 00 00 18 00 42 00 00 A2 EF 00 A7 2F 00 00 3F 81 46 01 00 00 00 00 00 00 38 1A 83 1A 95 44 44 00 80 00 BA 58 9D 5E 54 76 07 84 72 65 64 0D 32 19 40 00 00 00 00 3A 2D 00 00 55 09 14 F6 65
1785248254259,16:17:34.554,00 00 00 00 00 00 00 00 18 00 42 00 00 A2 EF 00 A7 2F 00 00 3F 81 46 01 00 00 00 00 00 00 39 1A 86 1A A7 44 44 00 80 00 BA 58 9D 5E 54 82 07 A9 78 65 64 0D 32 19 40 00 00 00 00 3A 2D 00 00 55 09 14 F6 65
1785248254760,16:17:35.052,00 00 00 00 00 00 00 00 18 00 42 00 00 A2 EF 00 A7 2F 00 00 3F 81 46 01 00 00 00 00 00 00 39 1A D7 1A C6 44 44 00 80 00 BA 58 9D 5E 54 74 07 98 7D 65 64 0D 32 19 40 00 00 00 00 3A 2D 00 00 55 08 15 F6 65
1785248255261,16:17:35.555,00 00 00 00 00 00 00 00 18 00 42 00 00 A2 EF 00 A7 2F 00 00 3F 81 46 01 00 00 00 00 00 00 38 1A 49 1A 57 44 44 00 80 00 BA 58 9D 5E 54 57 07 80 74 65 64 0D 32 19 40 00 00 00 00 3A 2D 00 00 55 09 14 F6 65
1785248255762,16:17:36.065,00 00 00 00 00 00 00 00 18 00 42 00 00 A2 EF 00 A7 2F 00 00 3F 81 46 01 00 00 00 00 00 00 38 1B 30 1B 22 44 44 00 80 00 BA 58 9D 5E 54 6E 07 6F 73 65 64 0D 32 19 40 00 00 00 00 3A 2D 00 00 55 08 15 F6 65
1785248256263,16:17:36.558,00 00 00 00 00 00 00 00 18 00 42 00 00 A2 EF 00 A7 2F 00 00 3F 81 46 01 00 00 00 00 00 00 39 1A A2 1A 91 44 44 00 80 00 BA 58 9D 5E 54 81 07 77 7C 65 64 0D 32 19 40 00 00 00 00 3A 2D 00 00 55 09 14 F6 65
1785248256764,16:17:37.059,00 00 00 00 00 00 00 00 18 00 42 00 00 A2 EF 00 A7 2F 00 00 3F 81 46 01 00 00 00 00 00 00 39 1A E0 1A C4 44 44 00 80 00 BA 58 9D 5E 54 7C 07 81 76 65 64 0D 32 19 40 00 00 00 00 3A 2D 00 00 55 08 15 F6 65
1785248257265,16:17:37.556,00 00 00 00 00 00 00 00 18 00 42 00 00 A2 EF 00 A7 2F 00 00 3F 81 46 01 00 00 00 00 00 00 39 1A DA 1A 7A 44 44 00 80 00 BA 58 9D 5E 54 69 07 96 74 65 64 0D 32 19 40 00 00 00 00 3A 2D 00 00 55 09 14 F6 65
1785248257768,16:17:38.065,00 00 00 00 00 00 00 00 18 00 42 00 00 A2 EF 00 A7 2F 00 00 3F 81 46 01 00 00 00 00 00 00 39 1A 7A 1A 8A 44 44 00 80 00 BA 58 9D 5E 54 78 07 72 7C 65 64 0D 32 19 40 00 00 00 00 3A 2D 00 00 55 09 14 F6 65
1785248258271,16:17:38.544,00 00 00 00 00 00 00 00 18 00 42 00 00 A2 EF 00 A7 2F 00 00 3F 81 46 01 00 00 00 00 00 00 39 1A 5E 1A 6E 44 44 00 80 00 BA 58 9D 5E 54 81 07 85 78 65 64 0D 32 19 40 00 00 00 00 3A 2D 00 00 56 09 14 F6 65
1785248258772,16:17:39.055,00 00 00 00 00 00 00 00 18 00 42 00 00 A2 EF 00 A7 2F 00 00 3F 81 46 01 00 00 00 00 00 00 39 1A 49 1A 88 44 44 00 80 00 BA 58 9D 5E 54 75 07 90 72 65 64 0D 32 19 40 00 00 00 00 3A 2D 00 00 56 09 14 F6 65
1785248259272,16:17:39.556,00 00 00 00 00 00 00 00 18 00 42 00 00 A2 EF 00 A7 2F 00 00 3F 81 46 01 00 00 00 00 00 00 38 1A 89 1A E2 44 44 00 80 00 BA 58 9D 5E 54 5D 07 91 7C 65 64 0D 32 19 40 00 00 00 00 3A 2D 00 00 56 09 14 F6 65
1785248259772,16:17:40.050,00 00 00 00 00 00 00 00 18 00 42 00 00 A2 EF 00 A7 2F 00 00 3F 81 46 01 00 00 00 00 00 00 38 1A BE 1A AF 44 44 00 80 00 BA 58 9D 5E 54 6A 07 87 77 65 64 0D 32 19 40 00 00 00 00 3A 2D 00 00 55 08 15 F6 65
1785248260275,16:17:40.560,00 00 00 00 00 00 00 00 18 00 42 00 00 A2 EF 00 A7 2F 00 00 3F 81 46 01 00 00 00 00 00 00 38 1A C4 1A A2 44 44 00 80 00 BA 58 9D 5E 54 81 07 89 73 65 64 0D 32 19 40 00 00 00 00 3A 2D 00 00 55 08 15 F6 65
1785248260778,16:17:41.085,00 00 00 00 00 00 00 00 18 00 42 00 00 A2 EF 00 A7 2F 00 00 3F 81 46 01 00 00 00 00 00 00 38 1A B4 1A 6C 44 44 00 80 00 BA 58 9D 5E 54 68 07 8A 75 65 64 0D 32 19 40 00 00 00 00 3A 2D 00 00 55 08 14 F6 65
1785248261279,16:17:41.576,00 00 00 00 00 00 00 00 18 00 42 00 00 A2 EF 00 A7 2F 00 00 3F 81 46 01 00 00 00 00 00 00 38 1A BE 1A 70 44 44 00 80 00 BA 58 9D 5E 54 55 07 75 7A 65 64 0D 32 19 40 00 00 00 00 3A 2D 00 00 56 09 14 F6 65
1785248261780,16:17:42.098,00 00 00 00 00 00 00 00 18 00 42 00 00 A2 EF 00 A7 2F 00 00 3F 81 46 01 00 00 00 00 00 00 38 1A 98 1A E9 44 44 00 80 00 B9 58 9D 5E 54 5E 07 89 75 65 64 0D 32 19 40 00 00 00 00 3B 2D 00 00 56 08 15 F6 65
1785248262281,16:17:42.580,00 00 00 00 00 00 00 00 18 00 42 00 00 A2 EF 00 A7 2F 00 00 3F 81 46 01 00 00 00 00 00 00 38 1A A2 1A B6 44 44 00 80 00 B9 58 9D 5E 54 80 07 7C 77 65 64 0D 32 19 40 00 00 00 00 3A 2D 00 00 55 08 14 F6 65
1785248262782,16:17:43.080,00 00 00 00 00 00 00 00 18 00 42 00 00 A2 EF 00 A7 2F 00 00 3F 81 46 01 00 00 00 00 00 00 38 1A A8 1A D0 44 44 00 80 00 B9 58 9D 5E 54 7B 07 86 7D 65 64 0D 32 19 40 00 00 00 00 3A 2D 00 00 55 08 15 F6 65
1785248263283,16:17:43.578,00 00 00 00 00 00 00 00 18 00 42 00 00 A2 EF 00 A7 2F 00 00 3F 81 46 01 00 00 00 00 00 00 38 1A 7D 1A BC 44 44 00 80 00 B9 58 9D 5E 54 5D 07 96 75 65 64 0D 32 19 40 00 00 00 00 3A 2D 00 00 55 08 14 F6 65
1785248263785,16:17:44.080,00 00 00 00 00 00 00 00 18 00 42 00 00 A2 EF 00 A7 2F 00 00 3F 81 46 01 00 00 00 00 00 00 38 1A 98 1A 85 44 44 00 80 00 B9 58 9D 5E 54 72 07 87 72 65 64 0D 32 19 40 00 00 00 00 3A 2D 00 00 56 08 14 F6 65
1785248264287,16:17:44.583,00 00 00 00 00 00 00 00 18 00 42 00 00 A2 EF 00 A7 2F 00 00 3F 81 46 01 00 00 00 00 00 00 39 1A B1 1A 96 44 44 00 80 00 B9 58 9D 5E 54 7E 07 8E 7D 65 64 0D 32 19 40 00 00 00 00 3B 2D 00 00 56 08 14 F6 65
1785248264788,16:17:45.078,00 00 00 00 00 00 00 00 18 00 42 00 00 A2 EF 00 A7 2F 00 00 3F 81 46 01 00 00 00 00 00 00 39 1A AB 1A 8C 44 44 00 80 00 B9 58 9D 5E 54 81 07 91 76 65 64 0D 32 19 40 00 00 00 00 3B 2D 00 00 56 08 14 F6 65
1785248265289,16:17:45.585,00 00 00 00 00 00 00 00 18 00 42 00 00 A2 EF 00 A7 2F 00 00 3F 81 46 01 00 00 00 00 00 00 39 1A E0 1A 90 44 44 00 80 00 B9 58 9D 5E 54 60 07 90 73 65 64 0D 32 19 40 00 00 00 00 3A 2D 00 00 56 08 15 F6 65
1785248265790,16:17:46.084,00 00 00 00 00 00 00 00 18 00 42 00 00 A2 EF 00 A7 2F 00 00 3F 81 46 01 00 00 00 00 00 00 39 1A E3 1A 96 44 44 00 80 00 B9 58 9D 5E 54 62 07 82 7B 65 64 0D 32 19 40 00 00 00 00 3A 2D 00 00 56 08 14 F6 65
1785248266291,16:17:46.571,00 00 00 00 00 00 00 00 18 00 42 00 00 A2 EF 00 A7 2F 00 00 3F 81 46 01 00 00 00 00 00 00 38 1A 95 1A BE 44 44 00 80 00 B9 58 9D 5E 54 83 07 89 7A 65 64 0D 32 19 40 00 00 00 00 3A 2D 00 00 56 08 14 F6 65
1785248266793,16:17:47.064,00 00 00 00 00 00 00 00 18 00 42 00 00 A2 EF 00 A7 2F 00 00 3F 81 46 01 00 00 00 00 00 00 38 1A AB 1A B8 44 44 00 80 00 B9 58 9D 5E 54 81 07 88 72 65 64 0D 32 19 40 00 00 00 00 3B 2D 00 00 56 08 14 F6 65
1785248267295,16:17:47.609,00 00 00 00 00 00 00 00 18 00 42 00 00 A2 EF 00 A7 2F 00 00 3F 81 46 01 00 00 00 00 00 00 39 1A 7A 1A BF 44 44 00 80 00 B9 58 9D 5E 54 62 07 9A 78 65 64 0D 32 19 40 00 00 00 00 3A 2D 00 00 56 08 14 F6 65
1785248267797,16:17:48.094,00 00 00 00 00 00 00 00 18 00 42 00 00 A2 EF 00 A7 2F 00 00 3F 81 46 01 00 00 00 00 00 00 39 1A C1 1A B0 44 44 00 80 00 B9 58 9D 5E 54 6B 07 81 77 65 64 0D 32 19 40 00 00 00 00 3A 2D 00 00 56 08 14 F6 65
1785248268298,16:17:48.600,00 00 00 00 00 00 00 00 18 00 42 00 00 A2 EF 00 A7 2F 00 00 3F 81 46 01 00 00 00 00 00 00 39 1A A5 1A 81 44 44 00 80 00 B9 58 9D 5E 54 83 07 8D 73 65 64 0D 32 19 40 00 00 00 00 3A 2D 00 00 56 08 14 F6 65
1785248268799,16:17:49.103,00 00 00 00 00 00 00 00 18 00 42 00 00 A2 EF 00 A7 2F 00 00 3F 81 46 01 00 00 00 00 00 00 39 1A DD 1A C8 44 44 00 80 00 B9 58 9D 5E 54 7B 07 80 7A 65 64 0D 32 19 40 00 00 00 00 3A 2D 00 00 56 08 15 F6 65
1785248269299,16:17:49.597,00 00 00 00 00 00 00 00 18 00 42 00 00 A2 EF 00 A7 2F 00 00 3F 81 46 01 00 00 00 00 00 00 38 1A FD 1A 96 44 44 00 80 00 B9 58 9D 5E 54 64 07 96 7B 65 64 0D 32 19 40 00 00 00 00 3A 2D 00 00 56 08 15 F6 65
1785248269801,16:17:50.136,00 00 00 00 00 00 00 00 18 00 42 00 00 A2 EF 00 A7 2F 00 00 3F 81 46 01 00 00 00 00 00 00 38 1A A2 1A 50 44 44 00 80 00 B9 58 9D 5E 54 5B 07 8C 72 65 64 0D 32 19 40 00 00 00 00 3B 2D 00 00 56 09 14 F6 65
1785248270302,16:17:50.601,00 00 00 00 00 00 00 00 18 00 42 00 00 A2 EF 00 A7 2F 00 00 3F 81 46 01 00 00 00 00 00 00 39 1A 70 1A 7F 44 44 00 80 00 B8 58 9D 5E 54 78 07 6F 77 65 64 0D 32 19 40 00 00 00 00 3B 2D 00 00 56 08 14 F6 65
1785248270803,16:17:51.080,00 00 00 00 00 00 00 00 18 00 42 00 00 A2 EF 00 A7 2F 00 00 3F 81 46 01 00 00 00 00 00 00 39 1A 9F 1A C3 44 44 00 80 00 B8 58 9D 5E 54 83 07 79 7C 65 64 0D 32 19 40 00 00 00 00 3A 2D 00 00 56 08 14 F6 65
1785248271305,16:17:51.601,00 00 00 00 00 00 00 00 18 00 42 00 00 A2 EF 00 A7 2F 00 00 3F 81 46 01 00 00 00 00 00 00 38 1A 55 1A A7 44 44 00 80 00 B8 59 9D 5E 54 7D 07 91 72 65 64 0D 32 19 40 00 00 00 00 3A 2D 00 00 56 08 14 F6 65
1785248271806,16:17:52.081,00 00 00 00 00 00 00 00 18 00 42 00 00 A2 EF 00 A7 2F 00 00 3F 81 46 01 00 00 00 00 00 00 38 1A 92 1A F1 44 44 00 80 00 B8 59 9D 5E 54 59 07 82 75 65 64 0D 32 19 40 00 00 00 00 3A 2D 00 00 56 08 15 F6 65
1785248272308,16:17:52.614,00 00 00 00 00 00 00 00 18 00 42 00 00 A2 EF 00 A7 2F 00 00 3F 81 46 01 00 00 00 00 00 00 38 1A 1F 1A 58 44 44 00 80 00 B8 59 9D 5E 54 61 07 67 7A 65 64 0D 32 19 40 00 00 00 00 3A 2D 00 00 56 08 14 F6 65
1785248272809,16:17:53.101,00 00 00 00 00 00 00 00 18 00 42 00 00 A2 EF 00 A7 2F 00 00 3F 81 46 01 00 00 00 00 00 00 38 1A D4 1A C4 44 44 00 80 00 B8 59 9D 5E 54 74 07 5D 73 65 64 0D 32 19 40 00 00 00 00 3B 2D 00 00 56 08 14 F6 65
1785248273310,16:17:53.628,00 00 00 00 00 00 00 00 18 00 42 00 00 A2 EF 00 A7 2F 00 00 3F 81 46 01 00 00 00 00 00 00 39 1A 8F 1A 9A 44 44 00 80 00 B8 59 9D 5E 54 6A 07 6B 74 65 64 0D 32 19 40 00 00 00 00 3A 2D 00 00 56 08 14 F6 65
1785248273811,16:17:54.103,00 00 00 00 00 00 00 00 18 00 42 00 00 A2 EF 00 A7 2F 00 00 3F 81 46 01 00 00 00 00 00 00 39 1A A5 1A 6A 44 44 00 80 00 B8 59 9D 5E 54 75 07 9D 7C 65 64 0D 32 19 40 00 00 00 00 3A 2D 00 00 56 08 14 F6 65
1785248274312,16:17:54.603,00 00 00 00 00 00 00 00 18 00 42 00 00 A2 EF 00 A7 2F 00 00 3F 81 46 01 00 00 00 00 00 00 39 1A C1 1A 5C 44 44 00 80 00 B8 59 9D 5E 54 53 07 8E 74 65 64 0D 32 19 40 00 00 00 00 3A 2D 00 00 56 08 14 F6 65
1785248274813,16:17:55.115,00 00 00 00 00 00 00 00 18 00 42 00 00 A2 EF 00 A7 2F 00 00 3F 81 46 01 00 00 00 00 00 00 39 1A 7A 1A 8B 44 44 00 80 00 B8 59 9D 5E 54 76 07 6F 73 65 64 0D 32 19 40 00 00 00 00 3A 2D 00 00 56 08 14 F6 65
1785248275313,16:17:55.609,00 00 00 00 00 00 00 00 18 00 42 00 00 A2 EF 00 A7 2F 00 00 3F 81 46 01 00 00 00 00 00 00 38 1A D4 1A E7 44 44 00 80 00 B8 59 9D 5E 54 80 07 5E 7B 65 64 0D 32 19 40 00 00 00 00 3A 2D 00 00 56 08 14 F6 65
1785248275814,16:17:56.088,00 00 00 00 00 00 00 00 18 00 42 00 00 A2 EF 00 A7 2F 00 00 3F 81 46 01 00 00 00 00 00 00 38 1A 7D 1A B3 44 44 00 80 00 B8 59 9D 5E 54 73 07 84 75 65 64 0D 32 19 40 00 00 00 00 3B 2D 00 00 56 08 14 F6 65
1785248276315,16:17:56.598,00 00 00 00 00 00 00 00 18 00 42 00 00 A2 EF 00 A7 2F 00 00 3F 81 46 01 00 00 00 00 00 00 38 1A BB 1B 0C 44 44 00 80 00 B7 59 9D 5E 54 60 07 7C 72 65 64 0D 32 19 40 00 00 00 00 3B 2D 00 00 56 08 15 F6 65
1785248276816,16:17:57.112,00 00 00 00 00 00 00 00 18 00 42 00 00 A2 EF 00 A7 2F 00 00 3F 81 46 01 00 00 00 00 00 00 38 1A BB 1A D1 44 44 00 80 00 B7 59 9D 5E 54 65 07 80 7D 65 64 0D 32 19 40 00 00 00 00 3A 2D 00 00 56 08 15 F6 65
1785248277318,16:17:57.615,00 00 00 00 00 00 00 00 18 00 42 00 00 A2 EF 00 A7 2F 00 00 3F 81 46 01 00 00 00 00 00 00 38 1A B1 1A A0 44 44 00 80 00 B7 59 9D 5E 54 7D 07 7D 76 65 64 0D 32 19 40 00 00 00 00 3A 2D 00 00 56 08 14 F6 65
1785248277818,16:17:58.129,00 00 00 00 00 00 00 00 18 00 42 00 00 A2 EF 00 A7 2F 00 00 3F 81 46 01 00 00 00 00 00 00 38 1A 83 1A 72 44 44 00 80 00 B7 59 9D 5E 54 58 07 77 72 65 64 0D 32 19 40 00 00 00 00 3A 2D 00 00 56 08 14 F6 65
1785248278320,16:17:58.599,00 00 00 00 00 00 00 00 18 00 42 00 00 A2 EF 00 A7 2F 00 00 3F 81 46 01 00 00 00 00 00 00 38 1A A8 1A 67 44 44 00 80 00 B7 59 9D 5E 54 6B 07 8B 7D 65 64 0D 32 19 40 00 00 00 00 3B 2D 00 00 56 08 14 F6 65
1785248278821,16:17:59.100,00 00 00 00 00 00 00 00 18 00 42 00 00 A2 EF 00 A7 2F 00 00 3F 81 46 01 00 00 00 01 20 00 38 1A D4 1A 8D 44 44 00 80 00 B7 59 9D 5E 54 58 07 80 74 65 64 0D 32 19 40 00 00 00 00 3B 2D 00 00 56 08 14 F6 65
1785248279322,16:17:59.617,00 00 00 00 00 00 00 00 18 00 42 00 00 A2 EF 00 A7 2F 00 00 3F 81 46 01 00 00 00 01 20 00 38 1A 55 1A 6A 44 44 00 80 00 B7 59 9D 5E 54 68 07 7B 73 65 64 0D 32 19 40 00 00 00 00 3B 2D 00 00 56 08 14 F6 65
1785248279823,16:18:00.119,00 00 00 00 00 00 00 00 18 00 42 00 00 A2 EF 00 A7 2F 00 00 3F 81 46 01 00 00 00 01 20 00 39 1A 6A 1A 7E 44 44 00 80 00 B7 59 9D 5E 54 7E 07 83 7B 65 64 0D 32 19 40 00 00 00 00 3B 2D 00 00 56 08 14 F6 65
1785248280324,16:18:00.619,00 00 00 00 00 00 00 00 18 00 42 00 00 A2 EF 00 A7 2F 00 00 3F 81 46 01 00 00 00 00 00 00 39 1A 95 1A AA 44 44 00 80 00 B7 59 9D 5E 54 7B 07 85 75 65 64 0D 32 19 40 00 00 00 00 3A 2D 00 00 56 08 14 F6 65
1785248280824,16:18:01.122,00 00 00 00 00 00 00 00 18 00 42 00 00 A2 EF 00 A7 2F 00 00 3F 81 46 01 00 00 00 00 00 00 38 1A 86 1A D4 44 44 00 80 00 B7 59 9D 5E 54 6B 07 86 74 65 64 0D 32 19 40 00 00 00 00 3A 2D 00 00 56 07 14 F6 65
1785248281325,16:18:01.647,00 00 00 00 00 00 00 00 18 00 42 00 00 A2 EF 00 A7 2F 00 00 3F 81 46 01 00 00 00 00 00 00 38 1A A5 1A 99 44 44 00 80 00 B7 59 9D 5E 54 67 07 74 7D 65 64 0D 32 19 40 00 00 00 00 3A 2D 00 00 56 08 14 F6 65
1785248281826,16:18:02.127,00 00 00 00 00 00 00 00 18 00 42 00 00 A2 EF 00 A7 2F 00 00 3F 81 46 01 00 00 00 00 00 00 39 1A A2 1A 91 44 44 00 80 00 B7 59 9D 5E 54 76 07 7D 77 65 64 0D 32 19 40 00 00 00 00 3B 2D 00 00 56 08 14 F6 65
1785248282328,16:18:02.605,00 00 00 00 00 00 00 00 18 00 42 00 00 A2 EF 00 A7 2F 00 00 3F 81 46 01 00 00 00 00 00 00 39 1A 8F 1A 8B 44 44 00 80 00 B6 59 9D 5E 54 81 07 7E 74 65 64 0D 32 19 40 00 00 00 00 3B 2D 00 00 56 08 14 F6 65
1785248282829,16:18:03.104,00 00 00 00 00 00 00 00 18 00 42 00 00 A2 EF 00 A7 2F 00 00 3F 81 46 01 00 00 00 00 00 00 38 1A A8 1A 81 44 44 00 80 00 B6 59 9D 5E 54 76 07 7B 7C 65 64 0D 32 19 40 00 00 00 00 3A 2D 00 00 56 08 14 F6 65
1785248283331,16:18:03.604,00 00 00 00 00 00 00 00 18 00 42 00 00 A2 EF 00 A7 2F 00 00 3F 81 46 01 00 00 00 00 00 00 38 1A D0 1A 92 44 44 00 80 00 B6 59 9D 5E 54 64 07 7C 74 65 64 0D 32 19 40 00 00 00 00 3A 2D 00 00 56 08 14 F6 65
1785248283832,16:18:04.127,00 00 00 00 00 00 00 00 18 00 42 00 00 A2 EF 00 A7 2F 00 00 3F 81 46 01 00 00 00 00 00 00 38 1A A2 1A 5B 44 44 00 80 00 B6 59 9D 5E 54 5C 07 86 74 65 64 0D 32 19 40 00 00 00 00 3A 2D 00 00 56 08 14 F6 65
1785248284333,16:18:04.628,00 00 00 00 00 00 00 00 18 00 42 00 00 A2 EF 00 A7 2F 00 00 3F 81 46 01 00 00 00 00 00 00 38 1A 9B 1A A7 44 44 00 80 00 B6 59 9D 5E 54 75 07 73 7B 65 64 0D 32 19 40 00 00 00 00 3A 2D 00 00 56 08 14 F6 65
1785248284834,16:18:05.146,00 00 00 00 00 00 00 00 18 00 42 00 00 A2 EF 00 A7 2F 00 00 3F 81 46 01 00 00 00 00 00 00 38 1A 80 1A AF 44 44 00 80 00 B6 59 9D 5E 54 5A 07 77 73 65 64 0D 32 19 40 00 00 00 00 3A 2D 00 00 56 08 14 F6 65
1785248285335,16:18:05.609,00 00 00 00 00 00 00 00 18 00 42 00 00 A2 EF 00 A7 2F 00 00 3F 81 46 01 00 00 00 00 00 00 38 1A 70 1A 8A 44 44 00 80 00 B6 59 9D 5E 54 7C 07 82 79 65 64 0D 32 19 40 00 00 00 00 3B 2D 00 00 56 08 14 F6 65
1785248285835,16:18:06.130,00 00 00 00 00 00 00 00 18 00 42 00 00 A2 EF 00 A7 2F 00 00 3F 81 46 01 00 00 00 01 20 00 39 1A 64 1A 81 44 44 00 80 00 B6 59 9D 5E 54 6B 07 83 79 65 64 0D 32 19 40 00 00 00 00 3B 2D 00 00 56 08 14 F6 65
1785248286337,16:18:06.607,00 00 00 00 00 00 00 00 18 00 42 00 00 A2 EF 00 A7 2F 00 00 3F 81 46 01 00 00 00 01 20 00 39 1A 98 1B 18 44 44 00 80 00 B6 5A 9D 5E 54 5D 07 73 72 65 64 0D 32 19 40 00 00 00 00 3B 2D 00 00 56 07 14 F6 65
1785248286839,16:18:07.111,00 00 00 00 00 00 00 00 18 00 42 00 00 A2 EF 00 A7 2F 00 00 3F 81 46 01 00 00 00 01 20 00 38 1A D7 1A C0 44 44 00 80 00 B6 5A 9D 5E 54 74 07 67 79 65 64 0D 32 19 40 00 00 00 00 3B 2D 00 00 56 07 14 F6 65
1785248287340,16:18:07.634,00 00 00 00 00 00 00 00 18 00 42 00 00 A2 EF 00 A7 2F 00 00 3F 81 46 01 00 00 00 01 20 00 38 1A A5 1A 92 44 44 00 80 00 B6 5A 9D 5E 54 7C 07 5D 7A 65 64 0D 32 19 40 00 00 00 00 3A 2D 00 00 56 08 14 F6 65
1785248287841,16:18:08.138,00 00 00 00 00 00 00 00 18 00 42 00 00 A2 EF 00 A7 2F 00 00 3F 81 46 01 00 00 00 01 20 00 38 1A 74 1A 6A 44 44 00 80 00 B6 5A 9D 5E 54 75 07 76 72 65 64 0D 32 19 40 00 00 00 00 3A 2D 00 00 56 08 14 F6 65
1785248288342,16:18:08.615,00 00 00 00 00 00 00 00 18 00 42 00 00 A2 EF 00 A7 2F 00 00 3F 81 46 01 00 00 00 01 20 00 38 1A A5 1A 63 44 44 00 80 00 B6 5A 9D 5E 54 65 07 81 79 65 64 0D 32 19 40 00 00 00 00 3A 2D 00 00 56 08 14 F6 65
1785248288844,16:18:09.118,00 00 00 00 00 00 00 00 18 00 42 00 00 A2 EF 00 A7 2F 00 00 3F 81 46 01 00 00 00 01 20 00 39 18 10 17 FB 44 44 00 80 00 B5 5A 9D 5E 54 7F 07 5C 73 65 64 0D 32 19 40 00 00 00 00 3B 2D 00 00 56 0E 13 F6 65
1785248289346,16:18:09.642,00 00 00 00 00 00 00 00 18 00 42 00 00 A2 EF 00 A7 2F 00 00 3F 81 46 01 00 00 00 01 20 00 39 17 53 17 55 44 44 00 80 00 B5 5A 9D 5E 54 7B 06 F8 71 63 64 0D 32 19 40 00 00 00 00 3B 2D 00 00 56 12 14 F6 65
1785248289848,16:18:10.145,00 00 00 00 00 00 00 00 18 00 42 00 00 A2 EF 00 A7 2F 00 00 3F 81 46 01 00 00 00 01 20 00 38 16 92 16 8E 44 44 00 80 00 B5 5A 9D 5E 54 86 06 9C 7E 64 64 0D 32 19 40 00 00 00 00 3B 2D 00 00 56 17 16 F6 65
1785248290349,16:18:10.627,00 00 00 00 00 00 00 00 18 00 42 00 00 A2 EF 00 A7 2F 00 00 3F 81 46 01 00 00 00 01 20 00 38 16 EC 16 E6 44 44 00 80 00 B5 5A 9D 5E 54 81 06 94 71 64 64 0D 32 19 40 00 00 00 00 3B 2D 00 00 56 19 16 F6 65
1785248290850,16:18:11.147,00 00 00 00 00 00 00 00 18 00 42 00 00 A2 EF 00 A7 2F 00 00 AF 81 46 09 00 00 00 01 20 00 39 17 FB 18 1A 44 44 02 80 00 B5 5A 9D 5E 54 4D 06 A7 72 63 64 0D 32 19 40 00 00 00 00 3A 2D 00 00 56 17 16 F6 65
1785248291351,16:18:11.648,00 00 00 00 00 00 00 00 18 00 42 00 00 A2 EF 00 A7 2F 00 00 AF 81 46 09 00 00 00 01 20 00 39 1D C5 1D C3 44 44 03 82 58 B5 5A 9D 5E 54 75 07 96 7D 64 65 0D 32 19 40 00 00 00 00 3A 2D 00 00 56 0C 16 F6 65
1785248291852,16:18:12.153,00 00 00 00 00 00 00 00 18 00 42 00 00 A2 EF 00 A7 2F 00 00 AF 81 46 09 00 00 00 01 20 00 39 1B C8 1B BC 44 44 03 7F 94 B5 5A 9D 5E 54 7B 07 A1 76 65 65 0D 32 19 40 00 00 00 00 3A 2D 00 00 56 10 15 F6 65
1785248292354,16:18:12.652,00 00 00 00 00 00 00 00 18 00 42 00 00 A2 EF 00 A7 2F 00 00 AF 81 46 09 00 00 00 01 20 00 39 1B 85 1B 27 44 44 04 82 A8 B5 5A 9D 5E 54 5C 07 B9 77 65 65 0D 32 19 40 00 00 00 00 3B 2D 00 00 56 11 16 F6 65
1785248292855,16:18:13.148,00 00 00 00 00 00 00 00 18 00 42 00 00 A2 EF 00 A7 2F 00 00 AF 81 46 09 00 00 00 01 20 00 38 1B 96 1B BC 44 44 06 83 04 B5 5A 9D 5E 54 80 07 9D 79 65 65 0D 32 19 40 00 00 00 00 3A 2D 00 00 56 11 16 F6 65
1785248293357,16:18:13.647,00 00 00 00 00 00 00 00 18 00 42 00 00 A2 EF 00 A7 2F 00 00 AF 81 46 09 00 00 00 01 20 00 38 1C 83 1C 7E 44 44 07 83 A8 B5 5A 9D 5E 54 7E 07 A6 7B 66 65 0D 32 19 40 00 00 00 00 3A 2D 00 00 56 10 16 F6 65
1785248293858,16:18:14.155,00 00 00 00 00 00 00 00 18 00 42 00 00 A2 EF 00 A7 2F 00 00 AF 81 46 09 00 00 00 01 20 00 38 1E 9C 1E 79 44 44 08 82 58 B5 5A 9D 5E 54 81 08 0D 77 65 65 0D 32 19 40 00 00 00 00 3B 2D 00 00 56 0C 16 F6 65
1785248294359,16:18:14.652,00 00 00 00 00 00 00 00 18 00 42 00 00 A2 EF 00 A7 2F 00 00 AF 81 46 09 00 00 00 01 20 00 38 1F B0 1F CF 44 44 09 81 68 B4 5A 9D 5E 54 80 08 66 7A 65 65 0D 32 19 40 00 00 00 00 3B 2D 00 00 56 0A 17 F6 65
1785248294860,16:18:15.156,00 00 00 00 00 00 00 00 18 00 42 00 00 A2 EF 00 A7 2F 00 00 AF 81 46 09 00 00 00 01 20 00 38 1E DF 1E E5 44 44 09 7F 08 B4 5A 9D 5E 54 76 08 7B 7A 66 65 0D 32 19 40 00 00 00 00 3B 2D 00 00 56 0B 16 F6 65
1785248295361,16:18:15.657,00 00 00 00 00 00 00 00 18 00 42 00 00 A2 EF 00 A7 2F 00 00 AF 81 46 09 00 00 00 01 20 00 38 1E CE 1E BB 44 44 09 7F C8 B4 5A 9D 5E 54 7F 08 81 7D 66 65 0D 37 1C 40 00 00 00 00 3B 2D 00 00 56 0B 16 F6 65
1785248295862,16:18:16.133,00 00 00 00 00 00 00 00 18 00 42 00 00 A2 EF 00 A7 2F 00 00 AF 81 46 09 00 00 00 01 20 00 38 1E 14 1D F6 44 44 08 7F 88 B4 5A 9D 5E 54 79 08 57 78 65 65 0D 3F 1F 40 00 00 00 00 3B 2D 00 00 56 0C 16 F6 65
1785248296363,16:18:16.681,00 00 00 00 00 00 00 00 18 00 42 00 00 A2 EF 00 A7 2F 00 00 AF 80 46 00 00 00 00 01 20 00 38 1E 37 1E 47 44 44 08 80 1C B4 5A 9D 5E 54 7B 08 31 74 65 65 0D 46 23 40 0F 00 00 00 3B 2D 00 00 56 0C 16 F6 65
1785248296864,16:18:17.170,00 00 00 00 00 00 00 00 18 00 42 00 00 A2 EF 00 A7 2F 00 00 AF 80 46 00 00 00 00 01 20 00 39 1F B0 1F C4 44 44 08 80 6C B4 5A 9D 5E 54 81 08 65 7C 66 67 0D 4B 25 40 1D 00 00 00 3B 2D 00 00 56 0F 17 F6 65
1785248297366,16:18:17.657,00 00 00 00 00 00 00 00 18 00 42 00 00 A2 EF 00 A7 2F 00 00 AF 80 46 00 00 00 00 01 20 00 39 23 F2 23 DD 44 44 09 80 80 B4 5A 9D 5E 54 7C 08 ED 72 65 69 0D 4C 26 40 22 00 00 00 3B 2D 00 00 56 0D 17 F6 65
1785248297868,16:18:18.143,00 00 00 00 00 00 00 00 18 00 42 00 00 A2 EF 00 A7 2F 00 00 AF 80 46 00 00 00 00 01 20 00 38 28 B0 29 30 44 44 0A 82 10 B4 5A 9D 5E 54 89 0A 04 7F 66 6C 0D 4C 26 40 21 00 00 00 3B 2D 00 00 56 0A 18 F6 65
1785248298369,16:18:18.667,00 00 00 00 00 00 00 00 18 00 42 00 00 A2 EF 00 A7 2F 00 00 AF 80 46 00 00 00 00 01 20 00 38 2A E4 2A E0 44 44 0B 82 8C B4 5A 9D 5E 54 8E 0B 32 74 66 67 0D 32 19 40 04 00 00 00 3B 2D 00 00 56 04 18 F6 65
1785248298870,16:18:19.165,00 00 00 00 00 00 00 00 18 00 42 00 00 A2 EF 00 A7 2F 00 00 AF 81 46 09 00 00 00 01 20 00 38 1F 59 1F 7F 44 44 0B 80 54 B4 5A 9D 5E 54 66 0A 2E 73 67 64 0D 32 19 40 00 00 00 00 3B 2D 00 00 56 07 17 F6 65
1785248299372,16:18:19.670,00 00 00 00 00 00 00 00 18 00 42 00 00 A2 EF 00 A7 2F 00 00 AF 81 46 09 00 00 00 01 20 00 38 18 DE 18 DD 44 44 0B 7E 8C B3 5C 9D 5E 54 81 08 8D 73 66 64 0D 34 1A 40 00 00 00 00 3B 2D 00 00 56 13 14 F6 65
1785248299874,16:18:20.176,00 00 00 00 00 00 00 00 18 00 42 00 00 A2 EF 00 A7 2F 00 00 AF 81 46 09 00 00 00 01 20 00 39 1A 22 1A 4A 44 44 0C 81 58 B3 5C 9D 5E 54 82 07 92 7F 65 64 0D 3D 1E 40 00 00 00 00 3B 2D 00 00 56 17 17 F6 65
1785248300375,16:18:20.653,00 00 00 00 00 00 00 00 18 00 42 00 00 A2 EF 00 A7 2F 00 00 AF 81 46 09 00 00 00 01 20 00 39 1B AD 1B A4 44 44 0D 82 C8 B3 5C 9D 5E 54 5E 07 86 7D 66 66 0D 3D 1E 40 00 00 00 00 3B 2D 00 00 56 15 18 F6 65
1785248300876,16:18:21.176,00 00 00 00 00 00 00 00 18 00 42 00 00 A2 EF 00 A7 2F 00 00 AF 81 46 09 00 00 00 00 00 00 39 1E 43 1D DC 44 44 0F 82 AC B3 5C 9D 5E 54 73 07 EF 7C 66 66 0D 3D 1E 40 00 00 00 00 3B 2D 00 00 56 11 17 F6 65
1785248301377,16:18:21.687,00 00 00 00 00 00 00 00 18 00 42 00 00 A2 EF 00 A7 2F 00 00 AF 81 46 09 00 00 00 00 00 00 39 1F 59 1F 5E 44 44 0F 81 A8 B3 5C 9D 5E 54 81 08 3B 7C 66 66 0D 3D 1E 40 00 00 00 00 3B 2D 00 00 56 0F 17 F6 65
1785248301878,16:18:22.153,00 00 00 00 00 00 00 00 18 00 42 00 00 A2 EF 00 A7 2F 00 00 AF 81 46 09 00 00 00 00 00 00 39 20 5F 20 5D 44 44 10 81 38 B3 5C 9D 5E 54 7D 08 8E 74 66 66 0D 3E 1F 40 00 00 00 00 3B 2D 00 00 56 0D 16 F6 65
1785248302380,16:18:22.676,00 00 00 00 00 00 00 00 18 00 42 00 00 A2 EF 00 A7 2F 00 00 AF 80 46 08 00 00 00 00 00 00 39 20 76 20 A3 44 44 10 80 B0 B3 5C 9D 5E 54 82 08 CE 7A 66 66 0D 41 20 40 04 00 00 00 3B 2D 00 00 56 0B 17 F6 65
1785248302882,16:18:23.177,00 00 00 00 00 00 00 00 18 00 42 00 00 A2 EF 00 A7 2F 00 00 AF 80 46 08 00 00 00 00 00 00 39 20 0D 1F DB 44 44 10 7F CC B3 5C 9D 5E 54 67 08 D0 7C 66 65 0D 43 21 40 08 00 00 00 3B 2D 00 00 56 0A 17 F6 65
1785248303383,16:18:23.696,00 00 00 00 00 00 00 00 18 00 42 00 00 A2 EF 00 A7 2F 00 00 AF 80 46 00 00 00 00 00 00 00 39 20 1B 1F E4 44 44 10 7F A4 B3 5C 9D 5E 54 7D 08 D5 7C 66 65 0D 45 22 40 0D 00 00 00 3A 2D 00 00 56 09 17 F6 65
1785248303885,16:18:24.176,00 00 00 00 00 00 00 00 18 00 42 00 00 A2 EF 00 A7 2F 00 00 AF 80 46 00 00 00 00 00 00 00 39 1F 59 1F 3C 44 44 0F 7E FC B3 5C 9D 5E 54 79 08 A7 7D 66 66 0D 48 24 40 15 00 00 00 3B 2D 00 00 56 0D 16 F6 65
1785248304386,16:18:24.667,00 00 00 00 00 00 00 00 18 00 42 00 00 A2 EF 00 A7 2F 00 00 AF 80 46 00 00 00 00 00 00 00 39 1F A7 1F E8 44 44 10 80 3C B2 5C 9D 5E 54 84 08 97 7C 66 67 0D 4A 25 40 1C 00 00 00 3B 2D 00 00 56 0F 17 F6 65
1785248304887,16:18:25.181,00 00 00 00 00 00 00 00 18 00 42 00 00 A2 EF 00 A7 2F 00 00 AF 80 46 00 00 00 00 00 00 00 38 20 04 20 01 44 44 10 80 3C B2 5C 9D 5E 54 82 08 AD 73 65 67 0D 4C 26 40 1F 00 00 00 3B 2D 00 00 56 10 17 F6 65
1785248305388,16:18:25.685,00 00 00 00 00 00 00 00 18 00 42 00 00 A2 EF 00 A7 2F 00 00 AF 80 46 00 00 00 00 00 00 00 38 20 FD 21 28 44 44 10 80 A4 B2 5C 9D 5E 54 67 08 CD 7D 66 68 0D 4C 26 40 20 00 00 00 3B 2D 00 00 56 0F 17 F6 65
1785248305890,16:18:26.188,00 00 00 00 00 00 00 00 18 00 42 00 00 A2 EF 00 A7 2F 00 00 AF 80 46 00 00 00 00 00 00 00 38 21 8A 21 A2 44 44 11 81 50 B2 5C 9D 5E 54 69 09 12 74 66 68 0D 4B 25 40 1F 00 00 00 3B 2D 00 00 56 0E 17 F6 65
1785248306392,16:18:26.677,00 00 00 00 00 00 00 00 18 00 42 00 00 A2 EF 00 A7 2F 00 00 AF 80 46 00 00 00 00 00 00 00 38 22 81 22 6A 44 44 11 80 FC B2 5C 9D 5E 54 85 09 3E 75 66 68 0D 49 24 40 1C 00 00 00 3B 2D 00 00 56 0C 17 F6 65
1785248306894,16:18:27.169,00 00 00 00 00 00 00 00 18 00 42 00 00 A2 EF 00 A7 2F 00 00 AF 80 46 00 00 00 00 00 00 00 38 23 5C 23 1F 44 44 11 80 94 B2 5C 9D 5E 54 79 09 75 72 66 65 0D 43 21 40 0C 00 00 00 3A 2D 00 00 56 06 17 F6 65
1785248307395,16:18:27.667,00 00 00 00 00 00 00 00 18 00 42 00 00 A2 EF 00 A7 2F 00 00 AF 80 46 00 00 00 00 00 00 00 38 22 CB 22 EF 44 44 11 7F CC B2 5C 9D 5E 54 87 09 74 73 65 65 0D 43 21 40 0A 00 00 00 3B 2D 00 00 56 06 17 F6 65
1785248307896,16:18:28.195,00 00 00 00 00 00 00 00 18 00 42 00 00 A2 EF 00 A7 2F 00 00 AF 80 46 00 00 00 00 00 00 00 38 21 8A 21 99 44 44 11 7F 48 B2 5C 9D 5E 54 80 09 54 7C 66 64 0D 41 21 40 06 00 00 00 3B 2D 00 00 56 06 17 F6 65
1785248308398,16:18:28.689,00 00 00 00 00 00 00 00 18 00 42 00 00 A2 EF 00 A7 2F 00 00 AF 80 46 00 00 00 00 00 00 00 38 20 BB 20 BD 44 44 10 7E E8 B2 5C 9D 5E 54 80 09 20 74 65 64 0D 40 20 40 03 00 00 00 3B 2D 00 00 56 07 17 F6 65
1785248308899,16:18:29.174,00 00 00 00 00 00 00 00 18 00 42 00 00 A2 EF 00 A7 2F 00 00 AF 80 46 00 00 00 00 00 00 00 39 1F EE 1F E6 44 44 10 7F 1C B2 5C 9D 5E 54 81 08 E6 79 65 64 0D 40 20 40 03 00 00 00 3B 2D 00 00 56 08 17 F6 65
1785248309400,16:18:29.697,00 00 00 00 00 00 00 00 18 00 42 00 00 A2 EF 00 A7 2F 00 00 AF 80 46 00 00 00 00 00 00 00 39 1F 62 1F 69 44 44 10 7F 64 B1 5C 9D 5E 54 82 08 B8 72 65 64 0D 40 20 40 03 00 00 00 3B 2D 00 00 56 08 17 F6 65
1785248309901,16:18:30.200,00 00 00 00 00 00 00 00 18 00 42 00 00 A2 EF 00 A7 2F 00 00 AF 80 46 00 00 00 00 00 00 00 39 1E E3 1E DC 44 44 0F 7F 60 B1 5C 9D 5E 54 74 08 8C 75 65 64 0D 40 20 40 03 00 00 00 3B 2D 00 00 56 09 16 F6 65
1785248310402,16:18:30.701,00 00 00 00 00 00 00 00 18 00 42 00 00 A2 EF 00 A7 2F 00 00 AF 80 46 00 00 00 00 00 00 00 39 1E B9 1E 84 44 44 0F 7F 8C B1 5C 9D 5E 54 75 08 7D 72 65 64 0D 40 20 40 03 00 00 00 3B 2D 00 00 56 09 16 F6 65
1785248310904,16:18:31.199,00 00 00 00 00 00 00 00 18 00 42 00 00 A2 EF 00 A7 2F 00 00 AF 80 46 00 00 00 00 00 00 00 38 1E 98 1E 75 44 44 0F 7F 7C B1 5D 9D 5E 54 6D 08 58 72 65 64 0D 41 20 40 04 00 00 00 3B 2D 00 00 56 0A 16 F6 65
1785248311405,16:18:31.705,00 00 00 00 00 00 00 00 18 00 42 00 00 A2 EF 00 A7 2F 00 00 AF 80 46 00 00 00 00 00 00 00 38 1D D5 1D FF 44 44 0F 7F C4 B1 5D 9D 5E 54 80 08 4F 7D 66 65 0D 41 21 40 05 00 00 00 3B 2D 00 00 56 0B 16 F6 65
1785248311907,16:18:32.184,00 00 00 00 00 00 00 00 18 00 42 00 00 A2 EF 00 A7 2F 00 00 AF 80 46 00 00 00 00 00 00 00 39 1D 57 1D 63 44 44 0F 7F 3C B1 5D 9D 5E 54 78 08 20 72 65 65 0D 42 21 40 07 00 00 00 3B 2D 00 00 56 0C 15 F6 65
1785248312408,16:18:32.702,00 00 00 00 00 00 00 00 18 00 42 00 00 A2 EF 00 A7 2F 00 00 AF 80 46 00 00 00 00 00 00 00 39 1D 7D 1D 0B 44 44 0E 80 1C B1 5D 9D 5E 54 63 08 0C 73 65 66 0D 4B 26 40 1E 00 00 00 3A 2D 00 00 56 12 17 F6 65
1785248312909,16:18:33.202,00 00 00 00 00 00 00 00 18 00 42 00 00 A2 EF 00 A7 2F 00 00 AF 80 46 00 00 00 00 00 00 00 38 1D F4 1D D1 44 44 0F 80 80 B1 5D 9D 5E 54 80 08 16 7A 66 68 0D 4D 26 40 26 00 00 00 3A 2D 00 00 56 14 18 F6 65
1785248313410,16:18:33.685,00 00 00 00 00 00 00 00 18 00 42 00 00 A2 EF 00 A7 2F 00 00 AF 80 46 00 00 00 00 00 00 00 38 1E 3F 1E 22 44 44 0F 81 44 B0 5D 9D 5E 54 68 08 38 78 66 67 0D 4A 25 40 1E 00 00 00 3A 2D 00 00 56 11 17 F6 65
1785248313912,16:18:34.205,00 00 00 00 00 00 00 00 18 00 42 00 00 A2 EF 00 A7 2F 00 00 AF 80 46 00 00 00 00 00 00 00 38 1E 88 1E 9E 44 44 0F 80 70 B0 5D 9D 5E 54 67 08 3F 7D 67 67 0D 4B 25 40 1E 00 00 00 3A 2D 00 00 56 11 17 F6 65
1785248314413,16:18:34.690,00 00 00 00 00 00 00 00 18 00 42 00 00 A2 EF 00 A7 2F 00 00 AF 80 46 00 00 00 00 00 00 00 38 1F 33 1F 94 44 44 10 80 20 B0 5D 9D 5E 54 7F 08 6A 7A 66 67 0D 4D 26 40 21 00 00 00 3A 2C 00 00 56 11 17 F6 65
1785248314915,16:18:35.229,00 00 00 00 00 00 00 00 18 00 42 00 00 A2 EF 00 A7 2F 00 00 AF 80 46 00 00 00 00 00 00 00 38 20 0D 20 12 44 44 10 80 D4 B0 5D 9D 5E 54 80 08 92 7B 66 68 0D 4C 26 40 22 00 00 00 3A 2C 00 00 56 10 17 F6 65
1785248315415,16:18:35.708,00 00 00 00 00 00 00 00 18 00 42 00 00 A2 EF 00 A7 2F 00 00 AF 80 46 00 00 00 00 00 00 00 38 21 8F 21 8A 44 44 10 80 B8 B0 5D 9D 5E 54 7C 08 D5 77 66 68 0D 4A 25 40 1E 00 00 00 3A 2C 00 00 56 0E 17 F6 65
1785248315916,16:18:36.237,00 00 00 00 00 00 00 00 18 00 42 00 00 A2 EF 00 A7 2F 00 00 AF 80 46 00 00 00 00 00 00 00 38 23 B4 23 BE 44 44 11 81 58 B0 5D 9D 5E 54 81 09 39 79 66 68 0D 4A 25 40 1D 00 00 00 3A 2C 00 00 56 0C 17 F6 65
1785248316418,16:18:36.701,00 00 00 00 00 00 00 00 18 00 42 00 00 A2 EF 00 A7 2F 00 00 AF 80 46 00 00 00 00 00 00 00 38 25 2D 25 72 44 44 12 81 98 B0 5D 9D 5E 54 6A 09 BF 76 66 69 0D 4B 25 40 1F 00 00 00 3A 2C 00 00 56 0B 17 F6 65
1785248316934,16:18:37.256,00 00 00 00 00 00 00 00 18 00 42 00 00 A2 EF 00 A7 2F 00 00 AF 80 46 00 00 00 00 00 00 00 38 26 3F 26 57 44 44 13 81 A4 B0 5D 9D 5E 54 6F 09 5E 7C 67 69 0D 4A 25 40 1E 30 39 AF 3A 2C 00 00 56 0A 17 F6 65
1785248317438,16:18:37.736,00 00 00 00 00 00 00 00 18 00 42 00 00 A2 EF 00 A7 2F 00 00 AF 80 46 00 00 00 00 00 00 00 38 27 C0 27 B6 44 44 13 80 B0 AF 5D 9D 5E 54 84 08 30 82 67 6A 0D 4A 25 40 1E 33 32 B4 3A 2C 00 00 56 09 17 F6 65
1785248317940,16:18:38.255,00 00 00 00 00 00 00 00 18 00 42 00 00 A2 EF 00 A7 2F 00 00 AF 80 46 00 00 00 00 00 00 00 39 27 24 26 EC 44 44 13 81 A4 AF 5D 9D 5E 54 78 07 97 7A 66 69 0D 49 24 40 1B 38 34 B7 3A 2C 00 00 56 08 17 F6 65
1785248318452,16:18:38.753,00 00 00 00 00 00 00 00 18 00 42 00 00 A2 EF 00 A7 2F 00 00 AF 80 46 00 00 00 00 00 00 00 39 28 93 28 6B 44 44 14 80 70 AF 5D 9D 5E 54 89 07 A5 7C 65 68 0D 46 23 40 14 4C 3F 00 3A 2C 00 00 56 06 17 F6 65
1785248318954,16:18:39.256,00 00 00 00 00 00 00 00 18 00 42 00 00 A2 EF 00 A7 2F 00 00 AF 80 46 00 00 00 00 00 00 00 38 28 21 28 23 44 44 14 80 70 AF 5D 9D 5E 54 84 09 C2 72 65 68 0D 47 23 40 14 4C 3F 00 3A 2C 00 00 56 06 17 F6 65
1785248319455,16:18:39.752,00 00 00 00 00 00 00 00 18 00 42 00 00 A2 EF 00 A7 2F 00 00 AF 80 46 00 00 00 00 00 00 00 38 27 3E 27 59 44 44 14 7F 70 AF 5D 9D 5E 54 83 08 E3 72 66 68 0D 47 23 40 15 51 52 C0 3A 2C 00 00 56 06 17 F6 65
1785248319956,16:18:40.252,00 00 00 00 00 00 00 00 18 00 42 00 00 A2 EF 00 A7 2F 00 00 AF 80 46 00 00 00 00 00 00 00 38 27 B9 27 9B 44 44 13 7F D4 AF 5D 9D 5E 54 80 08 90 75 65 68 0D 48 24 40 16 4C 4B BB 3A 2C 00 00 56 07 17 F6 65
1785248320458,16:18:40.757,00 00 00 00 00 00 00 00 18 00 42 00 00 A2 EF 00 A7 2F 00 00 AF 80 46 00 00 00 00 00 00 00 38 26 99 26 9B 44 44 13 7F 40 AF 5D 9D 5E 54 83 07 79 6F 65 67 0D 47 24 40 15 48 40 B5 3A 2C 00 00 56 07 17 F6 65
1785248320959,16:18:41.258,00 00 00 00 00 00 00 00 18 00 42 00 00 A2 EF 00 A7 2F 00 00 AF 80 46 00 00 00 00 00 00 00 38 26 92 26 BA 44 44 13 7F 80 AF 5E 9D 5E 54 4B 07 37 7B 65 68 0D 48 24 40 16 44 3B AE 3A 2C 00 00 56 07 17 F6 65
1785248321459,16:18:41.753,00 00 00 00 00 00 00 00 18 00 42 00 00 A2 EF 00 A7 2F 00 00 AF 80 46 00 00 00 00 00 00 00 38 26 4B 26 3B 44 44 13 80 18 AE 5E 9D 5E 54 7A 07 5F 70 64 67 0D 48 24 40 16 44 3D A8 3A 2C 00 00 56 07 17 F6 65
1785248321959,16:18:42.273,00 00 00 00 00 00 00 00 18 00 42 00 00 A2 EF 00 A7 2F 00 00 AF 80 46 00 00 00 00 00 00 00 38 28 29 28 24 44 44 13 80 7C AE 5E 9D 5E 54 6E 07 AB 7D 65 69 0D 48 24 40 17 48 40 A8 3A 2C 00 00 56 07 17 F6 65
1785248322461,16:18:42.758,00 00 00 00 00 00 00 00 18 00 42 00 00 A2 EF 00 A7 2F 00 00 AF 80 46 00 00 00 00 00 00 00 38 27 E9 27 CC 44 44 13 80 D8 AE 5E 9D 5E 54 7D 08 21 70 64 68 0D 48 24 40 16 47 43 A4 3A 2C 00 00 56 07 17 F6 65
1785248322962,16:18:43.258,00 00 00 00 00 00 00 00 18 00 42 00 00 A2 EF 00 A7 2F 00 00 AF 80 46 00 00 00 00 00 00 00 38 28 30 28 38 44 44 14 80 94 AE 5E 9D 5E 54 64 08 75 72 65 69 0D 48 24 40 17 49 47 A3 3A 2C 00 00 56 07 17 F6 65
1785248323463,16:18:43.763,00 00 00 00 00 00 00 00 18 00 42 00 00 A2 EF 00 A7 2F 00 00 AF 80 46 00 00 00 00 00 00 00 38 29 3B 29 4D 44 44 14 80 24 AE 5E 9D 5E 54 5E 08 CA 71 65 69 0D 48 24 40 17 4D 4C A4 3A 2C 00 00 56 06 17 F6 65
1785248323965,16:18:44.260,00 00 00 00 00 00 00 00 18 00 42 00 00 A2 EF 00 A7 2F 00 00 AF 80 46 00 00 00 00 00 40 00 38 29 68 29 77 44 44 14 80 88 AE 5E 9D 5E 54 67 08 EA 71 65 6A 0D 49 24 40 1A 42 44 A4 3A 2C 00 00 56 07 17 F6 65
1785248324466,16:18:44.762,00 00 00 00 00 00 00 00 18 00 42 00 00 A2 EF 00 A7 2F 00 00 AF 80 46 00 00 00 00 00 40 00 38 2A 3E 2A 46 44 44 14 80 08 AE 5E 9D 5E 54 87 08 DA 7F 66 6B 0D 4A 25 40 1A 44 44 A6 3A 2C 00 00 56 07 18 F6 65
1785248324967,16:18:45.239,00 00 00 00 00 00 00 00 18 00 42 00 00 A2 EF 00 A7 2F 00 00 AF 80 46 00 00 00 00 00 40 00 39 2A 85 2A 99 44 44 15 80 A0 AE 5E 9D 5E 54 65 08 D6 71 65 6B 0D 49 25 40 1B 44 44 A7 3A 2C 00 00 56 07 18 F6 65
1785248325468,16:18:45.807,00 00 00 00 00 00 00 00 18 00 42 00 00 A2 EF 00 A7 2F 00 00 AF 80 46 00 00 00 00 00 40 00 39 2A 75 2A 74 44 44 15 80 40 AD 5E 9D 5E 54 6D 08 D2 71 65 6D 0D 4A 25 40 1E 38 3B A4 3A 2C 00 00 56 08 17 F6 65
1785248325970,16:18:46.271,00 00 00 00 00 00 00 00 18 00 42 00 00 A2 EF 00 A7 2F 00 00 AF 80 46 00 00 00 00 00 40 00 38 2B 90 2B 7A 44 44 15 7F BC AD 5E 9D 5E 54 84 08 EB 76 65 6D 0D 4A 25 40 1D 3A 3D AC 3A 2C 00 00 56 07 18 F6 65
1785248326471,16:18:46.776,00 00 00 00 00 00 00 00 18 00 42 00 00 A2 EF 00 A7 2F 00 00 AF 80 46 00 00 00 00 00 40 00 38 2B F4 2B EA 44 44 16 81 70 AD 5E 9D 5E 54 84 08 D1 71 65 6D 0D 4A 25 40 1D 3F 3F AE 3A 2C 00 00 56 07 18 F6 65
1785248326972,16:18:47.273,00 00 00 00 00 00 00 00 18 00 42 00 00 A2 EF 00 A7 2F 00 00 AF 80 46 00 00 00 00 00 40 00 39 2B 98 2B A7 44 44 16 80 6C AD 5E 9D 5E 54 63 08 A2 77 66 6C 0D 4A 25 40 1D 3F 3E AD 3A 2C 00 00 56 07 18 F6 65
1785248327473,16:18:47.747,00 00 00 00 00 00 00 00 18 00 42 00 00 A2 EF 00 A7 2F 00 00 AF 80 46 00 00 00 00 00 40 00 39 2B 15 2A F9 44 44 16 7F D4 AD 5E 9D 5E 54 79 08 75 7C 66 6C 0D 4A 25 40 1C 3E 3D AC 3A 2C 00 00 56 07 18 F6 65
1785248327974,16:18:48.249,00 00 00 00 00 00 00 00 18 00 42 00 00 A2 EF 00 A7 2F 00 00 AF 80 46 00 00 00 00 00 40 00 39 2A 95 2A A7 44 44 15 7F 80 AD 5E 9D 5E 54 68 08 78 7C 66 6B 0D 49 24 40 1A 42 40 AA 3A 2C 00 00 56 07 17 F6 65
1785248328476,16:18:48.772,00 00 00 00 00 00 00 00 18 00 42 00 00 A2 EF 00 A7 2F 00 00 AF 80 46 00 00 00 00 00 40 00 39 2A DC 2A F1 44 44 15 7F 80 AD 5E 9D 5E 54 74 08 93 71 66 6A 0D 49 24 40 19 4E 48 A9 3A 2C 00 00 56 06 18 F6 65
1785248328977,16:18:49.293,00 00 00 00 00 00 00 00 18 00 42 00 00 A2 EF 00 A7 2F 00 00 AF 80 46 00 00 00 00 00 40 00 39 2A E4 2A BF 44 44 15 80 00 AC 5E 9D 5E 54 5E 08 B1 71 65 6B 0D 48 24 40 19 48 45 A6 3A 2C 00 00 56 07 17 F6 65
1785248329478,16:18:49.772,00 00 00 00 00 00 00 00 18 00 42 00 00 A2 EF 00 A7 2F 00 00 AF 80 46 00 00 00 00 00 40 00 39 2A 56 2A 4D 44 44 15 7F C4 AC 5E 9D 5E 54 7A 08 C6 7D 65 6B 0D 49 24 40 1A 44 43 A4 3A 2C 00 00 56 07 17 F6 65
1785248329979,16:18:50.282,00 00 00 00 00 00 00 00 18 00 42 00 00 A2 EF 00 A7 2F 00 00 AF 80 46 00 00 00 00 00 40 00 39 29 F8 2A 01 44 44 15 7F 80 AC 60 9D 5E 54 8A 08 E5 72 65 6B 0D 49 24 40 1A 41 43 A4 3A 2C 00 00 56 07 17 F6 65
1785248330480,16:18:50.780,00 00 00 00 00 00 00 00 18 00 42 00 00 A2 EF 00 A7 2F 00 00 AF 80 46 00 00 00 00 00 40 00 39 2A 4E 2A 31 44 44 15 80 00 AC 60 9D 5E 54 72 08 E7 7F 66 6B 0D 49 24 40 1B 40 42 A5 3A 2C 00 00 56 07 17 F6 65
1785248330981,16:18:51.281,00 00 00 00 00 00 00 00 18 00 42 00 00 A2 EF 00 A7 2F 00 00 AF 80 46 00 00 00 00 00 40 00 38 2A 56 2A 57 44 44 15 7F DC AC 60 9D 5E 54 88 08 DA 71 65 6B 0D 4A 25 40 1C 3C 40 A7 3A 2C 00 00 56 07 17 F6 65
1785248331483,16:18:51.778,00 00 00 00 00 00 00 00 18 00 42 00 00 A2 EF 00 A7 2F 00 00 AF 80 46 00 00 00 00 00 40 00 38 2A 08 29 DB 44 44 15 7F D0 AB 60 9D 5E 54 6B 08 D3 7B 66 6C 0D 4B 25 40 1F 37 39 A2 39 2C 00 00 56 09 17 F6 65
1785248331984,16:18:52.275,00 00 00 00 00 00 00 00 18 00 42 00 00 A2 EF 00 A7 2F 00 00 AF 80 46 00 00 00 00 00 40 00 39 2A D4 2A BB 44 44 15 7F F4 AB 60 9D 5E 54 89 09 0A 72 65 6D 0D 4C 26 40 21 33 35 9F 3A 2C 00 00 56 09 17 F6 65
1785248332485,16:18:52.767,00 00 00 00 00 00 00 00 18 00 42 00 00 A2 EF 00 A7 2F 00 00 AF 80 46 00 00 00 00 00 40 00 39 2B 46 2B 46 44 44 15 80 50 AB 60 9D 5E 54 84 09 57 76 65 6E 0D 4C 26 40 22 32 36 A0 39 2C 00 00 56 09 17 F6 65
1785248332986,16:18:53.285,00 00 00 00 00 00 00 00 18 00 42 00 00 A2 EF 00 A7 2F 00 00 AF 80 46 00 00 00 00 00 40 00 38 2C 16 2C 14 44 44 15 80 C8 AB 60 9D 5E 54 66 09 7A 74 66 6F 0D 4D 26 40 24 31 35 A1 3A 2C 00 00 56 09 17 F6 65
1785248333488,16:18:53.797,00 00 00 00 00 00 00 00 18 00 42 00 00 A2 EF 00 A7 2F 00 00 AF 80 46 00 00 00 00 00 40 00 38 2B F4 2C 02 44 44 16 7F BC AB 60 9D 5E 54 6A 09 6E 80 67 6F 0D 4C 26 40 23 32 35 A4 39 2C 00 00 56 09 17 F6 65
1785248333990,16:18:54.291,00 00 00 00 00 00 00 00 18 00 42 00 00 A2 EF 00 A7 2F 00 00 AF 80 46 00 00 00 00 00 40 00 39 2C 5B 2C 39 44 44 16 80 74 AB 60 9D 5E 54 6F 09 49 77 66 6F 0D 4D 26 40 24 31 34 A6 3A 2C 00 00 56 09 17 F6 65
1785248334491,16:18:54.778,00 00 00 00 00 00 00 00 18 00 42 00 00 A2 EF 00 A7 2F 00 00 AF 80 46 00 00 00 00 00 40 00 39 2C BA 2C D5 44 44 16 81 04 AB 60 9D 5E 54 73 09 4E 82 67 6F 0D 4D 26 40 24 32 34 A8 39 2C 00 00 56 09 18 F6 65
1785248334992,16:18:55.291,00 00 00 00 00 00 00 00 18 00 42 00 00 A2 EF 00 A7 2F 00 00 AF 80 46 00 00 00 00 00 40 00 38 2D 12 2C F6 44 44 16 7F E0 AA 60 9D 5E 54 84 09 2A 7A 68 6F 0D 4D 26 40 24 32 33 AA 39 2C 00 00 56 09 18 F6 65
1785248335493,16:18:55.790,00 00 00 00 00 00 00 00 18 00 42 00 00 A2 EF 00 A7 2F 00 00 AF 80 46 00 00 00 00 00 40 00 38 2D 59 2D 3D 44 44 16 80 40 AA 60 9D 5E 54 86 09 18 77 68 6F 0D 4D 26 40 24 33 33 AB 3A 2C 00 00 56 09 18 F6 65
1785248335994,16:18:56.289,00 00 00 00 00 00 00 00 18 00 42 00 00 A2 EF 00 A7 2F 00 00 AF 80 46 00 00 00 00 00 40 00 39 2D 36 2D 42 44 44 16 80 A0 AA 60 9D 5E 54 6F 08 EC 77 68 6F 0D 4D 26 40 23 34 33 AC 39 2C 00 00 56 09 18 F6 65
1785248336495,16:18:56.792,00 00 00 00 00 00 00 00 18 00 42 00 00 A2 EF 00 A7 2F 00 00 AF 80 46 00 00 00 00 00 40 00 39 2D BD 2D E6 44 44 17 80 64 AA 60 9D 5E 54 5E 08 EF 81 67 6F 0D 4D 26 40 24 34 33 AD 39 2C 00 00 56 08 18 F6 65
1785248336996,16:18:57.270,00 00 00 00 00 00 00 00 18 00 42 00 00 A2 EF 00 A7 2F 00 00 AF 80 46 00 00 00 00 00 40 00 38 2D BD 2D 9E 44 44 16 7F F8 AA 60 9D 5E 54 87 08 E0 74 64 6F 0D 4C 26 40 23 35 34 AE 39 2C 00 00 56 08 18 F6 65
1785248337497,16:18:57.795,00 00 00 00 00 00 00 00 18 00 42 00 00 A2 EF 00 A7 2F 00 00 AF 80 46 00 00 00 00 00 40 00 38 2E 10 2E 13 44 44 17 80 68 AA 61 9D 5E 54 6B 08 D8 76 68 6F 0D 4C 26 40 23 35 34 AD 39 2C 00 00 56 08 18 F6 65
1785248337997,16:18:58.294,00 00 00 00 00 00 00 00 18 00 42 00 00 A2 EF 00 A7 2F 00 00 AF 80 46 00 00 00 00 00 40 00 39 2D C6 2D B6 44 44 17 7F 98 AA 61 9D 5E 54 89 08 D8 79 64 6F 0D 4D 26 40 25 34 33 AA 3A 2C 00 00 56 09 18 F6 65
1785248338498,16:18:58.792,00 00 00 00 00 00 00 00 18 00 42 00 00 A2 EF 00 A7 2F 00 00 AF 80 46 00 00 00 00 00 40 00 39 2D 99 2D A9 44 44 17 80 2C A9 61 9D 5E 54 66 08 ED 72 66 6F 0D 4C 26 40 23 35 35 AC 3A 2C 00 00 56 08 18 F6 65
1785248338999,16:18:59.269,00 00 00 00 00 00 00 00 18 00 42 00 00 A2 EF 00 A7 2F 00 00 AF 80 46 00 00 00 00 00 40 00 39 2E 19 2E 1F 44 44 17 81 04 A9 61 9D 5E 54 87 08 DD 7F 66 6E 0D 4B 26 40 21 39 38 B1 3A 2C 00 00 56 08 18 F6 65
1785248339501,16:18:59.797,00 00 00 00 00 00 00 00 18 00 42 00 00 A2 EF 00 A7 2F 00 00 AF 80 46 00 00 00 00 00 40 00 39 2D 99 2D 81 44 44 17 7F 64 A9 61 9D 5E 54 62 08 A7 71 65 6C 0D 49 24 40 1B 42 3E B1 3A 2C 00 00 56 06 18 F6 65
1785248340002,16:19:00.296,00 00 00 00 00 00 00 00 18 00 42 00 00 A2 EF 00 A7 2F 00 00 AF 80 46 00 00 00 00 00 40 00 38 2D 59 2D 78 44 44 16 7F 50 A9 61 9D 5E 54 87 0A 90 74 66 6A 0D 49 24 40 1A 4B 43 00 3A 2C 00 00 56 06 18 F6 65
1785248340503,16:19:00.821,00 00 00 00 00 00 00 00 18 00 42 00 00 A2 EF 00 A7 2F 00 00 AF 80 46 00 00 00 00 00 40 00 38 2D 2D 2D 2D 44 44 16 7F CC A9 61 9D 5E 54 90 0B BA 77 67 68 0D 47 24 40 16 4B 43 00 3A 2C 00 00 56 05 18 F5 65
1785248341004,16:19:01.319,00 00 00 00 00 00 00 00 18 00 42 00 00 A2 EF 00 A7 2F 00 00 AF 80 46 00 00 00 00 00 40 00 38 2D 24 2D 07 44 44 16 80 14 A9 61 9E 5E 54 81 0C 1C 7B 68 68 0D 47 23 40 14 4B 43 00 3A 2C 00 00 56 04 18 F6 65
1785248341505,16:19:01.820,00 00 00 00 00 00 00 00 18 00 42 00 00 A2 EF 00 A7 2F 00 00 AF 80 46 00 00 00 00 00 40 00 38 29 AC 29 A6 44 44 16 7F 64 A8 61 9E 5E 54 73 0B FF 7A 67 64 0D 41 21 40 08 4B 43 00 3A 2C 00 00 56 00 17 F5 65
1785248342007,16:19:02.305,00 00 00 00 00 00 00 00 18 00 42 00 00 A2 EF 00 A7 2F 00 00 AF 00 46 00 00 00 00 00 40 00 38 29 2D 29 0F 44 44 14 7D AC A8 61 9E 5E 54 8C 0B 6F 72 66 64 0D 43 21 40 08 4B 43 00 3A 2C 00 00 56 00 11 F5 65
1785248342508,16:19:02.806,00 00 00 00 00 00 00 00 18 00 42 00 00 A2 EF 00 A7 2F 00 00 AF 80 46 00 00 00 00 00 00 00 38 26 4B 26 58 44 44 14 7D 04 A8 61 9E 5D 54 7D 0A FA 7E 66 66 0D 46 23 40 12 4B 43 6C 3A 2C 00 00 56 06 17 F5 65
1785248343009,16:19:03.282,00 00 00 00 00 00 00 00 18 00 42 00 00 A2 EF 00 A7 2F 00 00 AF 80 46 00 00 00 00 00 00 00 38 29 DA 2A 33 44 44 14 7F 88 A8 61 9E 5D 54 84 09 A3 7F 66 6B 0D 4A 25 40 1B 3B 46 BE 3A 2C 00 00 56 07 17 F5 65
1785248343510,16:19:03.796,00 00 00 00 00 00 00 00 18 00 42 00 00 A2 EF 00 A7 2F 00 00 AF 80 46 00 00 00 00 00 40 00 38 28 6F 28 67 44 44 14 81 00 A8 61 9E 5D 54 68 08 0C 7F 67 6A 0D 4A 25 40 1B 39 39 B9 39 2C 00 00 58 08 17 F5 65
1785248344012,16:19:04.310,00 00 00 00 00 00 00 00 18 00 42 00 00 A2 EF 00 A7 2F 00 00 AF 80 46 00 00 00 00 00 40 00 38 29 DA 29 C9 44 44 15 80 B8 A8 61 9E 5D 54 88 07 8A 7A 66 6C 0D 4A 25 40 1E 36 31 B5 39 2C 00 00 58 08 17 F5 65
1785248344513,16:19:04.809,00 00 00 00 00 00 00 00 18 00 42 00 00 A2 EF 00 A7 2F 00 00 AF 80 46 00 00 00 00 00 40 00 38 2A 5D 2A 88 44 44 15 80 90 A7 61 9E 5D 54 65 07 9A 71 65 6C 0D 4A 25 40 1D 39 33 B6 39 2C 00 00 58 08 17 F6 65
1785248345014,16:19:05.313,00 00 00 00 00 00 00 00 18 00 42 00 00 A2 EF 00 A7 2F 00 00 AF 80 46 00 00 00 00 00 40 00 38 2A 46 2A 39 44 44 15 7F EC A7 62 9D 5D 54 7F 07 B7 76 66 6C 0D 4A 25 40 1D 39 34 B2 39 2C 00 00 56 08 17 F6 65
1785248345515,16:19:05.807,00 00 00 00 00 00 00 00 18 00 42 00 00 A2 EF 00 A7 2F 00 00 AF 80 46 00 00 00 00 00 40 00 38 2B 1D 2B 1D 44 44 15 80 6C A7 62 9E 5E 54 7B 07 CC 70 65 6B 0D 47 23 40 19 46 3D B4 39 2C 00 00 58 07 17 F6 65
1785248346015,16:19:06.303,00 00 00 00 00 00 00 00 18 00 42 00 00 A2 EF 00 A7 2F 00 00 AF 80 46 00 00 00 00 00 40 00 38 27 89 27 37 44 44 15 80 74 A7 62 9D 5E 54 86 09 4C 79 65 64 0D 3D 1E 40 03 46 3D 00 3A 2C 00 00 58 FF 17 F6 65
1785248346516,16:19:06.817,00 00 00 00 00 00 00 00 18 00 42 00 00 A2 EF 00 A7 2F 00 00 AF 01 46 09 00 00 00 00 00 00 38 27 1D 27 0E 44 44 13 7C DC A7 62 9E 5E 54 79 0A 19 7C 65 64 0D 32 19 40 00 46 3D 00 3A 2C 00 00 56 FF 10 F5 65
1785248347017,16:19:07.316,00 00 00 00 00 00 00 00 18 00 42 00 00 A2 EF 00 A7 2F 00 00 AF 81 46 09 00 00 00 00 00 00 38 24 09 24 30 44 44 12 7C 50 A6 62 9E 5E 54 85 09 CD 76 65 65 0D 32 19 40 00 46 3D 00 3A 2C 00 00 58 02 16 F5 65
1785248347518,16:19:07.819,00 00 00 00 00 00 00 00 18 00 42 00 00 A2 EF 00 A7 2F 00 00 AF 81 46 09 00 00 00 00 00 00 38 21 ED 21 EB 44 44 11 7D B4 A6 62 9E 5E 54 6E 09 61 72 65 64 0D 34 1A 40 00 46 3D 00 3A 2C 00 00 58 05 16 F5 65
1785248348019,16:19:08.320,00 00 00 00 00 00 00 00 18 00 42 00 00 A2 EF 00 A7 2F 00 00 AF 80 46 08 00 00 00 00 00 00 38 20 C0 20 9F 44 44 10 7E CC A6 62 9E 5E 54 82 09 15 72 65 64 0D 41 20 40 03 46 3D 00 3A 2C 00 00 58 07 16 F6 65
1785248348520,16:19:08.817,00 00 00 00 00 00 00 00 18 00 42 00 00 A2 EF 00 A7 2F 00 00 AF 80 46 00 00 00 00 00 00 00 38 1E 84 1E AE 44 44 10 7F 58 A6 62 9D 5E 54 82 08 C8 7D 66 66 0D 4B 25 40 1E 46 3D 00 39 2C 00 00 58 10 17 F6 65
1785248349022,16:19:09.319,00 00 00 00 00 00 00 00 18 00 42 00 00 A2 EF 00 A7 2F 00 00 AF 80 46 00 00 00 00 00 00 00 39 21 07 21 12 44 44 10 80 5C A6 62 9E 5E 54 67 08 C2 73 66 67 0D 4A 25 40 1D 46 3D 00 3A 2C 00 00 58 0E 16 F6 65
1785248349523,16:19:09.818,00 00 00 00 00 00 00 00 18 00 42 00 00 A2 EF 00 A7 2F 00 00 AF 80 46 00 00 00 00 00 00 00 39 20 91 20 8D 44 44 10 80 EC A5 62 9E 5E 54 7E 08 CA 74 66 67 0D 4A 25 40 1C 46 3D 00 39 2C 00 00 58 0E 16 F5 65
1785248350024,16:19:10.321,00 00 00 00 00 00 00 00 18 00 42 00 00 A2 EF 00 A7 2F 00 00 AF 80 46 00 00 00 00 00 00 00 39 20 96 20 8C 44 44 10 7F 70 A5 62 9E 5E 54 82 08 D2 77 66 67 0D 49 24 40 1B 46 3D 75 39 2C 00 00 58 0D 16 F5 65
1785248350525,16:19:10.800,00 00 00 00 00 00 00 00 18 00 42 00 00 A2 EF 00 A7 2F 00 00 AF 80 46 00 00 00 00 00 00 00 39 20 B2 20 93 44 44 10 7F 64 A5 62 9E 5E 54 63 08 C7 7C 66 66 0D 46 23 40 15 46 3D 76 39 2C 00 00 58 0B 16 F6 65
1785248351026,16:19:11.321,00 00 00 00 00 00 00 00 18 00 42 00 00 A2 EF 00 A7 2F 00 00 AF 80 46 00 00 00 00 00 00 00 39 1F EE 20 7B 44 44 10 7F 2C A5 62 9E 5E 54 69 08 9C 74 66 65 0D 47 24 40 14 46 3D 72 3A 2C 00 00 58 0B 16 F5 65
1785248351527,16:19:11.820,00 00 00 00 00 00 00 00 18 00 42 00 00 A2 EF 00 A7 2F 00 00 AF 80 46 00 00 00 00 00 00 00 39 20 9B 20 32 44 44 10 80 FC A5 62 9E 5E 54 65 08 B1 7D 66 66 0D 47 23 40 13 46 3D 76 3A 2C 00 00 58 0B 16 F5 65
1785248352029,16:19:12.348,00 00 00 00 00 00 00 00 18 00 42 00 00 A2 EF 00 A7 2F 00 00 AF 80 46 00 00 00 00 00 00 00 39 20 8D 20 C0 44 44 10 80 18 A5 64 9E 5E 54 6B 08 BC 7C 66 67 0D 4B 25 40 1D 46 3D 74 3A 2C 00 00 58 0E 16 F5 65
1785248352531,16:19:12.826,00 00 00 00 00 00 00 00 18 00 42 00 00 A2 EF 00 A7 2F 00 00 AF 80 46 00 00 00 00 00 00 00 39 21 AC 21 F7 44 44 11 80 FC A4 64 9E 5E 54 6D 08 F8 7D 66 6A 0D 4F 28 40 29 46 3D 82 39 2C 00 00 58 11 17 F6 65
1785248353032,16:19:13.326,00 00 00 00 00 00 00 00 18 00 42 00 00 A2 EF 00 A7 2F 00 00 AF 80 46 00 00 00 00 00 00 00 38 24 09 23 BE 44 44 12 82 0C A4 64 9E 5E 54 82 09 3D 7F 67 6B 0D 4F 27 40 2A 46 3D 9E 39 2C 00 00 58 0F 16 F6 65
1785248353532,16:19:13.833,00 00 00 00 00 00 00 00 18 00 42 00 00 A2 EF 00 A7 2F 00 00 AF 80 46 00 00 00 00 00 00 00 38 26 4B 26 57 44 44 13 81 F8 A4 64 9E 5E 54 80 08 FF 75 67 6B 0D 4E 27 40 27 1F 29 AE 39 2C 00 00 58 0D 16 F5 65
1785248354033,16:19:14.329,00 00 00 00 00 00 00 00 18 00 42 00 00 A2 EF 00 A7 2F 00 00 AF 80 46 00 00 00 00 00 00 00 38 28 21 28 3B 44 44 13 82 10 A4 64 9D 5E 54 89 08 97 83 67 6B 0D 4A 25 40 1E 30 32 B1 39 2C 00 00 58 09 16 F6 65
1785248354533,16:19:14.826,00 00 00 00 00 00 00 00 18 00 42 00 00 A2 EF 00 A7 2F 00 00 AF 80 46 00 00 00 00 00 00 00 38 27 DC 27 CC 44 44 14 80 CC A4 64 9D 5E 54 70 08 37 71 66 68 0D 45 22 40 12 46 44 BF 39 2C 00 00 58 06 16 F5 65
1785248355035,16:19:15.317,00 00 00 00 00 00 00 00 18 00 42 00 00 A2 EF 00 A7 2F 00 00 AF 80 46 00 00 00 00 00 00 00 38 28 29 28 35 44 44 14 7F E4 A4 64 9D 5E 54 74 07 B0 71 66 66 0D 45 23 40 10 46 44 BC 3A 2C 00 00 58 04 16 F6 65
1785248355536,16:19:15.813,00 00 00 00 00 00 00 00 18 00 42 00 00 A2 EF 00 A7 2F 00 00 AF 80 46 00 00 00 00 00 00 00 38 26 12 25 E7 44 44 13 7F A8 A4 64 9D 5E 54 57 07 35 71 65 66 0D 46 23 40 11 46 44 BF 3A 2C 00 00 58 05 16 F5 65
1785248356038,16:19:16.336,00 00 00 00 00 00 00 00 18 00 42 00 00 A2 EF 00 A7 2F 00 00 AF 80 46 00 00 00 00 00 00 00 38 27 38 27 9D 44 44 13 7F 04 A3 64 9D 5E 54 76 06 F9 7D 65 66 0D 45 22 40 10 46 44 C1 3A 2C 00 00 58 05 16 F6 65
1785248356539,16:19:16.834,00 00 00 00 00 00 00 00 18 00 42 00 00 A2 EF 00 A7 2F 00 00 AF 80 46 00 00 00 00 00 00 00 38 26 38 26 73 44 44 13 7F 38 A3 64 9D 5E 54 78 07 0B 7D 65 65 0D 44 22 40 0D 46 44 B7 3A 2C 00 00 58 04 16 F5 65
1785248357040,16:19:17.339,00 00 00 00 00 00 00 00 18 00 42 00 00 A2 EF 00 A7 2F 00 00 AF 80 46 00 00 00 00 00 00 00 38 23 31 23 4B 44 44 12 7E 9C A3 64 9D 5E 54 5A 07 64 78 65 65 0D 44 22 40 0D 46 44 A9 3A 2C 00 00 58 06 16 F6 65
1785248357541,16:19:17.819,00 00 00 00 00 00 00 00 18 00 42 00 00 A2 EF 00 A7 2F 00 00 AF 80 46 00 00 00 00 00 00 00 38 23 4C 23 66 44 44 12 7F 44 A3 64 9D 5E 54 65 08 11 7A 65 66 0D 46 23 40 11 46 44 9B 3A 2C 00 00 58 08 16 F5 65
1785248358042,16:19:18.327,00 00 00 00 00 00 00 00 18 00 42 00 00 A2 EF 00 A7 2F 00 00 AF 80 46 00 00 00 00 00 00 00 38 23 0B 23 16 44 44 11 7F 08 A3 64 9D 5E 54 83 08 7A 71 65 67 0D 48 24 40 18 46 44 8C 3A 2C 00 00 58 0A 16 F6 65
1785248358543,16:19:18.840,00 00 00 00 00 00 00 00 18 00 42 00 00 A2 EF 00 A7 2F 00 00 AF 80 46 00 00 00 00 00 00 00 38 23 A4 23 BA 44 44 11 80 AC A3 64 9D 5E 54 85 08 D5 7D 66 68 0D 49 24 40 1A 46 44 95 3A 2C 00 00 58 0A 16 F5 65
1785248359045,16:19:19.340,00 00 00 00 00 00 00 00 18 00 42 00 00 A2 EF 00 A7 2F 00 00 AF 80 46 00 00 00 00 00 00 00 38 24 A4 24 9E 44 44 12 80 A8 A2 64 9D 5E 54 78 08 F1 72 65 69 0D 4B 25 40 20 46 44 9D 39 2C 00 00 58 0C 16 F6 65
1785248359546,16:19:19.844,00 00 00 00 00 00 00 00 18 00 42 00 00 A2 EF 00 A7 2F 00 00 AF 80 46 00 00 00 00 00 00 00 38 24 5E 24 37 44 44 12 81 78 A2 65 9D 5E 54 80 08 A2 7F 66 67 0D 47 24 40 16 31 37 A2 3A 2C 00 00 58 08 16 F5 65
1785248360047,16:19:20.323,00 00 00 00 00 00 00 00 18 00 42 00 00 A2 EF 00 A7 2F 00 00 AF 80 46 00 00 00 00 00 00 00 39 25 A8 25 A3 44 44 12 7F 2C A2 65 9D 5E 54 80 08 45 80 66 66 0D 47 23 40 14 4B 4A B8 3A 2C 00 00 58 07 16 F5 65
1785248360549,16:19:20.827,00 00 00 00 00 00 00 00 18 00 42 00 00 A2 EF 00 A7 2F 00 00 AF 80 46 00 00 00 00 00 00 00 39 24 7B 24 81 44 44 12 7E CC A2 65 9D 5E 54 5D 07 F1 7A 65 67 0D 48 24 40 17 4B 4A 9E 3A 2C 00 00 58 09 16 F6 65
1785248361050,16:19:21.325,00 00 00 00 00 00 00 00 18 00 42 00 00 A2 EF 00 A7 2F 00 00 AF 80 46 00 00 00 00 00 00 00 39 24 81 24 B9 44 44 12 7F A4 A2 65 9D 5E 54 82 08 5A 7D 65 67 0D 49 24 40 1A 4B 4A A1 3A 2C 00 00 58 0A 16 F5 65
1785248361551,16:19:21.847,00 00 00 00 00 00 00 00 18 00 42 00 00 A2 EF 00 A7 2F 00 00 AF 80 46 00 00 00 00 00 00 00 39 24 BC 24 B0 44 44 12 80 E8 A2 65 9D 5E 54 7D 08 3F 71 65 67 0D 48 24 40 18 4B 4A AE 3A 2C 00 00 58 09 16 F6 65
1785248362052,16:19:22.332,00 00 00 00 00 00 00 00 18 00 42 00 00 A2 EF 00 A7 2F 00 00 AF 80 46 00 00 00 00 00 00 00 39 25 83 25 81 44 44 12 80 94 A1 65 9D 5E 54 78 08 01 71 65 67 0D 48 24 40 16 3D 3F B3 3A 2C 00 00 58 08 16 F6 65
1785248362554,16:19:22.832,00 00 00 00 00 00 00 00 18 00 42 00 00 A2 EF 00 A7 2F 00 00 AF 80 46 00 00 00 00 00 00 00 39 25 0F 25 01 44 44 12 80 40 A1 65 9D 5E 54 79 07 A8 7F 65 67 0D 49 24 40 19 3D 3F AB 3A 2C 00 00 58 09 16 F5 65
1785248363055,16:19:23.356,00 00 00 00 00 00 00 00 18 00 42 00 00 A2 EF 00 A7 2F 00 00 AF 80 46 00 00 00 00 00 00 00 39 24 DF 24 EB 44 44 12 7F E4 A1 65 9D 5E 54 5B 07 C1 70 65 67 0D 47 23 40 16 3D 3F AE 39 2C 00 00 58 08 16 F5 65
1785248363556,16:19:23.843,00 00 00 00 00 00 00 00 18 00 42 00 00 A2 EF 00 A7 2F 00 00 AF 81 46 09 00 00 00 00 00 00 39 22 DB 22 A8 44 44 12 7F 7C A1 65 9D 5E 54 85 08 30 7C 65 65 0D 32 19 40 00 3D 3F 00 3A 2C 00 00 58 04 16 F6 65
1785248364057,16:19:24.359,00 00 00 00 00 00 00 00 18 00 42 00 00 A2 EF 00 A7 2F 00 00 AF 81 46 09 00 00 00 00 00 00 38 22 53 22 32 44 44 11 7E 70 A1 65 9D 5E 54 7F 08 E7 7D 65 64 0D 32 19 40 00 3D 3F 00 3A 2C 00 00 58 04 16 F6 65
1785248364558,16:19:24.855,00 00 00 00 00 00 00 00 18 00 42 00 00 A2 EF 00 A7 2F 00 00 AF 81 46 09 00 00 00 00 00 00 38 20 F9 20 E5 44 44 11 7E 1C A0 65 9D 5E 54 81 08 E2 7D 65 64 0D 32 19 40 00 3D 3F 00 3A 2C 00 00 58 06 16 F6 65
1785248365059,16:19:25.360,00 00 00 00 00 00 00 00 18 00 42 00 00 A2 EF 00 A7 2F 00 00 AF 81 46 09 00 00 00 00 00 00 38 1F 2A 1F 18 44 44 10 7F 80 A0 65 9D 5E 54 7F 08 89 72 65 64 0D 32 19 40 00 3D 3F 00 3A 2C 00 00 58 09 16 F5 65
1785248365561,16:19:25.861,00 00 00 00 00 00 00 00 18 00 42 00 00 A2 EF 00 A7 2F 00 00 AF 81 46 09 00 00 00 00 00 00 38 1D 31 1D 37 44 44 10 7F 1C A0 65 9D 5E 54 7B 08 3D 7C 66 64 0D 3E 1F 40 00 3D 3F 00 3A 2C 00 00 58 0B 15 F5 65
1785248366062,16:19:26.358,00 00 00 00 00 00 00 00 18 00 42 00 00 A2 EF 00 A7 2F 00 00 AF 80 46 00 00 00 00 00 00 00 39 1C EF 1C 96 44 44 10 7F 08 A0 65 9D 5E 54 74 08 04 7C 66 65 0D 45 22 40 0E 3D 3F 67 3A 2C 00 00 58 0D 15 F6 65
1785248366563,16:19:26.838,00 00 00 00 00 00 00 00 18 00 42 00 00 A2 EF 00 A7 2F 00 00 AF 80 46 00 00 00 00 00 00 00 39 1D 7D 1D 6E 44 44 0F 7F C0 A0 65 9D 5E 54 67 07 D7 75 65 65 0D 44 22 40 0F 3D 3F 67 3A 2C 00 00 58 0D 15 F5 65
1785248367064,16:19:27.361,00 00 00 00 00 00 00 00 18 00 42 00 00 A2 EF 00 A7 2F 00 00 AF 80 46 00 00 00 00 00 00 00 38 1D 05 1D 3F 44 44 10 80 9C A0 66 9D 5E 54 7F 07 DD 77 66 65 0D 46 23 40 11 3D 3F 67 3A 2C 00 00 58 0E 15 F6 65
1785248367564,16:19:27.880,00 00 00 00 00 00 00 00 18 00 42 00 00 A2 EF 00 A7 2F 00 00 AF 80 46 00 00 00 00 00 00 00 38 1E 5C 1E 94 44 44 10 7F E8 9F 66 9D 5E 54 81 07 F8 7B 66 66 0D 47 24 40 15 3D 3F 67 3A 2C 00 00 58 0D 16 F5 65
1785248368065,16:19:28.360,00 00 00 00 00 00 00 00 18 00 42 00 00 A2 EF 00 A7 2F 00 00 AF 80 46 00 00 00 00 00 00 00 39 1E EF 1F 82 44 44 10 80 E4 9F 66 9D 5E 54 6E 08 3F 7B 66 66 0D 4C 26 40 1D 3D 3F 67 39 2C 00 00 58 0F 16 F5 65
1785248368566,16:19:28.859,00 00 00 00 00 00 00 00 18 00 42 00 00 A2 EF 00 A7 2F 00 00 AF 80 46 00 00 00 00 00 00 00 39 21 63 21 47 44 44 10 80 3C 9F 66 9D 5E 54 67 08 9A 75 66 69 0D 4E 27 40 28 3D 3F 7F 39 2C 00 00 58 11 17 F6 65
1785248369067,16:19:29.343,00 00 00 00 00 00 00 00 18 00 42 00 00 A2 EF 00 A7 2F 00 00 AF 80 46 00 00 00 00 00 00 00 39 23 A4 24 15 44 44 11 81 10 9F 66 9E 5E 54 86 09 1D 74 66 6A 0D 4E 27 40 27 3D 3F 95 39 2C 00 00 58 0F 16 F6 65
1785248369568,16:19:29.883,00 00 00 00 00 00 00 00 18 00 42 00 00 A2 EF 00 A7 2F 00 00 AF 80 46 00 00 00 00 00 00 00 39 25 F9 25 E2 44 44 12 82 D8 9F 66 9E 5E 54 85 09 12 81 67 6A 0D 4C 26 40 22 27 30 AC 39 2C 00 00 58 0B 16 F6 65
1785248370069,16:19:30.369,00 00 00 00 00 00 00 00 18 00 42 00 00 A2 EF 00 A7 2F 00 00 AF 80 46 00 00 00 00 00 00 00 39 28 29 28 06 44 44 13 82 54 9F 66 9E 5E 54 7B 08 AE 83 67 68 0D 47 23 40 15 4A 4A C0 39 2C 00 00 58 06 16 F6 65
1785248370571,16:19:30.864,00 00 00 00 00 00 00 00 18 00 42 00 00 A2 EF 00 A7 2F 00 00 AF 80 46 00 00 00 00 00 00 00 39 27 E9 27 FA 44 44 13 80 AC 9F 66 9E 5E 54 78 07 D5 7E 66 67 0D 46 23 40 13 52 49 BE 3A 2C 00 00 58 06 16 F5 65
1785248371072,16:19:31.366,00 00 00 00 00 00 00 00 18 00 42 00 00 A2 EF 00 A7 2F 00 00 AF 80 46 00 00 00 00 00 00 00 38 26 52 26 1C 44 44 13 80 70 9E 66 9E 5E 54 78 07 64 77 65 65 0D 43 21 40 0C 52 49 B3 3A 2C 00 00 58 04 16 F6 65
1785248371573,16:19:31.869,00 00 00 00 00 00 00 00 18 00 42 00 00 A2 EF 00 A7 2F 00 00 AF 80 46 00 00 00 00 01 20 00 38 23 46 23 52 44 44 13 7F 48 9E 66 9E 5E 54 64 07 A1 78 65 65 0D 40 20 40 06 52 49 97 3A 2C 00 00 58 03 16 F5 65
1785248372075,16:19:32.348,00 00 00 00 00 00 00 00 18 00 42 00 00 A2 EF 00 A7 2F 00 00 AF 80 46 00 00 00 00 01 20 00 39 22 67 22 3F 44 44 12 7E 64 9E 66 9E 5E 54 71 08 95 71 65 64 0D 3E 1F 40 02 52 49 86 3A 2C 00 00 58 03 16 F6 65
1785248372577,16:19:32.874,00 00 00 00 00 00 00 00 18 00 42 00 00 A2 EF 00 A7 2F 00 00 AF 81 46 09 00 00 00 01 20 00 39 20 C5 20 ED 44 44 10 7D 14 9E 66 9E 5E 54 63 08 CA 7C 65 64 0D 32 19 40 00 52 49 00 3A 2C 00 00 58 05 16 F6 65
1785248373078,16:19:33.371,00 00 00 00 00 00 00 00 18 00 42 00 00 A2 EF 00 A7 2F 00 00 AF 81 46 09 00 00 00 01 20 00 39 1F 55 1E D7 44 44 0F 7E 14 9E 66 9E 5E 54 64 08 9B 76 65 64 0D 32 19 40 00 52 49 00 3A 2C 00 00 58 07 16 F5 65
1785248373579,16:19:33.873,00 00 00 00 00 00 00 00 18 00 42 00 00 A2 EF 00 A7 2F 00 00 AF 81 46 09 00 00 00 01 38 00 39 1D FC 1D 82 44 44 0F 7E A8 9E 66 9E 5E 54 67 08 49 7C 65 64 0D 32 19 40 00 52 49 00 3A 2C 00 00 58 09 15 F6 65
1785248374080,16:19:34.376,00 00 00 00 00 00 00 00 18 00 42 00 00 A2 EF 00 A7 2F 00 00 AF 81 46 09 00 00 00 01 38 00 39 1F 3B 1F 5A 44 44 0E 7E 5C 9D 66 9E 5E 54 80 08 67 7B 65 64 0D 32 19 40 00 52 49 00 3A 2C 00 00 58 07 16 F5 65
1785248374581,16:19:34.865,00 00 00 00 00 00 00 00 18 00 42 00 00 A2 EF 00 A7 2F 00 00 AF 81 46 09 00 00 00 01 38 00 39 1F 40 1F 46 44 44 0B 7B 78 9D 66 9E 5E 54 7D 08 56 7B 65 64 0D 32 19 40 00 52 49 00 3A 2C 00 00 58 07 16 F5 65
1785248375084,16:19:35.397,00 00 00 00 00 00 00 00 18 00 42 00 00 A2 EF 00 A7 2F 00 00 AF 81 46 09 00 00 00 01 38 00 38 1F 55 1F B7 44 44 08 7A 24 9D 68 9E 5E 54 7F 08 63 72 65 64 0D 32 19 40 00 52 49 00 3A 2C 00 00 58 06 16 F5 65
1785248375586,16:19:35.884,00 00 00 00 00 00 00 00 18 00 42 00 00 A2 EF 00 A7 2F 00 00 AF 81 46 09 00 00 00 01 38 00 38 1F 96 1F 95 44 44 06 7B E8 9D 68 9E 5E 54 63 08 59 72 65 64 0D 32 19 40 00 52 49 00 3A 2C 00 00 58 06 16 F5 65
1785248376087,16:19:36.383,00 00 00 00 00 00 00 00 18 00 42 00 00 A2 EF 00 A7 2F 00 00 AF 81 46 09 00 00 00 01 20 00 39 1F AC 1F 56 44 44 04 7B 8C 9D 68 9D 5E 54 76 08 6E 7C 65 64 0D 32 19 40 00 52 49 00 3A 2C 00 00 58 06 16 F5 65
1785248376588,16:19:36.887,00 00 00 00 00 00 00 00 18 00 42 00 00 A2 EF 00 A7 2F 00 00 AF 81 46 09 00 00 00 01 20 00 39 1F 62 1F 70 44 44 03 7D FC 9D 68 9E 5E 54 7F 08 72 7C 65 64 0D 32 19 40 00 52 49 00 3A 2C 00 00 58 06 16 F5 65
1785248377090,16:19:37.390,00 00 00 00 00 00 00 00 18 00 42 00 00 A2 EF 00 A7 2F 00 00 AF 81 46 09 00 00 00 01 20 00 39 18 40 17 D8 44 44 03 7E A4 9D 68 9E 5E 54 75 07 DB 75 64 64 0D 32 19 40 00 52 49 00 3A 2C 00 00 58 15 15 F5 65
1785248377590,16:19:37.865,00 00 00 00 00 00 00 00 18 00 42 00 00 A2 EF 00 A7 2F 00 00 AF 81 46 09 00 00 00 01 20 00 39 1D 84 1D 82 44 44 05 83 A8 9C 68 9E 5E 54 7A 07 78 7D 66 65 0D 32 19 40 00 52 49 00 3A 2C 00 00 58 0D 15 F5 65
1785248378091,16:19:38.376,00 00 00 00 00 00 00 00 18 00 42 00 00 A2 EF 00 A7 2F 00 00 AF 81 46 09 00 00 00 01 20 00 39 1E 4B 1E 47 44 44 06 82 54 9C 68 9D 5E 54 7C 07 FA 7B 66 65 0D 32 19 40 00 52 49 00 3A 2C 00 00 58 0B 15 F5 65
1785248378607,16:19:38.905,00 00 00 00 00 00 00 00 18 00 42 00 00 A2 EF 00 A7 2F 00 00 AF 81 46 09 00 00 00 01 20 00 39 1C 8D 1C 9B 44 44 07 81 E4 9C 68 9D 5E 54 78 07 D0 74 66 65 0D 32 19 40 00 52 49 00 3A 2C 00 00 58 0E 15 F5 65
1785248379108,16:19:39.404,00 00 00 00 00 00 00 00 18 00 42 00 00 A2 EF 00 A7 2F 00 00 AF 81 46 09 00 00 00 01 20 00 39 1F A7 1F A3 44 44 08 82 18 9C 68 9D 5E 54 81 08 1D 79 66 65 0D 33 1A 40 00 52 49 00 3A 2C 00 00 58 09 16 F5 65
1785248379609,16:19:39.906,00 00 00 00 00 00 00 00 18 00 42 00 00 A2 EF 00 A7 2F 00 00 AF 80 46 00 00 00 00 01 20 00 39 22 2A 22 18 44 44 09 82 D8 9C 68 9D 5E 54 68 08 92 78 65 67 0D 57 2B 40 34 52 49 00 3A 2C 00 00 58 0D 16 F6 65
1785248380110,16:19:40.384,00 00 00 00 00 00 00 00 18 00 42 00 00 A2 EF 00 A7 2F 00 00 AF 80 46 00 00 00 00 01 20 00 39 2C 74 2C A4 44 44 0A 80 6C 9C 68 9E 5E 54 79 0A 28 76 66 79 0D 58 2C 40 41 17 1B 00 3A 2C 00 00 58 13 18 F5 65
1785248380611,16:19:40.892,00 00 00 00 00 00 00 00 18 00 42 00 00 A2 EF 00 A7 2F 00 00 AF 80 46 00 00 00 00 01 20 00 39 35 50 35 4F 44 44 0E 87 20 9B 68 9E 5E 54 98 0D 07 7E 69 6F 0D 32 19 40 11 31 3A 00 3A 2C 00 00 58 06 17 F5 65
1785248381113,16:19:41.387,00 00 00 00 00 00 00 00 18 00 42 00 00 A2 EF 00 A7 2F 00 00 AF 01 46 09 00 00 00 01 20 00 38 25 95 24 8F 44 44 10 85 6C 9B 68 9E 5E 54 7F 0C FA 84 6C 64 0D 32 19 40 00 31 3A 00 3A 2C 00 00 58 00 0F F5 65
1785248381613,16:19:41.908,00 00 00 00 00 00 00 00 18 00 42 00 00 A2 EF 00 A7 2F 00 00 AF 80 46 00 00 00 00 01 20 00 38 1F 04 1F 05 44 44 10 80 10 9B 68 9E 5D 54 82 0A 0B 7E 6A 64 0D 49 24 40 13 31 3A 67 3A 2C 00 00 58 0B 16 F6 65
1785248382113,16:19:42.427,00 00 00 00 00 00 00 00 18 00 42 00 00 A2 EF 00 A7 2F 00 00 AF 80 46 00 00 00 00 01 20 00 39 21 63 21 62 44 44 10 80 28 9B 68 9E 5D 54 70 09 34 79 68 6A 0D 51 28 40 2E 31 3A 00 3A 2C 00 00 58 12 18 F6 65
1785248382615,16:19:42.913,00 00 00 00 00 00 00 00 18 00 42 00 00 A2 EF 00 A7 2F 00 00 AF 80 46 00 00 00 00 01 20 00 39 26 1F 26 5A 44 44 12 82 5C 9B 68 9E 5D 54 8A 09 B1 7E 68 6E 0D 53 29 40 33 18 22 00 3A 2C 00 00 58 11 16 F5 65
1785248383117,16:19:43.422,00 00 00 00 00 00 00 00 18 00 42 00 00 A2 EF 00 A7 2F 00 00 AF 80 46 00 00 00 00 01 20 00 39 2A DC 2A E6 44 44 14 83 E0 9B 69 9E 5D 54 75 0A C4 82 69 73 0D 54 2A 40 37 19 23 00 3A 2C 00 00 58 10 17 F6 65
1785248383617,16:19:43.911,00 00 00 00 00 00 00 00 18 00 42 00 00 A2 EF 00 A7 2F 00 00 AF 80 46 00 00 00 00 01 60 00 39 2F FD 30 03 44 44 16 84 F0 9B 69 9E 5D 54 8A 0C 30 7F 6A 75 0D 54 2A 40 37 1D 29 B1 3A 2C 00 00 58 0E 17 F6 65
1785248384117,16:19:44.417,00 00 00 00 00 00 00 00 18 00 42 00 00 A2 EF 00 A7 2F 00 00 AF 80 46 00 00 00 00 01 60 00 39 34 2D 33 F0 44 44 18 84 A0 9A 69 9E 5D 54 6D 0A E5 8A 6D 7F 0D 5B 2D 40 43 1B 20 B6 3A 2C 00 00 58 10 17 F5 65
1785248384619,16:19:44.914,00 00 00 00 00 00 00 00 18 00 42 00 00 A2 EF 00 A7 2F 00 00 AF 90 46 00 00 00 00 01 60 00 39 38 64 38 5B 44 44 1A 83 94 9A 69 9E 5D 54 7C 0A CE 7F 6E 8E 0D 5F 2F 40 53 1A 15 A2 3A 2C 00 00 58 15 18 F5 65
1785248385119,16:19:45.405,00 00 00 00 00 00 00 00 18 00 42 00 00 A2 EF 00 A7 2F 00 00 AF 80 46 00 00 00 00 01 60 00 39 35 8F 35 78 44 44 1C 84 6C 9A 69 9E 5D 54 73 0B 8F 7D 6E 66 0D 32 19 40 01 2F 31 A9 3A 2C 00 00 58 00 18 F5 65
1785248385620,16:19:45.894,00 00 00 00 00 00 00 00 18 00 42 00 00 A2 EF 00 A7 2F 00 00 AF 81 46 09 00 00 00 01 60 00 39 22 F5 23 0D 44 44 1D 81 A0 9A 69 9E 5D 54 7A 0A E3 79 6B 64 0D 3A 1D 40 00 2F 31 00 3A 2C 00 00 58 02 16 F5 65
1785248386123,16:19:46.396,00 00 00 00 00 00 00 00 18 00 42 00 00 A2 EF 00 A7 2F 00 00 AF 80 46 00 00 00 00 01 60 00 39 27 53 25 C6 44 44 1D 7F CC 9A 69 9E 5D 54 59 0A 10 75 69 67 0D 47 23 40 13 2F 31 BC 3A 2C 00 00 58 06 15 F5 65
1785248386623,16:19:46.920,00 00 00 00 00 00 00 00 18 00 42 00 00 A2 EF 00 A7 2F 00 00 AF 80 46 00 00 00 00 00 40 00 39 28 05 27 7E 44 44 1D 80 04 9A 69 9E 5D 54 5F 08 95 79 67 6C 0D 4D 26 40 24 2F 31 AB 3A 2C 00 00 58 0B 16 F5 65
1785248387126,16:19:47.401,00 00 00 00 00 00 00 00 18 00 42 00 00 A2 EF 00 A7 2F 00 00 AF 80 46 00 00 00 00 00 40 00 39 29 61 29 76 44 44 1E 81 A0 9A 69 9E 5D 54 7E 08 4D 80 67 6F 0D 52 29 40 2E 1F 22 AF 3A 2C 00 00 58 0E 16 F5 65
1785248387627,16:19:47.904,00 00 00 00 00 00 00 00 18 00 42 00 00 A2 EF 00 A7 2F 00 00 AF 80 46 00 00 00 00 00 40 00 39 2B 46 2B 52 44 44 1F 82 98 99 69 9E 5D 54 6A 08 5F 74 66 71 0D 53 29 40 33 1B 1E B3 3A 2C 00 00 58 0F 16 F6 65
1785248388128,16:19:48.402,00 00 00 00 00 00 00 00 18 00 42 00 00 A2 EF 00 A7 2F 00 00 AF 80 46 00 00 00 00 00 40 00 39 2C EF 2C DF 44 44 21 82 E4 99 69 9E 5D 54 7D 08 9D 84 6A 73 0D 53 29 40 34 1D 1F B4 3A 2C 00 00 58 0E 16 F5 65
1785248388629,16:19:48.933,00 00 00 00 00 00 00 00 18 00 42 00 00 A2 EF 00 A7 2F 00 00 AF 80 46 00 00 00 00 00 40 00 39 2E E9 2E E1 44 44 22 82 C0 99 69 9E 5D 54 89 08 C9 77 66 73 0D 52 29 40 33 20 21 B5 3A 2C 00 00 58 0D 17 F6 65
1785248389129,16:19:49.427,00 00 00 00 00 00 00 00 18 00 42 00 00 A2 EF 00 A7 2F 00 00 AF 80 46 00 00 00 00 00 40 00 39 30 11 30 29 44 44 23 82 70 99 69 9E 5D 54 86 09 0D 75 65 73 0D 51 28 40 2F 28 26 B1 3A 2C 00 00 58 0B 17 F6 65
1785248389631,16:19:49.910,00 00 00 00 00 00 00 00 18 00 42 00 00 A2 EF 00 A7 2F 00 00 AF 80 46 00 00 00 00 00 40 00 39 30 FD 31 08 44 44 24 82 20 99 69 9E 5D 54 8B 09 59 76 68 72 0D 51 28 40 2F 2B 29 AE 3A 2C 00 00 58 0B 17 F5 65
1785248390132,16:19:50.456,00 00 00 00 00 00 00 00 18 00 42 00 00 A2 EF 00 A7 2F 00 00 AF 80 46 00 00 00 00 00 40 00 39 32 4B 32 1E 44 44 25 81 B4 99 69 9E 5D 54 84 09 9D 81 69 73 0D 51 28 40 2E 2D 2B AD 3A 2C 00 00 58 0A 17 F5 65
1785248390634,16:19:50.910,00 00 00 00 00 00 00 00 18 00 42 00 00 A2 EF 00 A7 2F 00 00 AF 80 46 00 00 00 00 00 40 00 39 33 37 33 3C 44 44 26 81 30 99 69 9E 5D 54 85 09 BE 80 68 73 0D 50 28 40 2E 2F 2D AF 3A 2C 00 00 58 0A 17 F5 65
1785248391134,16:19:51.440,00 00 00 00 00 00 00 00 18 00 42 00 00 A2 EF 00 A7 2F 00 00 AF 80 46 00 00 00 00 00 40 00 39 33 AB 33 73 44 44 26 81 00 98 69 9E 5D 54 6B 09 C1 75 68 71 0D 4E 27 40 29 36 34 BA 3A 2C 00 00 58 08 17 F6 65
1785248391635,16:19:51.936,00 00 00 00 00 00 00 00 18 00 42 00 00 A2 EF 00 A7 2F 00 00 AF 80 46 00 00 00 00 00 40 00 39 33 F1 33 DD 44 44 27 80 C8 98 6A 9E 5D 54 87 09 64 80 68 70 0D 4D 27 40 26 3E 39 BD 3A 2C 00 00 58 07 17 F6 65
1785248392135,16:19:52.433,00 00 00 00 00 00 00 00 18 00 42 00 00 A2 EF 00 A7 2F 00 00 AF 80 46 00 00 00 00 00 40 00 39 34 38 34 24 44 44 27 80 60 98 6A 9E 5D 54 7D 09 36 76 67 70 0D 4E 27 40 26 3E 37 B9 3A 2C 00 00 58 07 17 F6 65
1785248392636,16:19:52.933,00 00 00 00 00 00 00 00 18 00 42 00 00 A2 EF 00 A7 2F 00 00 AF 80 46 00 00 00 00 00 40 00 39 34 68 34 81 44 44 27 80 30 98 6A 9E 5D 54 6E 09 4A 73 66 6F 0D 4E 27 40 26 41 39 B3 3A 2C 00 00 58 07 17 F5 65
1785248393136,16:19:53.417,00 00 00 00 00 00 00 00 18 00 42 00 00 A2 EF 00 A7 2F 00 00 AF 80 46 00 00 00 00 00 40 00 39 34 8C 34 6E 44 44 27 80 1C 98 6A 9E 5D 54 83 09 6E 74 66 70 0D 4E 27 40 27 40 3A AF 3A 2C 00 00 58 07 17 F5 65
1785248393638,16:19:53.920,00 00 00 00 00 00 00 00 18 00 42 00 00 A2 EF 00 A7 2F 00 00 AF 80 46 00 00 00 00 00 40 00 39 34 B1 34 8C 44 44 27 80 4C 98 6A 9E 5D 54 84 09 A5 73 66 71 0D 4F 27 40 29 39 36 AE 3A 2C 00 00 58 08 17 F5 65
1785248394139,16:19:54.416,00 00 00 00 00 00 00 00 18 00 42 00 00 A2 EF 00 A7 2F 00 00 AF 80 46 00 00 00 00 00 40 00 39 34 BD 34 E8 44 44 27 80 08 97 6A 9E 5D 54 8B 09 F7 75 66 72 0D 4F 28 40 2B 36 34 A7 3A 2C 00 00 58 08 17 F6 65
1785248394639,16:19:54.941,00 00 00 00 00 00 00 00 18 00 42 00 00 A2 EF 00 A7 2F 00 00 AF 80 46 00 00 00 00 00 40 00 39 34 FA 35 16 44 44 27 80 74 97 6A 9E 5D 54 76 0A 59 76 67 73 0D 51 28 40 2D 35 34 A5 3A 2C 00 00 58 09 17 F6 65
1785248395141,16:19:55.441,00 00 00 00 00 00 00 00 18 00 42 00 00 A2 EF 00 A7 2F 00 00 AF 80 46 00 00 00 00 01 60 00 39 35 82 35 9B 44 44 28 80 94 97 6A 9E 5D 54 88 0B 2F 7F 68 7A 0D 54 2A 40 37 29 2A 98 3A 2C 00 00 58 0C 17 F6 65
1785248395643,16:19:55.943,00 00 00 00 00 00 00 00 18 00 42 00 00 A2 EF 00 A7 2F 00 00 AF 80 46 00 00 00 00 01 60 00 39 36 0D 35 E7 44 44 28 81 1C 97 6A 9E 5D 54 86 0C 37 7C 6A 7A 0D 54 2A 40 36 29 2E 9B 3A 2C 00 00 58 0B 17 F6 65
1785248396143,16:19:56.440,00 00 00 00 00 00 00 00 18 00 42 00 00 A2 EF 00 A7 2F 00 00 AF 80 46 00 00 00 00 01 60 00 39 36 A8 36 CD 44 44 29 81 1C 97 6A 9F 5D 54 8D 0C C4 87 6D 75 0D 47 23 40 26 2D 34 9E 3A 2C 00 00 58 08 17 F6 65
1785248396643,16:19:56.920,00 00 00 00 00 00 00 00 18 00 42 00 00 A2 EF 00 A7 2F 00 00 AF 09 46 09 00 00 00 01 60 00 38 2C 41 2B 05 44 44 29 80 24 97 6A 9F 5D 54 80 0C 37 78 6A 64 0D 32 19 40 00 37 43 00 3A 2C 00 00 58 FB 10 F5 65
1785248397145,16:19:57.445,00 00 00 00 00 00 00 00 18 00 42 00 00 A2 EF 00 A7 2F 00 00 AF 00 46 00 00 00 00 01 60 00 38 26 B3 26 4B 44 44 28 7E F0 96 6A 9F 5D 54 6E 0A CD 74 68 64 0D 43 21 40 07 37 43 00 3A 2C 00 00 58 00 0F F5 65
1785248397647,16:19:57.946,00 00 00 00 00 00 00 00 18 00 42 00 00 A2 EF 00 A7 2F 00 00 AF 80 46 00 00 00 00 01 60 00 39 28 A9 28 A5 44 44 27 7E 84 96 6A 9E 5D 54 72 09 43 7D 67 68 0D 48 24 40 16 4F 53 BF 3A 2C 00 00 58 06 15 F6 65
1785248398148,16:19:58.442,00 00 00 00 00 00 00 00 18 00 42 00 00 A2 EF 00 A7 2F 00 00 AF 80 46 00 00 00 00 00 40 00 39 26 A6 26 B1 44 44 28 80 2C 96 6A 9F 5D 54 86 07 DB 80 67 6A 0D 4D 27 40 22 2C 2C AA 3A 2C 00 00 58 0B 15 F5 65
1785248398650,16:19:58.947,00 00 00 00 00 00 00 00 18 00 42 00 00 A2 EF 00 A7 2F 00 00 AF 80 46 00 00 00 00 00 40 00 39 27 C7 27 B6 44 44 28 81 14 96 6A 9F 5D 54 85 07 CB 71 66 6D 0D 50 28 40 2B 1F 22 AE 3A 2C 00 00 58 0D 15 F5 65
1785248399151,16:19:59.424,00 00 00 00 00 00 00 00 18 00 42 00 00 A2 EF 00 A7 2F 00 00 AF 80 46 00 00 00 00 00 40 00 39 27 CE 27 C6 44 44 29 81 64 96 6C 9E 5D 54 85 07 BE 7B 67 6E 0D 51 28 40 2F 1B 1E B1 39 2C 00 00 58 0F 16 F5 65
1785248399652,16:19:59.947,00 00 00 00 00 00 00 00 18 00 42 00 00 A2 EF 00 A7 2F 00 00 AF 80 46 00 00 00 00 00 40 00 39 28 A9 28 99 44 44 29 81 98 95 6C 9E 5D 54 4B 07 A7 82 67 6F 0D 52 29 40 32 1A 1C B3 39 2C 00 00 58 0F 16 F5 65
1785248400154,16:20:00.451,00 00 00 00 00 00 00 00 18 00 42 00 00 A2 EF 00 A7 2F 00 00 AF 80 46 00 00 00 00 01 60 00 39 29 86 29 59 44 44 2A 81 8C 95 6C 9E 5D 54 5C 07 CE 85 68 6A 0D 32 19 40 0E 35 30 B1 39 2C 00 00 58 06 15 F5 65
1785248400655,16:20:00.951,00 00 00 00 00 00 00 00 18 00 42 00 00 A2 EF 00 A7 2F 00 00 AF 10 46 00 00 00 00 01 60 00 39 35 82 35 90 44 44 2A 80 18 95 6C 9E 5D 54 87 0A D7 7E 67 72 0D 8C 46 40 D8 51 4A 00 3A 2C 00 00 58 08 17 F6 65
1785248401155,16:20:01.449,00 00 00 00 00 00 00 00 18 00 42 00 00 A2 EF 00 A7 2F 00 00 AF 81 46 09 00 00 00 01 60 00 39 35 9B 35 88 44 44 2A 7F 70 95 6C 9F 5D 54 8B 0D FC 82 69 65 0D 32 19 40 01 32 33 00 3A 2C 00 00 58 FE 17 F5 65
1785248401655,16:20:01.976,00 00 00 00 00 00 00 00 18 00 42 00 00 A2 EF 00 A7 2F 00 00 AF 80 46 00 00 00 00 01 60 00 39 36 A8 36 63 44 44 29 7E 6C 95 6C 9F 5D 54 98 0E 71 81 69 6A 0D 4C 26 40 1C 32 33 00 3A 2C 00 00 58 04 17 F6 65
1785248402157,16:20:02.453,00 00 00 00 00 00 00 00 18 00 42 00 00 A2 EF 00 A7 2F 00 00 AF 80 46 00 00 00 00 00 40 00 39 37 61 37 61 44 44 29 7E E8 95 6C 9F 5D 54 8C 0E DB 7A 69 70 0D 53 29 40 2A 48 5D 00 3A 2C 00 00 58 08 17 F5 65
1785248402659,16:20:02.955,00 00 00 00 00 00 00 00 18 00 42 00 00 A2 EF 00 A7 2F 00 00 AF 80 46 00 00 00 00 00 40 00 39 37 46 37 1D 44 44 29 80 84 95 6C 9F 5D 54 8F 0D 6F 7D 6C 73 0D 53 29 40 2D 37 45 BE 3A 2C 00 00 58 08 17 F5 65
1785248403160,16:20:03.443,00 00 00 00 00 00 00 00 18 00 42 00 00 A2 EF 00 A7 2F 00 00 AF 80 46 00 00 00 00 00 40 00 39 37 7C 37 6C 44 44 29 80 8C 94 6C 9F 5D 54 77 0B 2A 79 6B 72 0D 52 29 40 2B 38 3C C0 3A 2C 00 00 58 08 17 F6 65
1785248403662,16:20:03.956,00 00 00 00 00 00 00 00 18 00 42 00 00 A2 EF 00 A7 2F 00 00 AF 80 46 00 00 00 00 00 40 00 38 37 C0 37 C0 44 44 29 80 10 94 6C 9F 5D 54 71 0A 33 80 6A 71 0D 52 29 40 2A 3E 3A BE 3A 2C 00 00 58 07 17 F5 65
1785248404164,16:20:04.457,00 00 00 00 00 00 00 00 18 00 42 00 00 A2 EF 00 A7 2F 00 00 AF 80 46 00 00 00 00 00 40 00 38 37 DB 37 E3 44 44 2A 80 6C 94 6C 9F 5D 54 86 09 CD 7A 68 70 0D 50 28 40 28 3F 39 C0 3A 2C 00 00 58 07 17 F5 65
1785248404665,16:20:04.963,00 00 00 00 00 00 00 00 18 00 42 00 00 A2 EF 00 A7 2F 00 00 AF 80 46 00 00 00 00 00 40 00 39 38 49 38 21 44 44 2A 80 30 94 6C 9F 5D 54 7E 09 9C 75 67 6F 0D 50 28 40 27 3F 39 C0 3A 2C 00 00 58 06 17 F5 65
1785248405166,16:20:05.466,00 00 00 00 00 00 00 00 18 00 42 00 00 A2 EF 00 A7 2F 00 00 AF 80 46 00 00 00 00 00 40 00 39 37 54 37 50 44 44 2A 80 18 94 6C 9F 5D 54 7B 09 92 75 67 6B 0D 4C 26 40 1E 3F 39 B9 3A 2C 00 00 58 04 17 F6 65
1785248405667,16:20:05.966,00 00 00 00 00 00 00 00 18 00 42 00 00 A2 EF 00 A7 2F 00 00 AF 80 46 00 00 00 00 00 40 00 38 37 8A 37 A4 44 44 29 7F A8 94 6C 9F 5D 54 7B 09 AA 7E 66 69 0D 4A 25 40 18 3F 39 AC 3A 2C 00 00 58 03 17 F5 65
1785248406169,16:20:06.469,00 00 00 00 00 00 00 00 18 00 42 00 00 A2 EF 00 A7 2F 00 00 AF 80 46 00 00 00 00 00 40 00 38 36 DC 36 FA 44 44 29 7E F4 93 6C 9F 5D 54 8B 0A 11 7A 66 6A 0D 4B 25 40 1A 3F 39 AE 3A 2C 00 00 58 03 17 F6 65
1785248406670,16:20:06.968,00 00 00 00 00 00 00 00 18 00 42 00 00 A2 EF 00 A7 2F 00 00 AF 80 46 00 00 00 00 00 40 00 39 36 67 36 5D 44 44 29 7F 80 93 6C 9F 5D 54 70 0A 05 73 66 6A 0D 4B 25 40 1B 3F 39 B2 3A 2C 00 00 58 04 17 F6 65
1785248407171,16:20:07.469,00 00 00 00 00 00 00 00 18 00 42 00 00 A2 EF 00 A7 2F 00 00 AF 80 46 00 00 00 00 00 40 00 39 36 1A 36 5F 44 44 28 7F 9C 93 6D 9F 5D 54 6F 09 C8 79 66 6A 0D 4B 25 40 1C 3F 39 B2 3A 2C 00 00 58 04 17 F5 65
1785248407671,16:20:07.968,00 00 00 00 00 00 00 00 18 00 42 00 00 A2 EF 00 A7 2F 00 00 AF 80 46 00 00 00 00 00 40 00 39 36 0D 36 1F 44 44 28 7F CC 93 6D 9F 5D 54 84 09 B0 7C 66 6A 0D 4C 26 40 1D 3F 39 B3 3A 2C 00 00 58 04 17 F6 65
1785248408171,16:20:08.471,00 00 00 00 00 00 00 00 18 00 42 00 00 A2 EF 00 A7 2F 00 00 AF 80 46 00 00 00 00 00 40 00 39 36 00 35 CE 44 44 28 7F B8 93 6D 9F 5D 54 8A 09 8B 77 66 6B 0D 4C 26 40 1E 3F 39 B5 3A 2C 00 00 58 05 17 F5 65
1785248408671,16:20:08.969,00 00 00 00 00 00 00 00 18 00 42 00 00 A2 EF 00 A7 2F 00 00 AF 80 46 00 00 00 00 00 40 00 39 35 E7 35 D8 44 44 28 80 10 92 6D 9F 5D 54 74 09 51 73 65 6B 0D 4D 26 40 1F 3F 39 B8 3A 2C 00 00 58 05 17 F6 65
1785248409171,16:20:09.472,00 00 00 00 00 00 00 00 18 00 42 00 00 A2 EF 00 A7 2F 00 00 AF 80 46 00 00 00 00 00 40 00 39 36 1A 35 EC 44 44 28 7F E4 92 6D 9F 5D 54 6C 09 54 7A 66 6B 0D 4D 26 40 1F 3F 39 B7 3A 2C 00 00 58 05 17 F6 65
1785248409673,16:20:09.970,00 00 00 00 00 00 00 00 18 00 42 00 00 A2 EF 00 A7 2F 00 00 AF 80 46 00 00 00 00 00 40 00 38 36 4D 36 48 44 44 28 80 20 92 6D 9F 5D 54 67 09 4C 7D 66 6C 0D 4D 26 40 20 3F 39 B9 3A 2C 00 00 58 05 17 F5 65
1785248410174,16:20:10.446,00 00 00 00 00 00 00 00 18 00 42 00 00 A2 EF 00 A7 2F 00 00 AF 80 46 00 00 00 00 00 40 00 38 36 9B 36 94 44 44 28 80 20 92 6D 9F 5D 54 6D 09 44 7D 66 6F 0D 4F 28 40 25 3F 39 BD 3A 2C 00 00 58 06 17 F5 65
1785248410676,16:20:10.948,00 00 00 00 00 00 00 00 18 00 42 00 00 A2 EF 00 A7 2F 00 00 AF 80 46 00 00 00 00 00 40 00 39 36 DC 36 DD 44 44 29 80 A0 92 6D 9F 5D 54 82 09 3E 79 66 6F 0D 50 28 40 26 3F 39 BE 3A 2C 00 00 58 06 17 F6 65
1785248411178,16:20:11.453,00 00 00 00 00 00 00 00 18 00 42 00 00 A2 EF 00 A7 2F 00 00 AF 80 46 00 00 00 00 00 40 00 39 37 B2 37 C0 44 44 29 80 D0 92 6D 9F 5D 54 66 09 34 75 66 74 0D 54 2A 40 2F 37 2F B7 3A 2C 00 00 58 08 17 F6 65
1785248411679,16:20:11.978,00 00 00 00 00 00 00 00 18 00 42 00 00 A2 EF 00 A7 2F 00 00 AF 80 46 00 00 00 00 00 40 00 39 38 3B 38 1E 44 44 2A 81 28 91 6D 9F 5D 54 87 09 B0 79 66 77 0D 55 2A 40 31 32 2B AB 3A 2C 00 00 58 09 17 F5 65
1785248412179,16:20:12.472,00 00 00 00 00 00 00 00 18 00 42 00 00 A2 EF 00 A7 2F 00 00 AF 80 46 00 00 00 00 00 40 00 39 38 F1 38 FB 44 44 2A 81 38 91 6D 9F 5D 54 6D 0A 3C 76 67 78 0D 55 2A 40 32 32 2D A8 3A 2C 00 00 58 09 17 F5 65
1785248412679,16:20:12.975,00 00 00 00 00 00 00 00 18 00 42 00 00 A2 EF 00 A7 2F 00 00 AF 80 46 00 00 00 00 00 40 00 38 39 80 39 AD 44 44 2B 81 00 91 6D 9F 5D 54 82 0A A4 7C 68 78 0D 55 2A 40 32 33 30 A9 3A 2C 00 00 58 09 17 F6 65
1785248413181,16:20:13.484,00 00 00 00 00 00 00 00 18 00 42 00 00 A2 EF 00 A7 2F 00 00 AF 80 46 00 00 00 00 00 40 00 38 3A 4D 3A 28 44 44 2B 81 14 91 6D 9F 5D 54 8C 0A DE 82 69 78 0D 55 2A 40 32 34 31 A9 3A 2C 00 00 58 09 17 F6 65
1785248413683,16:20:13.985,00 00 00 00 00 00 00 00 18 00 42 00 00 A2 EF 00 A7 2F 00 00 AF 80 46 00 00 00 00 00 40 00 39 3A F2 3A F0 44 44 2C 80 E0 91 6D 9F 5D 54 73 0B 0F 7E 69 78 0D 55 2A 40 32 34 32 AA 3A 2C 00 00 58 08 17 F5 65
1785248414184,16:20:14.486,00 00 00 00 00 00 00 00 18 00 42 00 00 A2 EF 00 A7 2F 00 00 AF 80 46 00 00 00 00 00 40 00 39 3B 9B 3B 74 44 44 2C 80 EC 91 6D 9F 5D 54 8E 0B 4C 79 69 79 0D 55 2A 40 33 34 32 A9 3A 2C 00 00 58 09 17 F5 65
1785248414685,16:20:14.982,00 00 00 00 00 00 00 00 18 00 42 00 00 A2 EF 00 A7 2F 00 00 AF 80 46 00 00 00 00 00 40 00 39 3C 48 3B FA 44 44 2D 81 2C 90 6E 9F 5D 54 86 0B 67 7F 6A 7A 0D 56 2B 40 34 33 32 A8 3A 2C 00 00 58 09 17 F5 65
1785248415186,16:20:15.476,00 00 00 00 00 00 00 00 18 00 42 00 00 A2 EF 00 A7 2F 00 00 AF 80 46 00 00 00 00 00 40 00 39 3C E8 3C C4 44 44 2D 80 C0 90 6E 9F 5D 54 81 0B 9B 7A 6A 79 0D 55 2A 40 33 35 34 A9 3A 2C 00 00 58 08 18 F6 65
1785248415687,16:20:15.986,00 00 00 00 00 00 00 00 18 00 42 00 00 A2 EF 00 A7 2F 00 00 AF 80 46 00 00 00 00 00 40 00 39 3D 39 3D 35 44 44 2D 80 D8 90 6E 9F 5D 54 82 0B A1 7D 6A 79 0D 55 2A 40 33 36 35 AA 3A 2C 00 00 58 08 18 F5 65
1785248416187,16:20:16.462,00 00 00 00 00 00 00 00 18 00 42 00 00 A2 EF 00 A7 2F 00 00 AF 80 46 00 00 00 00 00 40 00 39 3D 9C 3D B2 44 44 2E 80 AC 90 6E 9F 5D 54 75 0B C8 7E 6A 78 0D 55 2A 40 33 37 36 A9 3A 2C 00 00 58 08 18 F6 65
1785248416689,16:20:16.992,00 00 00 00 00 00 00 00 18 00 42 00 00 A2 EF 00 A7 2F 00 00 AF 80 46 00 00 00 00 00 40 00 39 3E 11 3E 0B 44 44 2E 80 B0 90 6E 9F 5D 54 82 0B CB 82 6A 77 0D 55 2A 40 32 38 38 AA 3A 2C 00 00 58 08 18 F5 65
1785248417191,16:20:17.469,00 00 00 00 00 00 00 00 18 00 42 00 00 A2 EF 00 A7 2F 00 00 AF 80 46 00 00 00 00 00 40 00 39 3E CD 3E AF 44 44 2E 80 B0 90 6E 9F 5D 54 8F 0B D4 82 6A 7A 0D 56 2B 40 34 36 35 A9 3A 2C 00 00 58 08 18 F5 65
1785248417692,16:20:17.982,00 00 00 00 00 00 00 00 18 00 42 00 00 A2 EF 00 A7 2F 00 00 AF 80 46 00 00 00 00 00 40 00 39 3F 01 3E E0 44 44 2F 80 D0 8F 6E 9F 5D 54 7F 0B E3 84 6B 7E 0D 57 2B 40 37 31 2F A8 3A 2C 00 00 58 09 18 F5 65
1785248418193,16:20:18.498,00 00 00 00 00 00 00 00 18 00 42 00 00 A2 EF 00 A7 2F 00 00 AF 80 46 00 00 00 00 01 60 00 39 3F F7 3F F0 44 44 2F 80 E0 8F 6E 9F 5D 54 91 0C 2F 82 6B 82 0D 59 2C 40 3B 2E 2C A7 3A 2C 00 00 58 0A 18 F5 65
1785248418694,16:20:18.995,00 00 00 00 00 00 00 00 18 00 42 00 00 A2 EF 00 A7 2F 00 00 AF 80 46 00 00 00 00 01 60 00 39 40 63 40 60 44 44 30 81 14 8F 6E 9F 5D 54 7F 0C 7C 7F 6D 82 0D 59 2C 40 3B 2E 2D A6 3A 2C 00 00 58 0A 18 F5 65
1785248419197,16:20:19.515,00 00 00 00 00 00 00 00 18 00 42 00 00 A2 EF 00 A7 2F 00 00 AF 80 46 00 00 00 00 01 60 00 39 41 08 41 14 44 44 30 81 04 8F 6E 9F 5D 54 7A 0C B9 80 6E 84 0D 5A 2D 40 3C 2C 2B A3 3A 2C 00 00 58 0A 18 F5 65
1785248419698,16:20:19.995,00 00 00 00 00 00 00 00 18 00 42 00 00 A2 EF 00 A7 2F 00 00 AF 80 46 00 00 00 00 00 40 00 39 41 77 41 74 44 44 31 80 E4 8F 6E 9F 5D 54 92 0D 18 87 6E 7C 0D 57 2B 40 36 36 37 A5 3A 2C 00 00 58 08 18 F5 65
1785248420200,16:20:20.494,00 00 00 00 00 00 00 00 18 00 42 00 00 A2 EF 00 A7 2F 00 00 AF 80 46 00 00 00 00 00 40 00 39 41 E8 41 DA 44 44 31 80 78 8E 6E 9F 5D 54 96 0D 44 7F 6E 7F 0D 58 2C 40 39 33 33 A5 3A 2C 00 00 58 09 18 F5 65
1785248420702,16:20:20.975,00 00 00 00 00 00 00 00 18 00 42 00 00 A2 EF 00 A7 2F 00 00 AF 80 46 00 00 00 00 00 40 00 39 42 6E 42 5A 44 44 31 80 70 8E 6E A0 5D 54 83 0D 48 87 6F 85 0D 5A 2D 40 3E 2C 2C A2 3A 2C 00 00 58 0A 18 F5 65
1785248421204,16:20:21.505,00 00 00 00 00 00 00 00 18 00 42 00 00 A2 EF 00 A7 2F 00 00 AF 80 46 00 00 00 00 00 40 00 39 42 CF 42 D0 44 44 31 80 D4 8E 6E A0 5D 54 81 0D B0 8A 70 83 0D 5A 2D 40 3C 2E 30 A6 3A 2C 00 00 58 0A 18 F5 65
1785248421706,16:20:22.009,00 00 00 00 00 00 00 00 18 00 42 00 00 A2 EF 00 A7 2F 00 00 AF 80 46 00 00 00 00 00 40 00 39 43 45 43 78 44 44 32 80 C0 8E 6E A0 5D 54 82 0D DB 87 70 85 0D 5A 2D 40 3E 2C 2D A2 3A 2C 00 00 58 0A 18 F5 65
1785248422208,16:20:22.517,00 00 00 00 00 00 00 00 18 00 42 00 00 A2 EF 00 A7 2F 00 00 AF 80 46 00 00 00 00 00 40 00 39 43 D1 43 C5 44 44 32 80 94 8E 70 A0 5D 54 80 0E 10 85 72 87 0D 5B 2D 40 40 2A 2B 9E 3A 2C 00 00 58 0B 18 F5 65
1785248422710,16:20:23.009,00 00 00 00 00 00 00 00 18 00 42 00 00 A2 EF 00 A7 2F 00 00 AF 80 46 00 00 00 00 00 40 00 39 44 0D 43 DD 44 44 32 80 98 8E 70 A0 5D 54 97 0E 1E 87 72 83 0D 59 2D 40 3D 30 31 A9 3A 2C 00 00 58 0A 18 F6 65
1785248423211,16:20:23.507,00 00 00 00 00 00 00 00 18 00 42 00 00 A2 EF 00 A7 2F 00 00 AF 80 46 00 00 00 00 00 40 00 39 44 21 44 29 44 44 33 80 5C 8E 70 A0 5D 54 92 0D C2 8D 72 82 0D 57 2B 40 3A 30 30 A9 3A 2C 00 00 58 09 18 F5 65
1785248423712,16:20:24.003,00 00 00 00 00 00 00 00 18 00 42 00 00 A2 EF 00 A7 2F 00 00 AF 80 46 00 00 00 00 00 40 00 39 44 36 44 16 44 44 33 80 24 8D 70 A0 5D 54 91 0D A7 82 70 7F 0D 57 2C 40 39 35 34 A9 3A 2C 00 00 58 09 18 F5 65
1785248424215,16:20:24.497,00 00 00 00 00 00 00 00 18 00 42 00 00 A2 EF 00 A7 2F 00 00 AF 80 46 00 00 00 00 00 40 00 39 43 E5 43 D1 44 44 32 7F C8 8D 70 A0 5D 54 89 0D 52 81 6F 80 0D 59 2C 40 3A 35 34 A8 3A 2C 00 00 58 09 18 F5 65
1785248424716,16:20:25.023,00 00 00 00 00 00 00 00 18 00 42 00 00 A2 EF 00 A7 2F 00 00 AF 80 46 00 00 00 00 00 40 00 39 43 BD 43 C2 44 44 32 7F E0 8D 70 A0 5D 54 8B 0D 50 83 6F 7E 0D 58 2C 40 39 37 36 A7 3A 2C 00 00 58 08 18 F6 65
1785248425217,16:20:25.515,00 00 00 00 00 00 00 00 18 00 42 00 00 A2 EF 00 A7 2F 00 00 AF 80 46 00 00 00 00 00 40 00 39 43 45 43 2A 44 44 32 7F BC 8D 70 A0 5D 54 94 0D 55 83 6E 7D 0D 58 2C 40 38 36 35 A7 3A 2C 00 00 58 08 18 F6 65
1785248425718,16:20:26.015,00 00 00 00 00 00 00 00 18 00 42 00 00 A2 EF 00 A7 2F 00 00 AF 80 46 00 00 00 00 00 40 00 39 43 6D 43 88 44 44 32 7F 84 8D 70 A0 5C 54 98 0D 47 7F 6E 88 0D 5D 2E 40 43 29 28 9B 3A 2C 00 00 58 0C 18 F5 65
1785248426219,16:20:26.496,00 00 00 00 00 00 00 00 18 00 42 00 00 A2 EF 00 A7 2F 00 00 AF 80 46 00 00 00 00 00 40 00 39 43 59 43 97 44 44 32 80 50 8D 70 A0 5C 54 9A 0F 23 8E 71 8A 0D 5C 2E 40 43 25 2A 93 3A 2C 00 00 58 0C 18 F5 65
1785248426721,16:20:26.997,00 00 00 00 00 00 00 00 18 00 42 00 00 A2 EF 00 A7 2F 00 00 AF 80 46 00 00 00 00 01 60 00 38 43 A9 43 E9 44 44 32 80 3C 8C 70 A0 5C 54 9E 10 3F 8D 75 8A 0D 5D 2E 40 43 26 2E 9A 3A 2C 00 00 59 0C 18 F5 65
1785248427222,16:20:27.516,00 00 00 00 00 00 00 00 18 00 42 00 00 A2 EF 00 A7 2F 00 00 AF 80 46 00 00 00 00 01 60 00 38 43 F9 44 2E 44 44 32 80 5C 8C 70 A0 5C 54 97 10 67 96 78 8B 0D 5E 2F 40 46 24 2C 99 3A 2C 00 00 59 0C 18 F5 65
1785248427723,16:20:27.999,00 00 00 00 00 00 00 00 18 00 42 00 00 A2 EF 00 A7 2F 00 00 AF 80 46 00 00 00 00 01 60 00 39 44 4A 44 37 44 44 33 80 98 8C 70 A0 5C 54 84 10 50 8F 79 8F 0D 60 30 40 4A 20 28 A2 3A 2C 00 00 58 0E 18 F5 65
1785248428224,16:20:28.499,00 00 00 00 00 00 00 00 18 00 42 00 00 A2 EF 00 A7 2F 00 00 AF 80 46 00 00 00 00 01 60 00 39 45 03 45 03 44 44 33 80 9C 8C 70 A0 5C 54 87 0F 94 8C 79 8E 0D 5E 2F 40 47 21 26 A5 3A 2C 00 00 59 0D 16 F5 65
1785248428726,16:20:29.022,00 00 00 00 00 00 00 00 18 00 42 00 00 A2 EF 00 A7 2F 00 00 AF 80 46 00 00 00 00 01 60 00 39 45 03 44 F2 44 44 33 80 6C 8C 70 A0 5C 54 9D 0F 09 86 76 8C 0D 5D 2E 40 45 22 26 A5 3A 2C 00 00 59 0D 16 F5 65
1785248429227,16:20:29.505,00 00 00 00 00 00 00 00 18 00 42 00 00 A2 EF 00 A7 2F 00 00 AF 80 46 00 00 00 00 00 40 00 39 45 2D 45 23 44 44 33 7F D0 8C 70 A0 5C 54 9C 0E 80 89 73 8D 0D 5E 2F 40 46 23 25 A7 3A 2C 00 00 59 0D 16 F5 65
1785248429728,16:20:30.028,00 00 00 00 00 00 00 00 18 00 42 00 00 A2 EF 00 A7 2F 00 00 AF 80 46 00 00 00 00 01 60 00 39 45 42 45 32 44 44 33 80 24 8B 71 A0 5C 54 8E 0E 30 87 71 8D 0D 5E 2F 40 47 23 24 A9 3A 2C 00 00 59 0D 16 F5 65
1785248430229,16:20:30.529,00 00 00 00 00 00 00 00 18 00 42 00 00 A2 EF 00 A7 2F 00 00 AF 80 46 00 00 00 00 01 60 00 39 45 AB 45 8E 44 44 34 80 9C 8B 71 A0 5C 54 98 0D EC 81 70 8E 0D 5E 2F 40 48 22 22 AB 3A 2C 00 00 59 0D 16 F5 65
1785248430730,16:20:31.005,00 00 00 00 00 00 00 00 18 00 42 00 00 A2 EF 00 A7 2F 00 00 AF 01 46 09 00 00 00 01 60 00 38 3A C5 3A 97 44 44 34 80 78 8B 71 A0 5C 54 90 0D 60 7B 6E 64 0D 32 19 40 01 32 31 00 3A 2C 00 00 59 FD 14 F5 65
1785248431232,16:20:31.532,00 00 00 00 00 00 00 00 18 00 42 00 00 A2 EF 00 A7 2F 00 00 AF 80 46 00 00 00 00 01 60 00 38 34 B1 34 7D 44 44 33 80 24 8B 71 A0 5C 54 97 0D 80 81 6C 70 0D 52 29 40 28 51 62 00 3A 2C 00 00 59 07 17 F5 65
1785248431734,16:20:32.030,00 00 00 00 00 00 00 00 18 00 42 00 00 A2 EF 00 A7 2F 00 00 AF 80 46 00 00 00 00 00 40 00 39 32 AF 32 CA 44 44 34 7F 7C 8A 71 A0 5C 54 8F 0D CD 7D 6C 75 0D 56 2B 40 34 28 36 00 3A 2C 00 00 59 0B 17 F6 65
1785248432235,16:20:32.522,00 00 00 00 00 00 00 00 18 00 42 00 00 A2 EF 00 A7 2F 00 00 AF 80 46 00 00 00 00 00 40 00 39 33 65 33 3A 44 44 34 80 F8 8A 71 A0 5C 54 97 0E 3E 84 6E 77 0D 57 2C 40 37 23 32 00 3A 2C 00 00 59 0D 17 F5 65
1785248432736,16:20:33.034,00 00 00 00 00 00 00 00 18 00 42 00 00 A2 EF 00 A7 2F 00 00 AF 80 46 00 00 00 00 00 40 00 39 34 09 33 D0 44 44 35 81 50 8A 71 A0 5C 54 82 0E 92 8D 72 77 0D 56 2B 40 35 27 38 AD 3A 2C 00 00 59 0B 17 F6 65
1785248433237,16:20:33.536,00 00 00 00 00 00 00 00 18 00 42 00 00 A2 EF 00 A7 2F 00 00 AF 80 46 00 00 00 00 00 40 00 39 34 44 34 90 44 44 35 81 34 8A 71 A0 5C 54 86 0C 79 8B 71 77 0D 56 2B 40 35 28 30 B1 3A 2C 00 00 59 0B 17 F5 65
1785248433737,16:20:34.037,00 00 00 00 00 00 00 00 18 00 42 00 00 A2 EF 00 A7 2F 00 00 AF 80 46 00 00 00 00 00 40 00 38 34 B1 34 FD 44 44 36 80 E0 8A 71 A0 5C 54 70 0B 29 7E 6F 77 0D 55 2B 40 33 2A 2D B3 3A 2C 00 00 59 0B 17 F6 65
1785248434237,16:20:34.536,00 00 00 00 00 00 00 00 18 00 42 00 00 A2 EF 00 A7 2F 00 00 AF 80 46 00 00 00 00 00 40 00 38 35 1F 35 35 44 44 36 80 F0 89 71 A0 5C 54 6F 0A 93 88 6D 77 0D 55 2A 40 33 2C 2C B3 3A 2C 00 00 59 0A 17 F6 65
1785248434738,16:20:35.036,00 00 00 00 00 00 00 00 18 00 42 00 00 A2 EF 00 A7 2F 00 00 AF 80 46 00 00 00 00 00 40 00 38 35 69 35 55 44 44 37 80 DC 89 71 A0 5C 54 8D 0A 41 7F 6C 77 0D 55 2A 40 32 2D 2B B2 3A 2C 00 00 59 0A 17 F6 65
1785248435238,16:20:35.539,00 00 00 00 00 00 00 00 18 00 42 00 00 A2 EF 00 A7 2F 00 00 AF 80 46 00 00 00 00 00 40 00 38 35 CE 35 E8 44 44 37 80 B0 89 71 A0 5C 54 8A 0A 29 85 6B 7A 0D 57 2B 40 37 27 25 B2 3A 2C 00 00 59 0C 17 F6 65
1785248435739,16:20:36.040,00 00 00 00 00 00 00 00 18 00 42 00 00 A2 EF 00 A7 2F 00 00 AF 80 46 00 00 00 00 00 40 00 38 36 5A 36 2D 44 44 37 80 B4 89 71 A0 5C 54 70 0A 24 79 6B 7B 0D 57 2B 40 37 27 25 B0 3A 2C 00 00 59 0B 17 F5 65
1785248436240,16:20:36.537,00 00 00 00 00 00 00 00 18 00 42 00 00 A2 EF 00 A7 2F 00 00 AF 80 46 00 00 00 00 00 40 00 38 36 CF 37 0B 44 44 38 80 9C 89 72 A0 5C 54 74 0A 35 7B 6B 7A 0D 56 2B 40 34 2B 28 AE 3A 2C 00 00 59 0A 17 F5 65
1785248436742,16:20:37.041,00 00 00 00 00 00 00 00 18 00 42 00 00 A2 EF 00 A7 2F 00 00 AF 80 46 00 00 00 00 00 40 00 38 36 F7 36 D2 44 44 38 81 04 89 72 A0 5C 54 8B 0A 52 83 6B 6F 0D 4F 28 40 26 3A 39 BF 3A 2C 00 00 59 07 17 F5 65
1785248437243,16:20:37.541,00 00 00 00 00 00 00 00 18 00 42 00 00 A2 EF 00 A7 2F 00 00 AF 80 46 00 00 00 00 00 40 00 38 36 F7 36 C1 44 44 38 80 58 88 72 A0 5C 54 6D 0A 04 7D 6A 6E 0D 4F 28 40 25 3A 39 BD 3A 2C 00 00 59 06 17 F5 65
1785248437744,16:20:38.042,00 00 00 00 00 00 00 00 18 00 42 00 00 A2 EF 00 A7 2F 00 00 AF 80 46 00 00 00 00 00 40 00 38 37 2C 37 23 44 44 38 7F B4 88 72 A0 5C 54 75 09 B9 76 68 6E 0D 4F 27 40 24 3A 39 BD 3A 2C 00 00 59 06 17 F6 65
1785248438245,16:20:38.518,00 00 00 00 00 00 00 00 18 00 42 00 00 A2 EF 00 A7 2F 00 00 AF 80 46 00 00 00 00 00 40 00 38 37 46 37 15 44 44 38 80 1C 88 72 A0 5C 54 8A 09 86 7B 68 6D 0D 4F 27 40 23 3A 39 BD 3A 2C 00 00 59 06 17 F5 65
1785248438746,16:20:39.042,00 00 00 00 00 00 00 00 18 00 42 00 00 A2 EF 00 A7 2F 00 00 AF 80 46 00 00 00 00 00 40 00 38 37 1F 37 15 44 44 38 80 1C 88 72 A0 5C 54 70 09 6A 76 67 6D 0D 4E 27 40 23 3A 39 BD 3A 2C 00 00 59 06 17 F5 65
1785248439247,16:20:39.542,00 00 00 00 00 00 00 00 18 00 42 00 00 A2 EF 00 A7 2F 00 00 AF 80 46 00 00 00 00 00 40 00 38 37 39 37 17 44 44 38 80 38 88 72 A0 5C 54 8A 09 74 75 67 6D 0D 4E 27 40 22 3A 39 BD 3A 2C 00 00 59 05 17 F6 65
1785248439748,16:20:40.045,00 00 00 00 00 00 00 00 18 00 42 00 00 A2 EF 00 A7 2F 00 00 AF 80 46 00 00 00 00 00 40 00 38 37 04 36 FE 44 44 38 80 00 88 72 A0 5C 54 78 09 61 7F 67 6D 0D 4E 27 40 22 3A 39 BD 3A 2C 00 00 59 06 17 F5 65
1785248440249,16:20:40.547,00 00 00 00 00 00 00 00 18 00 42 00 00 A2 EF 00 A7 2F 00 00 AF 80 46 00 00 00 00 00 40 00 38 37 39 37 10 44 44 38 7F F4 87 72 A0 5C 54 89 09 57 7A 67 6E 0D 4F 28 40 24 3A 39 BE 3A 2C 00 00 59 06 17 F6 65
1785248440750,16:20:41.023,00 00 00 00 00 00 00 00 18 00 42 00 00 A2 EF 00 A7 2F 00 00 AF 80 46 00 00 00 00 00 40 00 38 37 46 37 2E 44 44 38 80 1C 87 72 A0 5C 54 6C 09 5C 77 67 6E 0D 4F 27 40 24 3A 39 BE 3A 2C 00 00 59 06 17 F6 65
1785248441253,16:20:41.531,00 00 00 00 00 00 00 00 18 00 42 00 00 A2 EF 00 A7 2F 00 00 AF 80 46 00 00 00 00 00 40 00 38 37 46 37 14 44 44 39 80 00 87 72 A0 5C 54 6B 09 6E 75 67 6F 0D 50 28 40 27 3A 39 BF 3A 2C 00 00 59 07 17 F5 65
1785248441753,16:20:42.047,00 00 00 00 00 00 00 00 18 00 42 00 00 A2 EF 00 A7 2F 00 00 AF 80 46 00 00 00 00 00 40 00 38 37 61 37 33 44 44 39 80 3C 87 72 A0 5C 54 73 09 63 75 67 6F 0D 4F 28 40 25 43 39 BF 3A 2C 00 00 59 06 13 F5 65
1785248442254,16:20:42.549,00 00 00 00 00 00 00 00 18 00 42 00 00 A2 EF 00 A7 2F 00 00 AF 80 46 00 00 00 00 00 40 00 38 37 2C 36 EC 44 44 38 7F C4 87 72 A0 5C 54 72 09 53 7E 66 70 0D 50 28 40 27 43 39 BF 3A 2C 00 00 59 07 13 F6 65
1785248442757,16:20:43.050,00 00 00 00 00 00 00 00 18 00 42 00 00 A2 EF 00 A7 2F 00 00 AF 80 46 00 00 00 00 00 40 00 38 36 8E 36 B3 44 44 38 7F 9C 86 72 A0 5C 54 73 09 58 7D 67 74 0D 52 29 40 2C 35 2E B2 3A 2C 00 00 59 08 13 F5 65
1785248443258,16:20:43.554,00 00 00 00 00 00 00 00 18 00 42 00 00 A2 EF 00 A7 2F 00 00 AF 80 46 00 00 00 00 00 40 00 38 37 2C 37 0C 44 44 38 80 00 86 74 A0 5C 54 8B 09 A2 74 66 74 0D 53 29 40 2C 35 2F AF 3A 2C 00 00 59 08 13 F5 65
1785248443759,16:20:44.057,00 00 00 00 00 00 00 00 18 00 42 00 00 A2 EF 00 A7 2F 00 00 AF 80 46 00 00 00 00 00 40 00 38 37 11 36 C5 44 44 38 80 3C 86 74 A0 5C 54 84 09 D6 75 66 72 0D 52 29 40 2B 38 34 B0 3A 2C 00 00 59 08 13 F5 65
1785248444261,16:20:44.537,00 00 00 00 00 00 00 00 18 00 42 00 00 A2 EF 00 A7 2F 00 00 AF 80 46 00 00 00 00 00 40 00 38 36 EA 36 CF 44 44 38 7F E4 86 74 A0 5C 54 77 09 DF 81 67 72 0D 51 28 40 29 3A 37 B1 3A 2C 00 00 59 07 13 F5 65
1785248444763,16:20:45.063,00 00 00 00 00 00 00 00 18 00 42 00 00 A2 EF 00 A7 2F 00 00 AF 80 46 00 00 00 00 00 40 00 38 36 DC 37 03 44 44 38 7F B4 86 74 A0 5C 54 84 0A 02 75 67 71 0D 50 28 40 28 40 3A AD 3A 2C 00 00 59 07 13 F5 65
1785248445264,16:20:45.554,00 00 00 00 00 00 00 00 18 00 42 00 00 A2 EF 00 A7 2F 00 00 AF 80 46 00 00 00 00 00 40 00 38 36 A8 36 A2 44 44 38 7F E0 85 74 A0 5C 54 73 0A 36 75 67 70 0D 50 28 40 27 41 3D A9 3A 2C 00 00 59 07 13 F6 65
1785248445764,16:20:46.062,00 00 00 00 00 00 00 00 18 00 42 00 00 A2 EF 00 A7 2F 00 00 AF 80 46 00 00 00 00 00 40 00 38 36 DC 36 C7 44 44 38 7F C4 85 74 A1 5C 54 71 0A 6E 7A 67 70 0D 50 28 40 28 3F 3C A8 3A 2C 00 00 59 07 13 F6 65
1785248446266,16:20:46.538,00 00 00 00 00 00 00 00 18 00 42 00 00 A2 EF 00 A7 2F 00 00 AF 80 46 00 00 00 00 01 60 00 38 37 2C 37 34 44 44 38 7F B8 85 74 A0 5C 54 6E 0A 07 75 67 6B 0D 4D 26 40 1F 42 3F BB 3A 2C 00 00 59 04 13 F6 65
1785248446767,16:20:47.053,00 00 00 00 00 00 00 00 18 00 42 00 00 A2 EF 00 A7 2F 00 00 AF 80 46 00 00 00 00 01 60 00 38 36 74 36 63 44 44 38 7F D8 85 74 A1 5C 54 82 09 AB 78 67 6B 0D 4C 26 40 1F 42 3F BA 3A 2C 00 00 59 05 13 F6 65
1785248447270,16:20:47.567,00 00 00 00 00 00 00 00 18 00 42 00 00 A2 EF 00 A7 2F 00 00 AF 90 46 00 00 00 00 01 60 00 38 34 D5 34 DE 44 44 38 7F 8C 85 74 A1 5C 54 82 0A 4D 73 67 79 0D A9 54 40 93 22 22 00 3A 2C 00 00 59 0E 12 F6 65
1785248447772,16:20:48.070,00 00 00 00 00 00 00 00 18 00 42 00 00 A2 EF 00 A7 2F 00 00 AF 80 46 00 00 00 00 01 60 00 38 50 60 50 24 44 44 38 7F D4 85 74 A1 5C 54 9A 0F 92 7E 69 81 0D 32 19 40 1E 19 17 00 3A 2C 00 00 59 07 19 F5 65
1785248448275,16:20:48.570,00 00 00 00 00 00 00 00 18 00 42 00 00 A2 EF 00 A7 2F 00 00 AF 00 46 00 00 00 00 01 60 00 38 3F 46 3F 33 44 44 37 80 00 84 74 A1 5C 54 91 11 9C 81 6E 66 0D 50 28 40 18 19 17 00 3A 2C 00 00 59 00 15 F5 65
1785248448777,16:20:49.074,00 00 00 00 00 00 00 00 18 00 42 00 00 A2 EF 00 A7 2F 00 00 AF 80 46 00 00 00 00 01 60 00 38 48 C9 48 B5 44 44 37 7E D8 84 74 A1 5C 54 A6 12 67 81 6D 7A 0D 59 2C 40 35 19 17 00 3A 2C 00 00 59 07 17 F6 65
1785248449277,16:20:49.573,00 00 00 00 00 00 00 00 18 00 42 00 00 A2 EF 00 A7 2F 00 00 AF 80 46 00 00 00 00 00 40 00 38 48 28 48 2D 44 44 36 7F 08 84 74 A1 5C 54 9C 13 35 85 6F 7A 0D 58 2C 40 33 19 17 00 3A 2C 00 00 59 06 17 F6 65
1785248449778,16:20:50.053,00 00 00 00 00 00 00 00 18 00 42 00 00 A2 EF 00 A7 2F 00 00 AF 80 46 00 00 00 00 00 40 00 38 48 28 48 1E 44 44 36 7F B0 84 74 A2 5C 54 A2 13 94 87 71 76 0D 57 2B 40 31 19 17 00 3A 2C 00 00 59 06 17 F5 65
1785248450278,16:20:50.574,00 00 00 00 00 00 00 00 18 00 42 00 00 A2 EF 00 A7 2F 00 00 AF 80 46 00 00 00 00 00 40 00 38 48 12 48 0D 44 44 36 7F 60 84 75 A2 5C 54 97 13 68 8C 71 75 0D 56 2B 40 2F 19 17 8B 3A 2C 00 00 59 05 17 F6 65
1785248450779,16:20:51.075,00 00 00 00 00 00 00 00 18 00 42 00 00 A2 EF 00 A7 2F 00 00 AF 80 46 00 00 00 00 00 40 00 38 47 A1 47 BA 44 44 36 7F 2C 84 75 A2 5C 54 96 13 07 83 70 6F 0D 51 28 40 27 19 17 8C 3A 2C 00 00 59 03 16 F6 65
1785248451280,16:20:51.579,00 00 00 00 00 00 00 00 18 00 42 00 00 A2 EF 00 A7 2F 00 00 AF 80 46 00 00 00 00 00 40 00 38 46 98 46 8A 44 44 35 7F 3C 83 75 A2 5C 54 92 12 8D 84 70 6A 0D 4D 26 40 1D 19 17 77 3A 2C 00 00 59 01 16 F5 65
1785248451782,16:20:52.078,00 00 00 00 00 00 00 00 18 00 42 00 00 A2 EF 00 A7 2F 00 00 AF 80 46 00 00 00 00 00 40 00 39 45 6C 45 57 44 44 34 7E 80 83 75 A2 5C 54 9C 12 6A 81 6F 6A 0D 4D 26 40 1C 19 17 79 3A 2C 00 00 59 01 16 F6 65
1785248452283,16:20:52.558,00 00 00 00 00 00 00 00 18 00 42 00 00 A2 EF 00 A7 2F 00 00 AF 80 46 00 00 00 00 00 40 00 39 44 4A 44 41 44 44 33 7E 0C 83 75 A2 5C 54 9C 12 28 82 6C 6A 0D 4D 26 40 1C 19 17 7F 39 2C 00 00 59 01 16 F6 65
1785248452784,16:20:53.058,00 00 00 00 00 00 00 00 18 00 42 00 00 A2 EF 00 A7 2F 00 00 AF 80 46 00 00 00 00 00 40 00 38 42 F6 42 F0 44 44 32 7E 10 83 75 A2 5C 54 98 11 D0 7C 6B 6A 0D 4D 27 40 1D 19 17 8F 39 2C 00 00 59 02 16 F6 65
1785248453285,16:20:53.582,00 00 00 00 00 00 00 00 18 00 42 00 00 A2 EF 00 A7 2F 00 00 AF 80 46 00 00 00 00 00 40 00 38 41 D5 41 E0 44 44 32 7E 48 83 75 A2 5C 54 88 10 AA 7E 6B 6B 0D 4F 27 40 20 19 17 A9 3A 2C 00 00 59 03 16 F6 65
1785248453787,16:20:54.100,00 00 00 00 00 00 00 00 18 00 42 00 00 A2 EF 00 A7 2F 00 00 AF 80 46 00 00 00 00 00 40 00 38 41 52 41 65 44 44 31 7E E0 82 75 A2 5C 54 95 0E 95 7B 6B 72 0D 56 2B 40 2C 19 17 BA 39 2C 00 00 59 05 15 F6 65
1785248454288,16:20:54.584,00 00 00 00 00 00 00 00 18 00 42 00 00 A2 EF 00 A7 2F 00 00 AF 80 46 00 00 00 00 00 40 00 38 41 9D 41 92 44 44 31 7F 04 82 75 A2 5C 54 84 0C BB 7F 6A 7D 0D 5A 2D 40 36 37 36 C0 3A 2C 00 00 59 08 16 F6 65
1785248454788,16:20:55.086,00 00 00 00 00 00 00 00 18 00 42 00 00 A2 EF 00 A7 2F 00 00 AF 80 46 00 00 00 00 00 40 00 38 41 1A 41 17 44 44 31 80 0C 82 75 A1 5C 54 7D 0B C1 78 69 7F 0D 5A 2D 40 37 33 2E BD 3A 2C 00 00 59 09 15 F6 65
1785248455289,16:20:55.588,00 00 00 00 00 00 00 00 18 00 42 00 00 A2 EF 00 A7 2F 00 00 AF 80 46 00 00 00 00 00 40 00 38 41 2D 41 69 44 44 31 80 38 82 75 A1 5C 54 91 0B 6E 80 69 7D 0D 59 2C 40 36 35 2F B9 3A 2C 00 00 59 09 15 F6 65
1785248455790,16:20:56.100,00 00 00 00 00 00 00 00 18 00 42 00 00 A2 EF 00 A7 2F 00 00 AF 80 46 00 00 00 00 00 40 00 38 40 87 40 B6 44 44 31 80 18 82 75 A1 5C 54 84 0B 57 80 68 70 0D 32 19 40 04 37 30 BC 3A 2C 00 00 59 04 15 F6 65
1785248456291,16:20:56.593,00 00 00 00 00 00 00 00 18 00 42 00 00 A2 EF 00 A7 2F 00 00 AF 01 46 01 00 00 00 00 40 00 38 40 D0 40 CF 44 44 30 7F 04 82 75 A1 5C 54 90 0D 57 76 66 64 0D 32 19 40 00 37 30 00 3A 2C 00 00 59 FC 15 F6 65
1785248456792,16:20:57.083,00 00 00 00 00 00 00 00 18 00 42 00 00 A2 EF 00 A7 2F 00 00 AF 09 46 01 00 00 00 00 40 00 38 3F 58 3F 59 44 44 2F 7E 38 81 75 A1 5C 54 90 0F 60 78 67 64 0D 32 19 40 00 37 30 00 3A 2C 00 00 59 FB 15 F6 65
1785248457295,16:20:57.595,00 00 00 00 00 00 00 00 18 00 42 00 00 A2 EF 00 A7 2F 00 00 AF 09 46 09 00 00 00 00 40 00 38 3E 11 3E 02 44 44 2E 7E 28 81 76 A2 5C 54 8A 10 0E 7A 68 64 0D 32 19 40 00 37 30 00 3A 2C 00 00 59 FB 15 F6 65
1785248457797,16:20:58.100,00 00 00 00 00 00 00 00 18 00 42 00 00 A2 EF 00 A7 2F 00 00 AF 09 46 09 00 00 00 00 58 00 38 3C E8 3C ED 44 44 2D 7E 1C 81 76 A1 5C 54 8B 10 2C 7E 69 64 0D 32 19 40 00 37 30 00 3A 2C 00 00 59 FB 14 F6 65
1785248458299,16:20:58.596,00 00 00 00 00 00 00 00 18 00 42 00 00 A2 EF 00 A7 2F 00 00 AF 09 46 09 00 00 00 00 58 00 38 3A D4 3A D2 44 44 2C 7D 94 81 76 A2 5C 54 8A 0F F7 78 69 64 0D 32 19 40 00 37 30 00 3A 2C 00 00 59 FB 14 F6 65
1785248458800,16:20:59.097,00 00 00 00 00 00 00 00 18 00 42 00 00 A2 EF 00 A7 2F 00 00 AF 09 46 09 00 00 00 00 58 00 38 38 04 38 08 44 44 2A 7C 84 81 76 A2 5C 54 98 0F 7E 7A 69 64 0D 32 19 40 00 37 30 00 39 2C 00 00 59 FB 13 F6 65
1785248459301,16:20:59.580,00 00 00 00 00 00 00 00 18 00 42 00 00 A2 EF 00 A7 2F 00 00 AF 09 46 09 00 00 00 00 58 00 38 34 FA 34 C2 44 44 28 7B 3C 81 76 A2 5C 54 98 0E CF 7F 69 64 0D 32 19 40 00 37 30 00 39 2C 00 00 59 FB 12 F6 65
1785248459802,16:21:00.093,00 00 00 00 00 00 00 00 18 00 42 00 00 A2 EF 00 A7 2F 00 00 AF 09 46 09 00 00 00 00 58 00 38 31 F3 31 BA 44 44 26 7B 2C 80 76 A2 5C 54 8D 0E 2C 76 68 64 0D 32 19 40 00 37 30 00 39 2C 00 00 59 FB 12 F6 65
1785248460305,16:21:00.600,00 00 00 00 00 00 00 00 18 00 42 00 00 A2 EF 00 A7 2F 00 00 AF 01 46 09 00 00 00 00 58 00 38 2F 23 2F 0D 44 44 23 7B 50 80 76 A2 5C 54 8E 0D 5A 7A 69 64 0D 32 19 40 00 37 30 00 39 2C 00 00 59 FB 11 F6 65
1785248460806,16:21:01.105,00 00 00 00 00 00 00 00 18 00 42 00 00 A2 EF 00 A7 2F 00 00 AF 01 46 09 00 00 00 00 40 00 38 2C 49 2C 2A 44 44 22 7E 58 80 76 A1 5C 54 89 0C B4 80 68 64 0D 32 19 40 00 37 30 00 39 2C 00 00 59 FC 10 F6 65
1785248461306,16:21:01.602,00 00 00 00 00 00 00 00 18 00 42 00 00 A2 EF 00 A7 2F 00 00 AF 80 46 00 00 00 00 00 40 00 38 2E 93 2E C9 44 44 21 7B 64 80 76 A2 5C 54 8C 0C 5E 7F 68 71 0D 68 34 40 3E 33 44 00 39 2C 00 00 59 0A 11 F6 65
1785248461808,16:21:02.080,00 00 00 00 00 00 00 00 18 00 42 00 00 A2 EF 00 A7 2F 00 00 AF 90 46 00 00 00 00 00 40 00 38 2E E9 2F 06 44 44 23 81 40 80 76 A2 5C 54 95 0C B9 81 6B 80 0D 6B 35 40 5A 17 1D 00 39 2B 00 00 59 15 13 F6 65
1785248462309,16:21:02.606,00 00 00 00 00 00 00 00 18 00 42 00 00 A2 EF 00 A7 2F 00 00 AF 90 46 00 00 00 00 00 40 00 38 31 87 31 B1 44 44 24 81 E0 80 76 A2 5C 54 99 0D 99 84 70 8A 0D 69 34 40 59 16 19 00 39 2B 00 00 59 19 15 F6 65
1785248462811,16:21:03.108,00 00 00 00 00 00 00 00 18 00 42 00 00 A2 EF 00 A7 2F 00 00 AF 80 46 00 00 00 00 00 40 00 38 33 9F 33 A4 44 44 26 84 44 7F 76 A2 5C 54 9B 0E B1 88 75 7E 0D 5C 2E 40 3F 1A 27 AE 39 2B 00 00 59 10 12 F6 65
1785248463314,16:21:03.610,00 00 00 00 00 00 00 00 18 00 42 00 00 A2 EF 00 A7 2F 00 00 AF 80 46 00 00 00 00 00 40 00 38 34 FA 34 EE 44 44 27 82 70 7F 76 A2 5C 54 77 0C C2 81 73 7E 0D 5D 2E 40 3D 1D 26 B9 39 2B 00 00 59 0F 12 F6 65
1785248463817,16:21:04.089,00 00 00 00 00 00 00 00 18 00 42 00 00 A2 EF 00 A7 2F 00 00 AF 80 46 00 00 00 00 00 40 00 38 36 4D 36 61 44 44 28 81 B0 7F 76 A2 5C 54 7F 0B 41 7C 70 80 0D 5D 2E 40 3E 1C 20 BD 39 2B 00 00 59 0E 13 F6 65
1785248464318,16:21:04.593,00 00 00 00 00 00 00 00 18 00 42 00 00 A2 EF 00 A7 2F 00 00 AF 80 46 00 00 00 00 00 40 00 38 37 61 37 6B 44 44 29 81 C4 7F 76 A1 5C 54 82 0A 80 7A 6D 82 0D 5D 2E 40 3F 1D 1E BE 39 2B 00 00 59 0E 13 F6 65
1785248464818,16:21:05.112,00 00 00 00 00 00 00 00 18 00 42 00 00 A2 EF 00 A7 2F 00 00 AF 80 46 00 00 00 00 00 40 00 38 38 C6 38 D0 44 44 2A 81 A0 7F 78 A1 5C 54 7B 0A 45 79 6C 84 0D 5E 2F 40 3F 1E 1D BD 39 2B 00 00 59 0E 13 F6 65
1785248465321,16:21:05.626,00 00 00 00 00 00 00 00 18 00 42 00 00 A2 EF 00 A7 2F 00 00 AF 80 46 00 00 00 00 00 40 00 38 39 BA 39 AB 44 44 2B 81 B8 7F 78 A1 5C 54 74 0A 3E 7A 6B 83 0D 5D 2E 40 3E 20 1E B8 39 2B 00 00 59 0D 14 F6 65
1785248465822,16:21:06.123,00 00 00 00 00 00 00 00 18 00 42 00 00 A2 EF 00 A7 2F 00 00 AF 80 46 00 00 00 00 00 40 00 38 3A B6 3A 84 44 44 2B 81 94 7F 78 A2 5C 54 7B 0A 59 82 6B 84 0D 5C 2E 40 3D 22 1F B4 39 2B 00 00 59 0D 14 F6 65
1785248466323,16:21:06.624,00 00 00 00 00 00 00 00 18 00 42 00 00 A2 EF 00 A7 2F 00 00 AF 80 46 00 00 00 00 00 40 00 38 3B 8B 3B 61 44 44 2C 81 74 7F 78 A1 5C 54 7C 0A 8A 82 6B 82 0D 5C 2E 40 3B 26 22 B4 39 2B 00 00 59 0C 14 F6 65
1785248466824,16:21:07.121,00 00 00 00 00 00 00 00 18 00 42 00 00 A2 EF 00 A7 2F 00 00 AF 80 46 00 00 00 00 00 40 00 38 3C 18 3C 17 44 44 2D 81 04 7F 78 A1 5C 54 71 0A D6 80 6A 85 0D 5D 2E 40 3E 23 21 AE 39 2C 00 00 59 0C 14 F6 65
1785248467325,16:21:07.624,00 00 00 00 00 00 00 00 18 00 42 00 00 A2 EF 00 A7 2F 00 00 AF 80 46 00 00 00 00 00 40 00 38 3C F8 3D 13 44 44 2D 81 20 7F 78 A1 5C 54 8F 0B 29 82 6A 85 0D 5C 2E 40 3C 25 23 B1 39 2C 00 00 59 0C 14 F6 65
1785248467826,16:21:08.103,00 00 00 00 00 00 00 00 18 00 42 00 00 A2 EF 00 A7 2F 00 00 AF 80 46 00 00 00 00 00 40 00 38 3D 7B 3D 67 44 44 2E 80 E4 7E 78 A1 5C 54 77 0B 31 82 6B 84 0D 5C 2E 40 3B 28 24 B4 39 2C 00 00 59 0B 15 F6 65
1785248468328,16:21:08.617,00 00 00 00 00 00 00 00 18 00 42 00 00 A2 EF 00 A7 2F 00 00 AF 80 46 00 00 00 00 00 40 00 38 3D CE 3D 88 44 44 2E 80 D0 7E 78 A1 5C 54 83 0B 06 81 6A 84 0D 5C 2E 40 3B 29 25 B6 39 2C 00 00 59 0B 15 F6 65
1785248468829,16:21:09.128,00 00 00 00 00 00 00 00 18 00 42 00 00 A2 EF 00 A7 2F 00 00 AF 80 46 00 00 00 00 00 40 00 38 3E 55 3E 5C 44 44 2E 80 90 7E 78 A1 5C 54 88 0B 07 7F 6A 85 0D 5C 2D 40 3B 29 24 B2 39 2B 00 00 59 0B 15 F6 65
1785248469330,16:21:09.632,00 00 00 00 00 00 00 00 18 00 42 00 00 A2 EF 00 A7 2F 00 00 AF 80 46 00 00 00 00 00 40 00 38 3E CD 3E A9 44 44 2F 80 D0 7E 78 A2 5C 54 71 0B 1D 78 6A 7C 0D 58 2C 40 35 31 2C BA 39 2B 00 00 59 09 15 F6 65
1785248469831,16:21:10.131,00 00 00 00 00 00 00 00 18 00 42 00 00 A2 EF 00 A7 2F 00 00 AF 80 46 00 00 00 00 00 40 00 39 3E CD 3E A5 44 44 2F 80 1C 7E 78 A1 5C 54 8B 0A EF 78 69 7A 0D 58 2C 40 34 35 30 B7 39 2B 00 00 59 08 15 F6 65
1785248470332,16:21:10.628,00 00 00 00 00 00 00 00 18 00 42 00 00 A2 EF 00 A7 2F 00 00 AF 80 46 00 00 00 00 00 40 00 39 3E 88 3E 5A 44 44 2F 7F F8 7E 78 A1 5C 54 7E 0A EC 7A 69 7B 0D 58 2C 40 34 35 2F B3 39 2B 00 00 59 08 15 F6 65
1785248470834,16:21:11.106,00 00 00 00 00 00 00 00 18 00 42 00 00 A2 EF 00 A7 2F 00 00 AF 80 46 00 00 00 00 00 40 00 38 3E CD 3E C3 44 44 2F 7F F4 7E 78 A2 5C 54 7D 0B 07 78 68 7C 0D 59 2C 40 35 34 2E AF 39 2C 00 00 59 09 15 F6 65
1785248471336,16:21:11.609,00 00 00 00 00 00 00 00 18 00 42 00 00 A2 EF 00 A7 2F 00 00 AF 80 46 00 00 00 00 00 40 00 38 3E EF 3E D9 44 44 2F 7F E0 7D 78 A1 5C 54 7A 0B 3F 7E 68 7E 0D 59 2C 40 36 32 2D AC 39 2C 00 00 59 09 15 F6 65
1785248471837,16:21:12.132,00 00 00 00 00 00 00 00 18 00 42 00 00 A2 EF 00 A7 2F 00 00 AF 80 46 00 00 00 00 00 40 00 38 3F 12 3F 36 44 44 2F 80 48 7D 78 A2 5C 54 91 0B 94 79 68 80 0D 5B 2D 40 38 2F 2B AA 39 2C 00 00 59 0A 15 F6 65
1785248472338,16:21:12.655,00 00 00 00 00 00 00 00 18 00 42 00 00 A2 EF 00 A7 2F 00 00 AF 80 46 00 00 00 00 00 40 00 38 3F 58 3F 68 44 44 2F 80 50 7D 78 A1 5C 54 85 0C 1C 7B 69 85 0D 5D 2E 40 3C 29 27 9D 3A 2C 00 00 59 0B 15 F6 65
1785248472840,16:21:13.137,00 00 00 00 00 00 00 00 18 00 42 00 00 A2 EF 00 A7 2F 00 00 AF 80 46 00 00 00 00 00 40 00 38 3F C2 3F C5 44 44 2F 80 98 7D 78 A2 5C 54 90 0D 5D 7E 6A 87 0D 5D 2E 40 3E 27 29 99 3A 2C 00 00 59 0C 15 F6 65
1785248473342,16:21:13.656,00 00 00 00 00 00 00 00 18 00 42 00 00 A2 EF 00 A7 2F 00 00 AF 80 46 00 00 00 00 00 40 00 38 40 09 40 2C 44 44 30 80 A4 7D 78 A2 5C 54 94 0E 68 82 6C 86 0D 5D 2E 40 3D 28 2D 9D 3A 2C 00 00 59 0B 15 F6 65
1785248473843,16:21:14.138,00 00 00 00 00 00 00 00 18 00 42 00 00 A2 EF 00 A7 2F 00 00 AF 80 46 00 00 00 00 00 40 00 38 40 AC 40 A8 44 44 30 80 A8 7D 79 A2 5C 54 80 0E 71 83 6E 86 0D 5C 2E 40 3D 29 2E A4 3A 2C 00 00 59 0B 15 F6 65
1785248474346,16:21:14.644,00 00 00 00 00 00 00 00 18 00 42 00 00 A2 EF 00 A7 2F 00 00 AF 80 46 00 00 00 00 00 40 00 38 40 D0 40 A7 44 44 30 80 88 7D 79 A2 5C 54 8E 0D F1 84 6E 84 0D 5C 2E 40 3C 2B 2F AD 3A 2C 00 00 59 0A 15 F6 65
1785248474848,16:21:15.148,00 00 00 00 00 00 00 00 18 00 42 00 00 A2 EF 00 A7 2F 00 00 AF 80 46 00 00 00 00 00 40 00 38 40 F5 40 F9 44 44 30 80 54 7D 79 A2 5C 54 94 0D 0F 7F 6D 84 0D 5C 2D 40 3B 2C 2C AF 39 2C 00 00 59 0A 15 F6 65
1785248475349,16:21:15.639,00 00 00 00 00 00 00 00 18 00 42 00 00 A2 EF 00 A7 2F 00 00 AF 80 46 00 00 00 00 00 40 00 38 40 F5 40 E6 44 44 30 80 20 7C 79 A2 5C 54 7D 0C 85 85 6C 84 0D 5C 2D 40 3B 2C 2B AF 3A 2C 00 00 59 0A 15 F6 65
1785248475850,16:21:16.148,00 00 00 00 00 00 00 00 18 00 42 00 00 A2 EF 00 A7 2F 00 00 AF 80 46 00 00 00 00 00 40 00 38 40 F5 40 E5 44 44 30 7F CC 7C 79 A2 5C 54 8A 0C 54 84 6C 84 0D 5C 2E 40 3B 2C 2A AE 39 2C 00 00 59 0A 15 F6 65
1785248476350,16:21:16.652,00 00 00 00 00 00 00 00 18 00 42 00 00 A2 EF 00 A7 2F 00 00 AF 80 46 00 00 00 00 00 40 00 38 41 52 41 22 44 44 30 7F E0 7C 79 A2 5C 54 8C 0C 70 81 6B 85 0D 5C 2E 40 3C 2B 29 A9 3A 2C 00 00 5A 0B 15 F6 65
1785248476850,16:21:17.160,00 00 00 00 00 00 00 00 18 00 42 00 00 A2 EF 00 A7 2F 00 00 AF 80 46 00 00 00 00 00 40 00 38 41 2D 41 04 44 44 30 80 6C 7C 79 A2 5C 54 79 0C BB 7F 6B 84 0D 5B 2D 40 3B 2C 2B AB 3A 2C 00 00 59 0A 15 F6 65
1785248477352,16:21:17.649,00 00 00 00 00 00 00 00 18 00 42 00 00 A2 EF 00 A7 2F 00 00 AF 80 46 00 00 00 00 00 40 00 38 40 E3 40 E5 44 44 30 7F F4 7C 79 A2 5C 54 7A 0C A8 7B 6B 81 0D 5A 2D 40 39 30 2E AE 3A 2C 00 00 5A 09 15 F6 65
1785248477854,16:21:18.153,00 00 00 00 00 00 00 00 18 00 42 00 00 A2 EF 00 A7 2F 00 00 AF 80 46 00 00 00 00 00 40 00 38 40 9A 40 8B 44 44 30 7F C8 7C 79 A2 5C 54 7F 0C 8F 7A 6A 79 0D 57 2B 40 33 38 37 AD 3A 2C 00 00 5A 08 15 F6 65
1785248478355,16:21:18.656,00 00 00 00 00 00 00 00 18 00 42 00 00 A2 EF 00 A7 2F 00 00 AF 80 46 00 00 00 00 00 40 00 38 40 AC 40 B6 44 44 30 7F 6C 7B 79 A2 5C 54 8E 0B B5 80 6A 74 0D 55 2A 40 2D 38 38 BE 3A 2C 00 00 5A 06 15 F6 65
1785248478855,16:21:19.157,00 00 00 00 00 00 00 00 18 00 42 00 00 A2 EF 00 A7 2F 00 00 AF 80 46 00 00 00 00 00 40 00 38 3F C2 3F B6 44 44 30 7F 40 7B 79 A2 5C 54 8F 0B 30 77 69 70 0D 52 29 40 28 38 38 BE 3A 2C 00 00 5A 05 15 F6 65
1785248479356,16:21:19.660,00 00 00 00 00 00 00 00 18 00 42 00 00 A2 EF 00 A7 2F 00 00 AF 80 46 00 00 00 00 00 40 00 38 3E DE 3E 9B 44 44 2F 7F 08 7B 79 A2 5C 54 8D 0A E5 76 68 6D 0D 50 28 40 24 38 38 B7 3A 2C 00 00 5A 04 15 F6 65
1785248479856,16:21:20.138,00 00 00 00 00 00 00 00 18 00 42 00 00 A2 EF 00 A7 2F 00 00 AF 80 46 00 00 00 00 00 40 00 38 3D CE 3D DB 44 44 2E 7E 58 7B 79 A1 5C 54 87 0A CF 74 67 6C 0D 4F 27 40 22 38 38 B4 3A 2C 00 00 5A 04 15 F6 65
1785248480358,16:21:20.688,00 00 00 00 00 00 00 00 18 00 42 00 00 A2 EF 00 A7 2F 00 00 AF 80 46 00 00 00 00 00 40 00 38 3C 57 3C 53 44 44 2E 7E 78 7B 79 A2 5C 54 8E 0A C5 75 66 69 0D 32 19 40 08 38 38 A9 3A 2C 00 00 5A 01 14 F6 65
1785248480860,16:21:21.156,00 00 00 00 00 00 00 00 18 00 42 00 00 A2 EF 00 A7 2F 00 00 AF 09 46 09 00 00 00 00 40 00 38 3B 4E 3B 64 44 44 2C 7E 20 7B 79 A2 5C 54 88 0D 54 7C 66 64 0D 32 19 40 00 38 38 00 3A 2C 00 00 5A FB 14 F6 65
1785248481360,16:21:21.657,00 00 00 00 00 00 00 00 18 00 42 00 00 A2 EF 00 A7 2F 00 00 AF 09 46 09 00 00 00 00 40 00 38 39 AB 39 78 44 44 2B 7D B8 7B 79 A2 5C 54 8D 0E 96 79 67 64 0D 32 19 40 00 38 38 00 3A 2C 00 00 5A FB 13 F6 65
1785248481862,16:21:22.160,00 00 00 00 00 00 00 00 18 00 42 00 00 A2 EF 00 A7 2F 00 00 AF 09 46 09 00 00 00 00 40 00 38 38 1F 38 30 44 44 2A 7D E4 7A 79 A2 5C 54 8E 0E EC 78 68 64 0D 32 19 40 00 38 38 00 3A 2C 00 00 5A FB 13 F6 65
1785248482363,16:21:22.644,00 00 00 00 00 00 00 00 18 00 42 00 00 A2 EF 00 A7 2F 00 00 AF 09 46 09 00 00 00 00 40 00 38 36 EA 36 FD 44 44 29 7D CC 7A 79 A2 5C 54 95 0E C5 7D 69 64 0D 32 19 40 00 38 38 00 3A 2C 00 00 5A FB 13 F6 65
1785248482864,16:21:23.166,00 00 00 00 00 00 00 00 18 00 42 00 00 A2 EF 00 A7 2F 00 00 AF 09 46 09 00 00 00 00 40 00 38 35 9B 35 75 44 44 28 7D EC 7A 7A A2 5A 54 96 0E 83 7F 69 64 0D 3B 1E 40 00 38 38 00 3A 2C 00 00 5A FB 13 F6 65
1785248483365,16:21:23.642,00 00 00 00 00 00 00 00 18 00 42 00 00 A2 EF 00 A7 2F 00 00 AF 00 46 00 00 00 00 00 40 00 38 34 38 34 1C 44 44 27 7D FC 7A 7A A2 5A 54 96 0E 32 7F 69 67 0D 48 24 40 12 38 38 00 3A 2C 00 00 5A 02 12 F6 65
1785248483867,16:21:24.145,00 00 00 00 00 00 00 00 18 00 42 00 00 A2 EF 00 A7 2F 00 00 AF 80 46 00 00 00 00 00 40 00 38 33 2C 33 2D 44 44 26 7E 44 7A 7A A2 5A 54 89 0D A2 7A 68 68 0D 4A 25 40 16 38 38 A9 3A 2C 00 00 5A 03 12 F6 65
1785248484369,16:21:24.666,00 00 00 00 00 00 00 00 18 00 42 00 00 A2 EF 00 A7 2F 00 00 AF 80 46 00 00 00 00 00 40 00 38 33 5A 32 E8 44 44 26 7E 68 7A 7A A2 5A 54 92 0D 05 7F 68 74 0D 56 2B 40 2E 31 3F 00 39 2C 00 00 5A 0A 12 F6 65
1785248484870,16:21:25.169,00 00 00 00 00 00 00 00 18 00 42 00 00 A2 EF 00 A7 2F 00 00 AF 80 46 00 00 00 00 00 40 00 38 32 DC 32 63 44 44 25 7B 24 7A 7A A2 5A 54 81 0D 6C 7B 6A 79 0D 5D 2E 40 3B 20 2C 00 39 2C 00 00 5A 0E 12 F6 65
1785248485371,16:21:25.665,00 00 00 00 00 00 00 00 18 00 42 00 00 A2 EF 00 A7 2F 00 00 AF 80 46 00 00 00 00 00 40 00 38 33 65 33 37 44 44 27 81 AC 79 7A A2 5A 54 98 0E 0A 82 6C 81 0D 5F 2F 40 42 1A 24 00 39 2B 00 00 5A 11 13 F6 65
1785248485873,16:21:26.147,00 00 00 00 00 00 00 00 18 00 42 00 00 A2 EF 00 A7 2F 00 00 AF 80 46 00 00 00 00 00 40 00 38 35 2B 35 4C 44 44 27 7F 04 79 7A A2 5A 54 93 0E 78 84 70 81 0D 5F 2F 40 42 1B 26 B1 39 2B 00 00 5A 10 13 F6 65
1785248486374,16:21:26.668,00 00 00 00 00 00 00 00 18 00 42 00 00 A2 EF 00 A7 2F 00 00 AF 80 46 00 00 00 00 00 40 00 38 36 40 36 55 44 44 28 81 98 79 7A A2 5A 54 71 0C 41 8E 72 83 0D 5F 2F 40 43 1B 20 B7 39 2B 00 00 5A 10 13 F6 65
1785248486876,16:21:27.158,00 00 00 00 00 00 00 00 18 00 42 00 00 A2 EF 00 A7 2F 00 00 AF 80 46 00 00 00 00 00 40 00 38 37 61 37 4B 44 44 29 81 CC 79 7A A2 5A 54 90 0B 27 7F 6F 84 0D 60 30 40 43 1B 1D B9 39 2B 00 00 5A 10 13 F6 65
1785248487378,16:21:27.651,00 00 00 00 00 00 00 00 18 00 42 00 00 A2 EF 00 A7 2F 00 00 AF 80 46 00 00 00 00 00 40 00 38 38 72 38 8C 44 44 29 81 88 79 7A A2 5A 54 72 0A B7 81 6E 88 00 63 31 40 48 1B 19 B7 39 2B 00 00 5A 11 14 F6 65
1785248487880,16:21:28.154,00 00 00 00 00 00 00 00 18 00 42 00 00 A2 EF 00 A7 2F 00 00 AF 80 46 00 00 00 00 00 40 00 38 39 38 39 2A 44 44 2A 81 CC 79 7A A2 5A 54 85 0A CE 83 6E 8A 00 62 31 40 49 1B 18 B4 39 2B 00 00 5A 12 14 F6 65
1785248488381,16:21:28.716,00 00 00 00 00 00 00 00 18 00 42 00 00 A2 EF 00 A7 2F 00 00 AF 80 46 00 00 00 00 00 40 00 38 3A D4 3A D6 44 44 2B 81 B0 79 7A A2 5A 54 72 0B 0B 7E 6F 8B 00 61 30 40 47 1B 1A B6 39 2B 00 00 5A 10 15 F6 65
1785248488882,16:21:29.178,00 00 00 00 00 00 00 00 18 00 42 00 00 A2 EF 00 A7 2F 00 00 AF 80 46 00 00 00 00 00 40 00 38 3B E9 3B EC 44 44 2C 81 B8 79 7A A2 5A 54 91 0B 1B 80 6F 8D 00 61 30 40 46 1B 1B B7 39 2B 00 00 5A 10 15 F6 65
1785248489383,16:21:29.664,00 00 00 00 00 00 00 00 18 00 42 00 00 A2 EF 00 A7 2F 00 00 AF 80 46 00 00 00 00 00 40 00 38 3C D8 3C DC 44 44 2D 81 C4 78 7A A2 5A 54 6F 0B 13 85 6E 8D 00 61 30 40 45 1B 1C B9 39 2B 00 00 5A 0F 15 F6 65
1785248489884,16:21:30.164,00 00 00 00 00 00 00 00 18 00 42 00 00 A2 EF 00 A7 2F 00 00 AF 80 46 00 00 00 00 00 40 00 39 3D 9C 3D 68 44 44 2D 81 50 78 7A A2 5A 54 91 0B 36 7C 6D 8E 0D 61 30 40 46 1C 1C B8 39 2B 00 00 5A 0F 15 F6 65
1785248490385,16:21:30.658,00 00 00 00 00 00 00 00 18 00 42 00 00 A2 EF 00 A7 2F 00 00 AF 80 46 00 00 00 00 00 40 00 39 3E 77 3E C4 44 44 2E 81 80 78 7A A2 5A 54 90 0B 55 81 6E 8F 0D 61 30 40 46 1D 1C B6 39 2B 00 00 5A 0E 16 F6 65
1785248490886,16:21:31.181,00 00 00 00 00 00 00 00 18 00 42 00 00 A2 EF 00 A7 2F 00 00 AF 80 46 00 00 00 00 00 40 00 38 3F 46 3F 87 44 44 2F 81 20 78 7A A2 5A 54 75 0B 3F 88 6E 8F 0D 60 30 40 45 1D 1C B5 39 2B 00 00 5A 0E 16 F6 65
1785248491387,16:21:31.684,00 00 00 00 00 00 00 00 18 00 42 00 00 A2 EF 00 A7 2F 00 00 AF 80 46 00 00 00 00 00 40 00 38 3F 7B 3F 79 44 44 2F 81 40 78 7A A2 5A 54 81 0B 7B 84 6D 81 0D 5A 2D 40 38 2D 29 BF 3A 2C 00 00 5A 0A 15 F6 65
1785248491888,16:21:32.183,00 00 00 00 00 00 00 00 18 00 42 00 00 A2 EF 00 A7 2F 00 00 AF 80 46 00 00 00 00 00 40 00 38 3F D3 3F CD 44 44 2F 80 74 78 7C A2 5A 54 73 0B 41 7A 6B 81 0D 5A 2D 40 38 2F 2A BC 3A 2C 00 00 5A 0A 15 F6 65
1785248492388,16:21:32.684,00 00 00 00 00 00 00 00 18 00 42 00 00 A2 EF 00 A7 2F 00 00 AF 80 46 00 00 00 00 00 40 00 38 3F C2 3F C5 44 44 2F 7F E0 78 7C A2 5A 54 76 0B 07 81 6A 80 0D 5A 2D 40 38 30 29 B8 3A 2C 00 00 5A 0A 15 F6 65
1785248492890,16:21:33.191,00 00 00 00 00 00 00 00 18 00 42 00 00 A2 EF 00 A7 2F 00 00 AF 80 46 00 00 00 00 00 40 00 39 3F D3 3F AA 44 44 2F 80 1C 78 7C A2 5A 54 8B 0B 11 7D 69 7D 0D 58 2C 40 35 33 2D B4 3A 2C 00 00 5A 08 15 F6 65
1785248493392,16:21:33.691,00 00 00 00 00 00 00 00 18 00 42 00 00 A2 EF 00 A7 2F 00 00 AF 80 46 00 00 00 00 00 40 00 39 3F 8C 3F C2 44 44 2F 80 14 77 7C A2 5A 54 76 0A EB 77 69 76 0D 56 2B 40 2F 38 32 C0 3A 2C 00 00 5A 07 15 F6 65
1785248493892,16:21:34.170,00 00 00 00 00 00 00 00 18 00 42 00 00 A2 EF 00 A7 2F 00 00 AF 80 46 00 00 00 00 00 40 00 38 3F 7B 3F 68 44 44 2F 7F 84 77 7C A2 5A 54 7E 0A C5 78 68 73 0D 53 29 40 2B 38 32 BF 3A 2C 00 00 5A 06 15 F6 65
1785248494393,16:21:34.693,00 00 00 00 00 00 00 00 18 00 42 00 00 A2 EF 00 A7 2F 00 00 AF 80 46 00 00 00 00 00 40 00 38 3E CD 3E BD 44 44 2F 7F 88 77 7C A2 5A 54 89 0A A9 7B 68 6D 0D 50 28 40 23 38 32 B6 39 2C 00 00 5A 04 15 F6 65
1785248494893,16:21:35.192,00 00 00 00 00 00 00 00 18 00 42 00 00 A2 EF 00 A7 2F 00 00 AF 80 46 00 00 00 00 00 40 00 39 3D CE 3D AA 44 44 2E 7F 1C 77 7C A2 5A 54 83 0A CC 7A 67 6B 0D 4E 27 40 1E 38 32 AD 39 2C 00 00 5A 03 15 F6 65
1785248495394,16:21:35.691,00 00 00 00 00 00 00 00 18 00 42 00 00 A2 EF 00 A7 2F 00 00 AF 80 46 00 00 00 00 00 40 00 39 3C A7 3C C3 44 44 2D 7E C0 77 7C A2 5A 54 8C 0B 26 7D 67 6B 0D 4D 26 40 1D 38 32 AD 39 2C 00 00 5A 03 14 F6 65
1785248495895,16:21:36.192,00 00 00 00 00 00 00 00 18 00 42 00 00 A2 EF 00 A7 2F 00 00 AF 01 46 09 00 00 00 00 40 00 38 3B 4E 3B 71 44 44 2D 7E 90 77 7C A2 5A 54 9B 0C 73 74 66 64 0D 32 19 40 01 38 32 00 39 2C 00 00 5A FE 14 F6 65
1785248496396,16:21:36.691,00 00 00 00 00 00 00 00 18 00 42 00 00 A2 EF 00 A7 2F 00 00 AF 09 46 09 00 00 00 00 40 00 38 3A 20 39 FE 44 44 2C 7E 00 77 7C A3 5A 54 91 0E 46 77 66 64 0D 32 19 40 00 38 32 00 3A 2C 00 00 5A FB 14 F6 65
1785248496897,16:21:37.199,00 00 00 00 00 00 00 00 18 00 42 00 00 A2 EF 00 A7 2F 00 00 AF 09 46 09 00 00 00 00 40 00 38 38 8E 38 59 44 44 2B 7D F4 76 7C A3 5A 54 97 0E C8 78 68 64 0D 32 19 40 00 38 32 00 3A 2C 00 00 5A FB 13 F6 65
1785248497399,16:21:37.693,00 00 00 00 00 00 00 00 18 00 42 00 00 A2 EF 00 A7 2F 00 00 AF 09 46 09 00 00 00 00 40 00 38 37 61 37 36 44 44 2A 7E 30 76 7C A3 5A 54 98 0E CC 7F 68 64 0D 32 19 40 00 38 32 00 3A 2C 00 00 5A FB 13 F6 65
1785248497901,16:21:38.208,00 00 00 00 00 00 00 00 18 00 42 00 00 A2 EF 00 A7 2F 00 00 AF 09 46 09 00 00 00 00 40 00 38 36 27 36 28 44 44 29 7D F8 76 7C A3 5A 54 88 0E 9F 78 68 64 0D 32 19 40 00 38 32 00 39 2C 00 00 5A FB 13 F6 65
1785248498402,16:21:38.693,00 00 00 00 00 00 00 00 18 00 42 00 00 A2 EF 00 A7 2F 00 00 AF 09 46 09 00 00 00 00 40 00 38 34 FA 34 C9 44 44 28 7D F8 76 7C A3 5A 54 8E 0E 50 80 69 64 0D 32 19 40 00 38 32 00 39 2C 00 00 5A FB 12 F6 65
1785248498902,16:21:39.197,00 00 00 00 00 00 00 00 18 00 42 00 00 A2 EF 00 A7 2F 00 00 AF 09 46 09 00 00 00 00 40 00 38 33 9F 33 77 44 44 27 7E 04 76 7C A3 5A 54 81 0E 09 77 68 64 0D 32 19 40 00 38 32 00 39 2C 00 00 5A FB 12 F6 65
1785248499402,16:21:39.698,00 00 00 00 00 00 00 00 18 00 42 00 00 A2 EF 00 A7 2F 00 00 AF 09 46 09 00 00 00 00 40 00 38 32 77 32 87 44 44 26 7E 18 76 7C A3 5A 54 7F 0D B0 78 68 64 0D 32 19 40 00 38 32 00 39 2C 00 00 5A FB 12 F6 65
1785248499903,16:21:40.195,00 00 00 00 00 00 00 00 18 00 42 00 00 A2 EF 00 A7 2F 00 00 AF 01 46 09 00 00 00 00 40 00 38 31 12 30 EA 44 44 25 7E 10 76 7C A3 5A 54 95 0D 79 7F 69 64 0D 32 19 40 00 38 32 00 39 2C 00 00 5A FB 12 F6 65
1785248500404,16:21:40.678,00 00 00 00 00 00 00 00 18 00 42 00 00 A2 EF 00 A7 2F 00 00 AF 01 46 09 00 00 00 00 40 00 38 2F B6 2F A5 44 44 24 7E 28 75 7C A3 5A 54 93 0D 1D 7D 67 64 0D 32 19 40 00 38 32 00 39 2C 00 00 5A FB 11 F6 65
1785248500905,16:21:41.190,00 00 00 00 00 00 00 00 18 00 42 00 00 A2 EF 00 A7 2F 00 00 AF 01 46 09 00 00 00 00 40 00 38 2E 6D 2E 4F 44 44 23 7E 44 75 7D A3 5A 54 92 0C C1 80 6B 64 0D 32 19 40 00 38 32 00 39 2C 00 00 5A FC 11 F6 65
1785248501406,16:21:41.678,00 00 00 00 00 00 00 00 18 00 42 00 00 A2 EF 00 A7 2F 00 00 AF 00 46 00 00 00 00 00 40 00 38 2D B4 2D A5 44 44 22 7E 48 75 7D A3 5A 54 7E 0C 6E 75 67 65 0D 4A 25 40 0E 38 32 00 39 2C 00 00 5A 01 11 F6 65
1785248501908,16:21:42.185,00 00 00 00 00 00 00 00 18 00 42 00 00 A2 EF 00 A7 2F 00 00 AF 80 46 00 00 00 00 00 40 00 38 2E 5B 2E 77 44 44 22 7E 40 75 7D A3 5A 54 8D 0C 5F 7D 69 70 0D 5D 2E 40 35 30 40 00 39 2C 00 00 5A 0B 11 F6 65
1785248502409,16:21:42.706,00 00 00 00 00 00 00 00 18 00 42 00 00 A2 EF 00 A7 2F 00 00 AF 80 46 00 00 00 00 00 40 00 38 2E 48 2E 80 44 44 21 7D 30 75 7D A3 5A 54 7B 0C 81 87 6D 86 0D 69 34 40 51 16 1A 00 39 2B 00 00 5A 19 15 F6 65
1785248502911,16:21:43.184,00 00 00 00 00 00 00 00 18 00 42 00 00 A2 EF 00 A7 2F 00 00 AF 90 46 00 00 00 00 00 40 00 38 31 87 31 72 44 44 24 85 44 75 7D A3 5A 54 91 0D A7 87 71 8B 0D 68 34 40 55 16 19 00 39 2B 00 00 5A 19 14 F6 65
1785248503411,16:21:43.750,00 00 00 00 00 00 00 00 18 00 42 00 00 A2 EF 00 A7 2F 00 00 AF 80 46 00 00 00 00 00 40 00 38 34 98 34 97 44 44 26 83 1C 75 7D A3 5A 54 8F 0E D4 8E 77 89 0D 64 32 40 4E 18 1C 00 39 2B 00 00 5A 15 14 F6 65
1785248503913,16:21:44.193,00 00 00 00 00 00 00 00 18 00 42 00 00 A2 EF 00 A7 2F 00 00 AF 80 46 00 00 00 00 00 40 00 38 36 27 36 6E 44 44 27 84 68 75 7D A3 5A 54 97 0E 32 95 79 83 0D 5F 30 40 43 1B 24 B3 39 2B 00 00 5A 11 13 F6 65
1785248504414,16:21:44.709,00 00 00 00 00 00 00 00 18 00 42 00 00 A2 EF 00 A7 2F 00 00 AF 80 46 00 00 00 00 00 40 00 38 37 54 37 4C 44 44 29 82 5C 74 7D A3 5A 54 92 0C 88 90 75 83 0D 5E 2F 40 40 1B 22 BC 39 2B 00 00 5A 0F 13 F6 65
1785248504916,16:21:45.213,00 00 00 00 00 00 00 00 18 00 42 00 00 A2 EF 00 A7 2F 00 00 AF 80 46 00 00 00 00 00 40 00 39 38 1F 38 10 44 44 29 81 8C 74 7D A3 5A 54 8D 0B 73 85 71 81 0D 5C 2E 40 3D 20 22 B9 39 2B 00 00 5A 0D 13 F6 65
1785248505417,16:21:45.689,00 00 00 00 00 00 00 00 18 00 42 00 00 A2 EF 00 A7 2F 00 00 AF 80 46 00 00 00 00 00 40 00 39 38 E3 38 BE 44 44 2A 81 34 74 7D A3 5A 54 8E 0A E8 7E 6E 7E 0D 5A 2D 40 38 28 26 B6 39 2C 00 00 5A 0B 13 F6 65
1785248505919,16:21:46.196,00 00 00 00 00 00 00 00 18 00 42 00 00 A2 EF 00 A7 2F 00 00 AF 80 46 00 00 00 00 00 40 00 38 39 71 39 A5 44 44 2A 81 2C 74 7D A3 5A 54 78 0A A8 7B 6C 7B 0D 58 2C 40 34 2E 2B BA 39 2C 00 00 5A 0A 13 F6 65
1785248506419,16:21:46.717,00 00 00 00 00 00 00 00 18 00 42 00 00 A2 EF 00 A7 2F 00 00 AF 80 46 00 00 00 00 00 40 00 38 39 BA 39 A9 44 44 2B 80 B4 74 7D A3 5A 54 7B 0A 7D 79 6B 78 0D 57 2B 40 32 32 2D BE 39 2C 00 00 5A 09 13 F6 65
1785248506919,16:21:47.223,00 00 00 00 00 00 00 00 18 00 42 00 00 A2 EF 00 A7 2F 00 00 AF 80 46 00 00 00 00 01 60 00 38 39 AB 39 C7 44 44 2B 80 4C 74 7D A3 5A 54 8D 0A 57 78 69 78 0D 57 2B 40 31 33 2E BC 39 2C 00 00 5A 09 13 F6 65
1785248507421,16:21:47.720,00 00 00 00 00 00 00 00 18 00 42 00 00 A2 EF 00 A7 2F 00 00 AF 80 46 00 00 00 00 01 60 00 38 39 C8 39 D0 44 44 2B 80 68 74 7D A3 5A 54 8A 0A 40 7D 69 70 0D 50 28 40 26 39 35 C0 39 2C 00 00 5A 06 13 F6 65
1785248507921,16:21:48.218,00 00 00 00 00 00 00 00 18 00 42 00 00 A2 EF 00 A7 2F 00 00 AF 80 46 00 00 00 00 01 60 00 39 38 E3 39 45 44 44 2B 80 18 73 7D A3 5A 54 71 0A 2C 7C 68 6A 0D 4D 26 40 1B 39 35 AD 39 2C 00 00 5A 03 13 F6 65
1785248508422,16:21:48.698,00 00 00 00 00 00 00 00 18 00 42 00 00 A2 EF 00 A7 2F 00 00 AF 80 46 00 00 00 00 01 60 00 39 38 80 38 70 44 44 2A 7E FC 74 7D A3 5A 54 84 0A 74 7D 67 6A 0D 4D 26 40 1C 39 35 B1 39 2C 00 00 5A 03 13 F6 65
1785248508924,16:21:49.207,00 00 00 00 00 00 00 00 18 00 42 00 00 A2 EF 00 A7 2F 00 00 AF 80 46 00 00 00 00 01 60 00 38 37 DB 37 BA 44 44 2A 7F 0C 73 7D A3 5A 54 8B 0A 6B 80 67 6B 0D 4D 26 40 1D 39 35 B4 39 2C 00 00 5A 04 13 F6 65
1785248509424,16:21:49.719,00 00 00 00 00 00 00 00 18 00 42 00 00 A2 EF 00 A7 2F 00 00 AF 80 46 00 00 00 00 01 60 00 38 37 61 37 55 44 44 29 7E F0 73 7D A3 5A 54 6D 0A 16 77 67 6B 0D 4E 27 40 1E 39 35 B6 39 2C 00 00 5A 04 13 F6 65
1785248509925,16:21:50.200,00 00 00 00 00 00 00 00 18 00 42 00 00 A2 EF 00 A7 2F 00 00 AF 80 46 00 00 00 00 01 60 00 39 36 EA 36 F2 44 44 29 7F 24 73 7D A3 5A 54 83 09 CD 7E 67 6C 0D 4F 28 40 21 39 35 BB 39 2C 00 00 5A 05 13 F6 65
1785248510426,16:21:50.725,00 00 00 00 00 00 00 00 18 00 42 00 00 A2 EF 00 A7 2F 00 00 AF 80 46 00 00 00 00 01 60 00 39 37 7C 37 9C 44 44 29 7F 84 73 7D A3 5A 54 71 09 96 76 67 72 0D 55 2A 40 2A 3E 36 BD 39 2C 00 00 5A 07 13 F6 65
1785248510928,16:21:51.226,00 00 00 00 00 00 00 00 18 00 42 00 00 A2 EF 00 A7 2F 00 00 AF 80 46 00 00 00 00 01 60 00 38 36 0D 36 53 44 44 29 7F 80 73 7E A3 5A 54 6A 09 94 77 67 76 0D 56 2B 40 2F 31 2C AB 39 2C 00 00 5A 09 13 F6 65
1785248511431,16:21:51.722,00 00 00 00 00 00 00 00 18 00 42 00 00 A2 EF 00 A7 2F 00 00 AF 80 46 00 00 00 00 01 60 00 38 37 1F 37 15 44 44 29 80 30 73 7E A3 5A 54 82 0A 65 77 67 7C 0D 5B 2D 40 38 26 24 A1 39 2C 00 00 5A 0C 13 F6 65
1785248511932,16:21:52.263,00 00 00 00 00 00 00 00 18 00 42 00 00 A2 EF 00 A7 2F 00 00 AF 80 46 00 00 00 00 01 60 00 39 37 B2 37 C1 44 44 29 80 94 73 7E A3 5A 54 70 0B 0F 86 6A 85 0D 60 30 40 43 1B 1D AB 39 2C 00 00 5A 10 13 F6 65
1785248512433,16:21:52.708,00 00 00 00 00 00 00 00 18 00 42 00 00 A2 EF 00 A7 2F 00 00 AF 80 46 00 00 00 00 01 60 00 39 38 72 38 62 44 44 2A 81 14 73 7E A3 5A 54 7C 0B 35 84 6B 7C 0D 58 2C 40 35 28 27 A3 39 2B 00 00 5A 0A 13 F6 65
1785248512934,16:21:53.208,00 00 00 00 00 00 00 00 18 00 42 00 00 A2 EF 00 A7 2F 00 00 AF 80 46 00 00 00 00 01 60 00 39 38 9C 38 B1 44 44 2A 80 DC 72 7E A3 5A 54 84 0B 7F 83 6B 76 0D 54 2A 40 2E 35 37 B3 39 2C 00 00 5A 08 13 F6 65
1785248513434,16:21:53.710,00 00 00 00 00 00 00 00 18 00 42 00 00 A2 EF 00 A7 2F 00 00 AF 80 46 00 00 00 00 01 60 00 39 36 EA 36 CF 44 44 2A 80 00 72 7E A3 5A 54 76 0A C1 82 6B 6D 0D 4F 27 40 22 3A 3D BD 39 2C 00 00 5A 05 13 F6 65
1785248513936,16:21:54.228,00 00 00 00 00 00 00 00 18 00 42 00 00 A2 EF 00 A7 2F 00 00 AF 80 46 00 00 00 00 01 60 00 38 37 61 37 41 44 44 2A 7F 74 72 7E A3 5A 54 85 0A 4E 76 69 66 0D 32 19 40 07 3A 3D 85 39 2C 00 00 5A 00 13 F6 65
1785248514437,16:21:54.734,00 00 00 00 00 00 00 00 18 00 42 00 00 A2 EF 00 A7 2F 00 00 AF 09 46 09 00 00 00 01 60 00 38 35 CE 35 BE 44 44 29 7E 9C 72 7E A3 5A 54 83 0C C3 76 67 64 0D 32 19 40 00 3A 3D 00 39 2C 00 00 5A FB 13 F6 65
1785248514939,16:21:55.238,00 00 00 00 00 00 00 00 18 00 42 00 00 A2 EF 00 A7 2F 00 00 AF 09 46 09 00 00 00 01 60 00 38 34 68 34 4D 44 44 28 7D CC 72 7E A3 5A 54 96 0D 90 7F 68 64 0D 32 19 40 00 3A 3D 00 39 2C 00 00 5A FB 12 F6 65
1785248515441,16:21:55.740,00 00 00 00 00 00 00 00 18 00 42 00 00 A2 EF 00 A7 2F 00 00 AF 09 46 09 00 00 00 01 68 00 38 32 99 32 6C 44 44 27 7D 6C 72 7E A3 5A 54 83 0D A5 7E 69 64 0D 32 19 40 00 3A 3D 00 39 2C 00 00 5A FB 12 F6 65
1785248515941,16:21:56.236,00 00 00 00 00 00 00 00 18 00 42 00 00 A2 EF 00 A7 2F 00 00 EF 09 00 09 00 00 00 01 78 00 39 30 6C 30 58 44 44 25 7D 64 72 7E A3 5A 54 85 0D 58 76 67 64 0D 32 19 40 00 3A 3D 00 39 2C 00 00 5A FB 11 F6 65
1785248516442,16:21:56.744,00 00 00 00 00 00 00 00 18 00 42 00 00 A2 EF 00 A7 2F 00 00 EF 09 00 09 00 00 00 01 78 00 39 2E 64 2E 45 44 44 24 7C D8 72 7E A3 5A 54 8B 0C EB 7A 68 64 0D 32 19 40 00 3A 3D 00 39 2C 00 00 5A FB 11 F6 65
1785248516945,16:21:57.239,00 00 00 00 00 00 00 00 18 00 42 00 00 A2 EF 00 A7 2F 00 00 EF 09 00 09 00 00 00 01 78 00 39 2B A1 2B 66 44 44 21 7C C4 71 7E A3 5A 54 78 0C 48 7B 68 64 0D 32 19 40 00 3A 3D 00 39 2C 00 00 5A FB 10 F6 65
1785248517446,16:21:57.746,00 00 00 00 00 00 00 00 18 00 42 00 00 A2 EF 00 A7 2F 00 00 EF 01 00 09 00 00 00 01 78 00 39 28 05 28 01 44 44 1E 7B 44 71 7E A3 5A 54 7F 0B 81 7A 67 64 0D 32 19 40 00 3A 3D 00 39 2C 00 00 5A FD 0F F6 65
1785248517947,16:21:58.225,00 00 00 00 00 00 00 00 18 00 42 00 00 A2 EF 00 A7 2F 00 00 EF 01 00 09 00 00 00 01 78 00 39 23 E1 23 CD 44 44 1B 79 A0 71 7E A3 5A 54 84 0A 6C 79 67 64 0D 32 19 40 00 3A 3D 00 39 2C 00 00 5A 01 0E F6 65
1785248518450,16:21:58.748,00 00 00 00 00 00 00 00 18 00 42 00 00 A2 EF 00 A7 2F 00 00 EF 81 00 09 00 00 00 01 78 00 38 1F 55 1F 5B 44 44 18 79 C8 71 7E A3 5A 54 7F 09 68 7B 67 64 0D 32 19 40 00 3A 3D 00 39 2C 00 00 5A 05 0F F6 65
1785248518951,16:21:59.250,00 00 00 00 00 00 00 00 18 00 42 00 00 A2 EF 00 A7 2F 00 00 EF 81 00 09 00 00 00 01 78 00 38 1E 04 1E 15 44 44 16 7B 24 71 7E A3 5A 54 7F 08 77 76 67 64 0D 32 19 40 00 3A 3D 00 39 2C 00 00 5A 06 0E F6 65
1785248519451,16:21:59.750,00 00 00 00 00 00 00 00 18 00 42 00 00 A2 EF 00 A7 2F 00 00 EF 81 00 09 00 00 00 01 38 00 39 1D 66 1D 71 44 44 14 7C 18 71 7E A3 5A 54 81 08 15 7A 66 64 0D 32 19 40 00 3A 3D 00 39 2C 00 00 5A 07 0E F6 65
1785248519951,16:22:00.251,00 00 00 00 00 00 00 00 18 00 42 00 00 A2 EF 00 A7 2F 00 00 EF 81 00 09 00 00 00 01 38 00 39 1E 98 1E AA 44 44 12 7B 90 71 7E A3 5A 54 81 08 07 7B 66 64 0D 32 19 40 00 3A 3D 00 39 2C 00 00 5A 06 0E F6 65
1785248520453,16:22:00.751,00 00 00 00 00 00 00 00 18 00 42 00 00 A2 EF 00 A7 2F 00 00 EF 81 00 09 00 00 00 01 38 00 39 1D 6A 1D 69 44 44 0F 7A E0 70 80 A3 5A 54 73 08 30 7E 67 64 0D 32 19 40 00 3A 3D 00 3A 2C 00 00 5A 07 0E F6 65
1785248520954,16:22:01.254,00 00 00 00 00 00 00 00 18 00 42 00 00 A2 EF 00 A7 2F 00 00 EF 81 00 09 00 00 00 01 38 00 39 19 A1 19 A0 44 44 0D 7B A4 70 80 A3 5A 54 79 07 86 7E 67 64 0D 32 19 40 00 3A 3D 00 39 2C 00 00 5A 0B 0E F6 65
1785248521454,16:22:01.754,00 00 00 00 00 00 00 00 18 00 42 00 00 A2 EF 00 A7 2F 00 00 EF 81 00 09 00 00 00 01 38 00 39 19 B2 19 DB 44 44 0C 7D 74 70 80 A3 5A 54 61 07 43 7F 67 64 0D 32 19 40 00 3A 3D 00 3A 2C 00 00 5A 0B 0E F6 65
1785248521954,16:22:02.253,00 00 00 00 00 00 00 00 18 00 42 00 00 A2 EF 00 A7 2F 00 00 EF 81 00 09 00 00 00 01 38 00 39 1D C5 1D C9 44 44 0B 7D 40 70 80 A3 5A 54 7D 07 A9 7D 66 64 0D 32 19 40 00 3A 3D 00 39 2C 00 00 5A 07 0E F6 65
1785248522456,16:22:02.731,00 00 00 00 00 00 00 00 18 00 42 00 00 A2 EF 00 A7 2F 00 00 EF 81 00 09 00 00 00 01 38 00 39 1D A3 1D AD 44 44 0A 7D CC 70 80 A3 5A 54 71 07 C6 74 66 64 0D 32 19 40 00 3A 3D 00 39 2C 00 00 5A 07 0E F6 65
1785248522958,16:22:03.251,00 00 00 00 00 00 00 00 18 00 42 00 00 A2 EF 00 A7 2F 00 00 EF 81 00 09 00 00 00 01 38 00 39 1D 88 1D 5F 44 44 09 7E 10 70 80 A3 5A 54 66 07 D3 73 66 64 0D 32 19 40 00 3A 3D 00 39 2C 00 00 5A 07 0E F6 65
1785248523458,16:22:03.753,00 00 00 00 00 00 00 00 18 00 42 00 00 A2 EF 00 A7 2F 00 00 EF 81 00 09 00 00 00 01 38 00 39 1D 75 1D 5B 44 44 08 7D C4 70 80 A3 5A 54 71 07 D9 79 66 64 0D 32 19 40 00 3A 3D 00 39 2C 00 00 5A 07 0E F6 65
1785248523959,16:22:04.232,00 00 00 00 00 00 00 00 18 00 42 00 00 A2 EF 00 A7 2F 00 00 EF 81 00 09 00 00 00 01 38 00 39 1D 40 1D 34 44 44 06 7D 10 70 80 A3 5A 54 7E 07 C2 7A 66 64 0D 32 19 40 00 3A 3D 00 39 2C 00 00 5A 07 0E F6 65
1785248524461,16:22:04.736,00 00 00 00 00 00 00 00 18 00 42 00 00 A2 EF 00 A7 2F 00 00 EF 81 00 09 00 00 00 01 38 00 39 1D 9B 1D AA 44 44 05 7D 28 70 80 A2 5A 54 69 07 BA 7D 66 64 0D 32 19 40 00 3A 3D 00 39 2C 00 00 5A 07 0E F6 65
1785248524962,16:22:05.256,00 00 00 00 00 00 00 00 18 00 42 00 00 A2 EF 00 A7 2F 00 00 EF 81 00 09 00 00 00 01 38 00 39 1D 4C 1D 6E 44 44 04 7D AC 70 80 A3 5A 54 71 07 C5 78 66 64 0D 32 19 40 00 3A 3D 00 39 2C 00 00 5A 07 0E F6 65
1785248525463,16:22:05.759,00 00 00 00 00 00 00 00 18 00 42 00 00 A2 EF 00 A7 2F 00 00 EF 81 00 09 00 00 00 01 38 00 39 1D 39 1D 48 44 44 03 7E 64 6F 80 A3 5A 54 7E 07 CF 75 66 64 0D 32 19 40 00 3A 3D 00 39 2C 00 00 5A 07 0E F6 65
1785248525963,16:22:06.259,00 00 00 00 00 00 00 00 18 00 42 00 00 A2 EF 00 A7 2F 00 00 EF 81 00 09 00 00 00 01 38 00 39 1D 4C 1D 3A 44 44 03 80 08 6F 80 A2 5A 54 77 07 BF 74 66 64 0D 32 19 40 00 3A 3D 00 39 2C 00 00 5A 07 0E F6 65
1785248526464,16:22:06.736,00 00 00 00 00 00 00 00 18 00 42 00 00 A2 EF 00 A7 2F 00 00 EF 81 00 09 00 00 00 01 38 00 39 1D 62 1D 6E 44 44 03 7F E4 6F 80 A2 5A 54 76 07 B6 74 66 64 0D 32 19 40 00 3A 3D 00 39 2C 00 00 5A 07 0E F6 65
1785248526965,16:22:07.275,00 00 00 00 00 00 00 00 18 00 42 00 00 A2 EF 00 A7 2F 00 00 EF 81 00 09 00 00 00 01 38 00 39 1D 40 1D 31 44 44 03 7F 88 6F 80 A2 5A 54 71 07 C2 75 66 64 0D 32 19 40 00 3A 3D 00 39 2C 00 00 5A 07 0E F6 65
1785248527467,16:22:07.739,00 00 00 00 00 00 00 00 18 00 42 00 00 A2 EF 00 A7 2F 00 00 EF 81 00 09 00 00 00 01 38 00 39 1D 22 1D 1D 44 44 02 7F 68 6F 80 A2 5A 54 67 07 BF 76 66 64 0D 32 19 40 00 3A 3D 00 39 2C 00 00 5A 07 0E F6 65
1785248527968,16:22:08.265,00 00 00 00 00 00 00 00 18 00 42 00 00 A2 EF 00 A7 2F 00 00 7F 81 00 01 00 00 00 01 38 00 39 1D 71 1D 8F 44 44 00 76 78 6F 80 A3 5A 54 63 07 B2 7C 66 64 0D 32 19 40 00 3A 3D 8B 39 2C 00 00 5A 05 0E F6 65
1785248528468,16:22:08.761,00 00 00 00 00 00 00 00 18 00 42 00 00 A2 EF 00 A7 2F 00 00 7F 81 00 01 00 00 00 01 38 00 39 19 CD 19 DA 44 44 00 80 00 6F 80 A2 5A 54 69 06 54 79 66 64 0D 32 19 40 00 3A 3D B7 39 2C 00 00 5A 08 0D F6 65
1785248528968,16:22:09.241,00 00 00 00 00 00 00 00 18 00 42 00 00 A2 EF 00 A7 2F 00 00 7F 81 00 01 00 00 00 01 38 00 39 1A 25 1A 43 44 44 00 80 00 6F 80 A2 5A 54 5E 05 88 77 66 64 0D 32 19 40 00 3A 3D B9 39 2C 00 00 5A 08 0D F6 65
1785248529469,16:22:09.768,00 00 00 00 00 00 00 00 18 00 42 00 00 A2 EF 00 A7 2F 00 00 7F 81 00 01 00 00 00 01 38 00 39 1A 9F 1A 94 44 44 00 80 00 6F 80 A2 5A 54 70 05 3D 7B 66 64 0D 32 19 40 00 3A 3D BF 39 2C 00 00 5A 08 0E F6 65
1785248529969,16:22:10.273,00 00 00 00 00 00 00 00 18 00 42 00 00 A2 EF 00 A7 2F 00 00 7F 81 00 01 00 00 00 01 28 00 39 1A 28 1A 35 44 44 00 80 00 6F 80 A2 5A 54 77 05 1E 76 66 64 0D 32 19 40 00 3A 3D B3 39 2C 00 00 5A 09 0D F6 65
1785248530469,16:22:10.767,00 00 00 00 00 00 00 00 18 00 42 00 00 A2 EF 00 A7 2F 00 00 7F 81 00 01 00 00 00 01 38 00 39 1B 51 1B 44 44 44 00 80 00 6F 80 A2 5A 54 70 05 35 7B 66 64 0D 32 19 40 00 3A 3D C0 39 2C 00 00 5A 07 0E F6 65
1785248530969,16:22:11.267,00 00 00 00 00 00 00 00 18 00 42 00 00 A2 EF 00 A7 2F 00 00 7F 81 00 01 00 00 00 01 38 00 39 1A 22 1A 3B 44 44 00 80 00 6F 80 A2 5A 54 41 05 1C 7C 65 64 0D 32 19 40 00 3A 3D BA 39 2C 00 00 5A 08 0D F6 65
1785248531470,16:22:11.773,00 00 00 00 00 00 00 00 18 00 42 00 00 A2 EF 00 A7 2F 00 00 7F 81 00 01 00 00 00 01 38 00 39 1A 31 1A 29 44 44 00 80 00 6E 80 A2 5A 54 69 05 05 73 65 64 0D 32 19 40 00 3A 3D BD 39 2C 00 00 5A 08 0D F6 65
1785248531972,16:22:12.251,00 00 00 00 00 00 00 00 18 00 42 00 00 A2 EF 00 A7 2F 00 00 7F 81 00 01 00 00 00 01 20 00 39 18 67 18 81 44 44 00 80 00 6E 81 A2 5A 54 83 05 60 77 66 64 0D 32 19 40 00 3A 3D 6C 39 2C 00 00 5A 0D 0D F6 65
1785248532472,16:22:12.769,00 00 00 00 00 00 00 00 18 00 42 00 00 A2 EF 00 A7 2F 00 00 EF 81 00 09 00 00 00 01 20 00 39 17 5F 17 DD 44 44 02 80 00 6E 81 A2 5A 54 50 06 32 72 64 64 0D 32 19 40 00 3A 3D 67 39 2B 00 00 5A 13 0F F6 65
1785248532975,16:22:13.272,00 00 00 00 00 00 00 00 18 00 42 00 00 A2 EF 00 A7 2F 00 00 EF 80 00 00 00 00 00 01 20 00 39 19 B0 19 B6 44 44 05 84 58 6E 81 A2 5A 54 81 06 AB 7B 65 64 0D 54 2A 40 23 3A 3D 00 39 2B 00 00 5A 13 10 F6 65
1785248533476,16:22:13.772,00 00 00 00 00 00 00 00 18 00 42 00 00 A2 EF 00 A7 2F 00 00 EF 80 00 00 00 00 00 01 20 00 38 23 E7 23 DC 44 44 08 85 60 6E 81 A2 5A 54 6A 07 D1 7D 66 6F 0D 5B 2D 40 39 3A 3D 00 39 2B 00 00 5A 15 12 F6 65
1785248533978,16:22:14.278,00 00 00 00 00 00 00 00 18 00 42 00 00 A2 EF 00 A7 2F 00 00 EF 80 00 00 00 00 00 01 20 00 38 2D 99 2D 95 44 44 0A 85 50 6E 81 A2 5A 54 91 0A 40 7B 67 78 0D 5D 2E 40 3E 18 1D 00 39 2B 00 00 5A 12 12 F6 65
1785248534480,16:22:14.783,00 00 00 00 00 00 00 00 18 00 42 00 00 A2 EF 00 A7 2F 00 00 EF 80 00 00 00 00 00 01 20 00 39 36 00 36 3E 44 44 0C 84 7C 6E 81 A2 5A 54 99 0C D5 88 6B 84 0D 60 30 40 45 1B 1F AD 39 2B 00 00 5A 11 13 F6 65
1785248534981,16:22:15.280,00 00 00 00 00 00 00 00 18 00 42 00 00 A2 EF 00 A7 2F 00 00 EF 80 00 00 00 00 00 01 20 00 39 3E 11 3E 38 44 44 0E 84 94 6E 81 A2 5A 54 8D 0C 3F 89 6F 91 00 66 33 40 4D 1A 1B B2 39 2B 00 00 5A 11 16 F6 65
1785248535482,16:22:15.758,00 00 00 00 00 00 00 00 18 00 42 00 00 A2 EF 00 A7 2F 00 00 EF 80 00 00 00 00 00 01 20 00 39 46 D9 46 C6 44 44 11 84 8C 6E 81 A2 5A 54 92 0C 68 88 71 98 00 69 34 40 57 19 17 AF 39 2B 00 00 5A 12 18 F6 65
1785248535985,16:22:16.284,00 00 00 00 00 00 00 00 18 00 42 00 00 A2 EF 00 A7 2F 00 00 EF 01 00 09 00 00 00 01 20 00 39 3A 5C 39 B4 44 44 12 84 78 6E 81 A3 5A 54 93 0D 1C 81 6F 64 0D 32 19 40 01 2E 28 00 39 2B 00 00 5A FC 13 F6 65
1785248536486,16:22:16.785,00 00 00 00 00 00 00 00 18 00 42 00 00 A2 EF 00 A7 2F 00 00 EF 80 00 00 00 00 00 01 20 00 39 1F 89 20 10 44 44 12 7F C4 6E 81 A3 5A 54 69 0B F2 7C 6D 64 0D 58 2C 40 1E 2E 28 00 39 2C 00 00 5A 0C 0E F6 65
1785248536987,16:22:17.315,00 00 00 00 00 00 00 00 18 00 42 00 00 A2 EF 00 A7 2F 00 00 EF 90 00 00 00 00 00 01 20 00 39 2D C6 2D D2 44 44 12 7E A8 6E 81 A3 5A 54 92 0B C8 7D 6B 84 0D 71 38 40 61 15 18 00 39 2B 00 00 5A 18 14 F6 65
1785248537488,16:22:17.780,00 00 00 00 00 00 00 00 18 00 42 00 00 A2 EF 00 A7 2F 00 00 EF 90 00 00 00 00 00 01 60 00 39 2C D4 2C B5 44 44 15 84 B4 6E 81 A3 5A 54 91 0C 37 86 70 85 0D 78 3B 40 70 17 17 00 39 2B 00 00 5A 1A 15 F6 65
1785248537988,16:22:18.287,00 00 00 00 00 00 00 00 18 00 42 00 00 A2 EF 00 A7 2F 00 00 EF 90 00 00 00 00 00 01 60 00 39 31 E8 32 4E 44 44 18 86 3C 6D 81 A3 5A 54 94 0D 9A 93 73 8A 0D 7B 3D 40 7A 16 19 00 39 2B 00 00 5A 18 14 F6 65
1785248538489,16:22:18.783,00 00 00 00 00 00 00 00 18 00 42 00 00 A2 EF 00 A7 2F 00 00 EF 90 00 00 00 00 00 01 60 00 39 37 1F 37 4F 44 44 1A 85 9C 6D 81 A3 5A 54 82 0D E2 95 79 92 0D 7D 3E 40 7F 17 18 A0 39 2B 00 00 5A 18 15 F6 65
1785248538990,16:22:19.285,00 00 00 00 00 00 00 00 18 00 42 00 00 A2 EF 00 A7 2F 00 00 EF 90 00 00 00 00 00 01 60 00 39 3B E9 3B FC 44 44 1D 84 F8 6D 81 A3 5A 54 9B 0E 25 96 7B 99 00 7F 3F 40 83 18 17 A1 39 2B 00 00 5A 17 17 F6 65
1785248539491,16:22:19.786,00 00 00 00 00 00 00 00 18 00 42 00 00 A2 EF 00 A7 2F 00 00 EF 90 00 00 00 00 00 01 60 00 39 41 52 41 5B 44 44 1F 84 F4 6D 81 A3 5A 54 80 0E BA A1 7F 9F 00 80 3F 40 86 18 15 9F 39 2B 00 00 5A 18 18 F6 65
1785248539993,16:22:20.280,00 00 00 00 00 00 00 00 18 00 42 00 00 A2 EF 00 A7 2F 00 00 EF 90 00 00 00 00 00 01 60 00 39 46 98 46 D8 44 44 22 85 24 6D 81 A3 5A 54 9D 0F E0 A0 83 A4 00 81 40 40 88 19 14 9B 39 2B 00 00 5A 19 1A F6 65
1785248540494,16:22:20.790,00 00 00 00 00 00 00 00 18 00 42 00 00 A2 EF 00 A7 2F 00 00 EF 90 00 00 00 00 00 01 60 00 39 4C B1 4C C8 44 44 25 85 6C 6D 81 A4 5A 54 9D 12 E2 B1 8C AB 00 81 40 40 89 1A 14 7D 39 2B 00 00 5A 1B 1B F6 65
1785248541007,16:22:21.309,00 00 00 00 00 00 00 00 18 00 42 00 00 A2 EF 00 A7 2F 00 00 EF 90 00 00 00 00 00 01 60 00 39 53 1C 53 13 44 44 28 86 08 6D 81 A4 5A 54 B8 19 5C C7 9B B1 00 82 41 40 8A 1A 14 67 39 2B 00 00 5A 1D 1D F6 65
1785248541508,16:22:21.817,00 00 00 00 00 00 00 00 18 00 42 00 00 A2 EF 00 A7 2F 00 00 EF 80 00 00 00 00 00 01 60 00 39 59 2F 59 7D 44 44 2B 86 24 6D 81 A4 5A 54 BD 1E 11 DE AB B2 00 83 41 40 8D 1A 14 67 39 2B 00 00 5A 1C 1D F6 65
1785248542008,16:22:22.287,00 00 00 00 00 00 00 00 18 00 42 00 00 A2 EF 00 A7 2F 00 00 EF 80 00 00 00 00 00 01 60 00 39 53 F1 53 71 44 44 2D 85 7C 6D 81 A5 59 54 B2 1D 74 B2 AA 76 0D 32 19 40 08 3B 45 67 39 2B 00 00 5A 02 1A F6 65
1785248542510,16:22:22.787,00 00 00 00 00 00 00 00 18 00 42 00 00 A2 EF 00 A7 2F 00 00 EF 80 00 00 00 00 00 01 60 00 39 37 A5 37 48 44 44 2D 7F C0 6D 81 A4 59 54 98 16 BB 94 8C 68 0D 61 30 40 26 3B 45 00 3A 2C 00 00 5A 04 13 F6 65
1785248543013,16:22:23.314,00 00 00 00 00 00 00 00 18 00 42 00 00 A2 EF 00 A7 2F 00 00 EF 90 00 00 00 00 00 01 60 00 39 3B D9 3B A6 44 44 2C 7D FC 6C 81 A5 59 54 9F 12 EA 96 7C 95 00 7F 3F 40 78 1A 23 00 3A 2C 00 00 5A 15 16 F6 65
1785248543515,16:22:23.812,00 00 00 00 00 00 00 00 18 00 42 00 00 A2 EF 00 A7 2F 00 00 EF 90 00 00 00 00 00 01 60 00 39 3D AD 3D B0 44 44 2D 81 50 6C 81 A4 59 54 A3 12 A8 A1 7F 9F 00 83 41 40 8C 18 1B 00 39 2B 00 00 5A 19 18 F6 65
1785248544015,16:22:24.291,00 00 00 00 00 00 00 00 18 00 42 00 00 A2 EF 00 A7 2F 00 00 EF 90 00 00 00 00 00 01 60 00 39 40 2D 40 2C 44 44 2F 83 20 6C 81 A4 59 54 A1 14 0F AE 8A A7 00 84 42 40 8E 1A 19 00 39 2B 00 00 5A 1C 1A F6 65
1785248544516,16:22:24.789,00 00 00 00 00 00 00 00 18 00 42 00 00 A2 EF 00 A7 2F 00 00 EF 90 00 00 00 00 00 01 60 00 39 43 45 43 39 44 44 31 84 14 6C 81 A5 59 54 A6 15 E1 B9 94 AA 00 84 42 40 8E 1A 19 67 39 2B 00 00 5A 1C 1B F6 65
1785248545017,16:22:25.311,00 00 00 00 00 00 00 00 18 00 42 00 00 A2 EF 00 A7 2F 00 00 EF 90 00 00 00 00 00 01 60 00 39 46 2C 46 1F 44 44 33 84 5C 6C 81 A5 59 54 AA 17 C6 C3 9C AD 00 84 42 40 8F 1A 19 67 39 2B 00 00 5A 1D 1C F6 65
1785248545519,16:22:25.815,00 00 00 00 00 00 00 00 18 00 42 00 00 A2 EF 00 A7 2F 00 00 EF 90 00 00 00 00 00 01 60 00 39 49 3E 49 5C 44 44 35 84 88 6C 82 A5 59 54 B3 19 B3 D5 A4 AF 00 85 42 40 90 1A 19 67 39 2B 00 00 5A 1E 1D F6 65
1785248546020,16:22:26.314,00 00 00 00 00 00 00 00 18 00 42 00 00 A2 EF 00 A7 2F 00 00 EF 90 00 00 00 00 00 01 60 00 39 4C 31 4C 5E 44 44 38 84 84 6C 82 A5 59 54 B1 1B 9F D2 AC B1 00 86 42 40 92 1A 19 00 39 2B 00 00 5A 1E 1D F6 65
1785248546522,16:22:26.819,00 00 00 00 00 00 00 00 18 00 42 00 00 A2 EF 00 A7 2F 00 00 EF 90 00 00 00 00 00 01 60 00 39 4F 49 4F 61 44 44 3A 84 70 6C 82 A5 59 54 AD 1D 81 D9 B1 B2 00 87 43 40 95 1A 19 00 39 2B 00 00 5A 1F 1D F6 65
1785248547024,16:22:27.321,00 00 00 00 00 00 00 00 18 00 42 00 00 A2 EF 00 A7 2F 00 00 EF 90 00 00 00 00 00 01 60 00 39 52 4B 52 65 44 44 3C 84 40 6C 82 A5 59 54 BE 1F 1B EB B7 B3 11 89 44 40 98 1A 19 00 39 2B 00 00 5A 1F 1D F6 65
1785248547525,16:22:27.823,00 00 00 00 00 00 00 00 18 00 42 00 00 A2 EF 00 A7 2F 00 00 EF 90 00 00 00 00 00 01 60 00 39 54 CB 54 D7 44 44 3E 84 08 6B 82 A5 59 54 B6 20 3E E2 B8 B4 1A 8C 46 40 9E 1A 19 00 39 2B 00 00 5A 1F 1E F6 65
1785248548026,16:22:28.325,00 00 00 00 00 00 00 00 18 00 42 00 00 A2 EF 00 A7 2F 00 00 EF 90 00 00 00 00 00 01 60 00 39 57 52 57 58 44 44 40 83 E0 6B 82 A5 59 54 C0 21 72 E8 B9 B5 26 8D 46 40 A1 1A 19 00 39 2B 00 00 5A 20 1F F6 65
1785248548527,16:22:28.820,00 00 00 00 00 00 00 00 18 00 42 00 00 A2 EF 00 A7 2F 00 00 EF 80 00 00 00 00 00 01 60 00 39 56 6B 56 4D 44 44 42 83 D4 6B 82 A5 59 54 B0 20 1C C4 B1 88 0D 32 19 40 1F 1A 19 A5 39 2B 00 00 5A 07 1A F6 65
1785248549027,16:22:29.325,00 00 00 00 00 00 00 00 18 00 42 00 00 A2 EF 00 A7 2F 00 00 EF 09 00 01 00 00 00 01 60 00 39 3E CD 3E 1B 44 44 42 81 80 6B 82 A5 59 54 A2 18 F2 95 91 64 0D 34 1A 40 00 1A 19 00 3A 2C 00 00 5A FB 15 F6 65
1785248549528,16:22:29.823,00 00 00 00 00 00 00 00 18 00 42 00 00 A2 EF 00 A7 2F 00 00 EF 80 00 00 00 00 00 01 60 00 39 41 B0 41 34 44 44 41 7E AC 6B 82 A5 59 54 91 13 97 86 7B 87 0D 60 30 40 40 2E 45 00 3A 2C 00 00 5A 0B 15 F6 65
1785248550029,16:22:30.336,00 00 00 00 00 00 00 00 18 00 42 00 00 A2 EF 00 A7 2F 00 00 EF 80 00 00 00 00 00 01 60 00 39 3F E5 3F C0 44 44 41 7E A0 6B 82 A5 59 54 95 12 87 97 79 96 00 67 33 40 52 1A 25 00 39 2C 00 00 5A 12 17 F6 65
1785248550529,16:22:30.827,00 00 00 00 00 00 00 00 18 00 42 00 00 A2 EF 00 A7 2F 00 00 EF 80 00 00 00 00 00 01 60 00 39 40 BE 40 97 44 44 42 81 00 6B 82 A5 59 54 A1 12 DF 96 7D 97 00 68 34 40 54 1A 23 00 39 2C 00 00 5A 13 17 F6 65
1785248551029,16:22:31.304,00 00 00 00 00 00 00 00 18 00 42 00 00 A2 EF 00 A7 2F 00 00 EF 80 00 00 00 00 00 01 60 00 39 41 77 41 65 44 44 43 81 A4 6B 82 A5 59 54 7E 12 61 9B 81 98 00 68 34 40 55 1A 22 AD 39 2C 00 00 5A 13 17 F6 65
1785248551529,16:22:31.808,00 00 00 00 00 00 00 00 18 00 42 00 00 A2 EF 00 A7 2F 00 00 EF 80 00 00 00 00 00 01 60 00 39 42 35 42 08 44 44 44 81 F0 6A 82 A5 59 54 7E 0F 9F 97 7F 98 00 69 34 40 57 1A 1D AF 39 2C 00 00 5A 13 17 F6 65
1785248552030,16:22:32.328,00 00 00 00 00 00 00 00 18 00 42 00 00 A2 EF 00 A7 2F 00 00 EF 80 00 00 00 00 00 01 60 00 39 43 45 43 45 44 44 45 81 D4 6A 82 A5 59 54 78 0E 75 8D 7C 97 00 67 34 40 54 19 1B B3 3A 2C 00 00 5A 12 17 F6 65
1785248552531,16:22:32.828,00 00 00 00 00 00 00 00 18 00 42 00 00 A2 EF 00 A7 2F 00 00 EF 80 00 00 00 00 00 01 60 00 39 44 5E 44 55 44 44 46 81 CC 6A 82 A4 59 54 85 0D B5 94 79 97 00 68 34 40 54 19 1A B7 3A 2C 00 00 5A 11 17 F6 65
1785248553032,16:22:33.330,00 00 00 00 00 00 00 00 18 00 42 00 00 A2 EF 00 A7 2F 00 00 EF 80 00 00 00 00 00 01 60 00 39 45 6C 45 6C 44 44 47 81 DC 6A 82 A4 59 54 73 0D 5D 89 76 96 00 66 33 40 52 1A 1B B9 3A 2C 00 00 5A 10 17 F6 65
1785248553534,16:22:33.833,00 00 00 00 00 00 00 00 18 00 42 00 00 A2 EF 00 A7 2F 00 00 EF 80 00 00 00 00 00 01 60 00 39 46 C3 46 AF 44 44 48 81 E8 6A 82 A4 59 54 91 0D 20 8B 76 96 00 68 34 40 54 1A 1A BA 3A 2C 00 00 5A 10 17 F6 65
1785248554037,16:22:34.338,00 00 00 00 00 00 00 00 18 00 42 00 00 A2 EF 00 A7 2F 00 00 EF 80 00 00 00 00 00 01 60 00 39 47 FB 47 F8 44 44 49 82 2C 6A 82 A4 59 54 73 0D 09 88 73 99 00 6B 35 40 59 19 18 B7 3A 2C 00 00 5A 11 18 F6 65
1785248554538,16:22:34.811,00 00 00 00 00 00 00 00 18 00 42 00 00 A2 EF 00 A7 2F 00 00 EF 80 00 00 00 00 00 01 60 00 39 49 3E 49 19 44 44 4A 82 54 6A 82 A4 59 54 91 0D 3B 8B 75 9C 00 6F 37 40 60 19 16 AF 3A 2C 00 00 5C 13 18 F6 65
1785248555038,16:22:35.342,00 00 00 00 00 00 00 00 18 00 42 00 00 A2 EF 00 A7 2F 00 00 EF 80 00 00 00 00 00 01 60 00 39 4A 43 4A 31 44 44 4C 82 68 69 84 A4 59 54 95 0D FD 8E 77 9F 00 72 39 40 67 19 15 A7 3A 2C 00 00 5C 15 19 F6 65
1785248555538,16:22:35.862,00 00 00 00 00 00 00 00 18 00 42 00 00 A2 EF 00 A7 2F 00 00 EF 80 00 00 00 00 00 01 60 00 39 4C 18 4C 48 44 44 4D 82 D0 69 84 A4 59 54 85 0E F5 98 7C A3 00 75 3A 40 6E 19 14 A0 3A 2C 00 00 5C 17 1A F6 65
1785248556040,16:22:36.341,00 00 00 00 00 00 00 00 18 00 42 00 00 A2 EF 00 A7 2F 00 00 EF 80 00 00 00 00 00 01 60 00 39 4D 67 4D 82 44 44 4E 82 E8 69 84 A5 59 54 84 10 40 A0 83 A4 00 75 3A 40 6F 1A 15 9B 39 2C 00 00 5A 17 1A F6 65
1785248556542,16:22:36.853,00 00 00 00 00 00 00 00 18 00 42 00 00 A2 EF 00 A7 2F 00 00 EF 80 00 00 00 00 00 01 60 00 39 4E F7 4E DC 44 44 50 83 74 69 84 A5 59 54 89 11 E8 AB 89 A9 00 7B 3D 40 79 1C 15 99 39 2C 00 00 5C 19 1B F6 65
1785248557044,16:22:37.344,00 00 00 00 00 00 00 00 18 00 42 00 00 A2 EF 00 A7 2F 00 00 EF 80 00 00 00 00 00 01 60 00 39 4E DC 4E A7 44 44 52 83 60 69 84 A5 59 54 A4 14 52 B4 93 84 0D 32 19 40 28 1D 18 AA 39 2C 00 00 5C 08 18 F6 65
1785248557545,16:22:37.844,00 00 00 00 00 00 00 00 18 00 42 00 00 A2 EF 00 A7 2F 00 00 EF 09 00 09 00 00 00 01 60 00 39 3A A7 3A 0E 44 44 52 81 D0 69 84 A5 59 54 94 13 7D 96 85 64 0D 3A 1D 40 00 35 34 00 3A 2C 00 00 5C FB 14 F6 65
1785248558046,16:22:38.362,00 00 00 00 00 00 00 00 18 00 42 00 00 A2 EF 00 A7 2F 00 00 EF 01 00 09 00 00 00 01 60 00 39 2D 00 2C 4C 44 44 52 7F E0 68 84 A5 59 54 78 0F AE 8D 7A 64 0D 32 19 40 01 35 34 00 3A 2C 00 00 5A FE 10 F6 65
1785248558548,16:22:38.823,00 00 00 00 00 00 00 00 18 00 42 00 00 A2 EF 00 A7 2F 00 00 EF 80 00 00 00 00 00 01 60 00 39 21 A7 21 D6 44 44 52 7F A0 68 84 A5 59 54 77 0B 61 7C 70 64 0D 4F 27 40 0B 35 34 00 3A 2C 00 00 5C 05 0E F6 65
1785248559049,16:22:39.320,00 00 00 00 00 00 00 00 18 00 42 00 00 A2 EF 00 A7 2F 00 00 EF 80 00 00 00 00 00 01 60 00 39 3E 99 3E A3 44 44 51 7E E8 68 84 A4 59 54 9A 0D 77 7F 6B 95 00 6A 35 40 51 32 30 00 3A 2C 00 00 5C 13 17 F6 65
1785248559549,16:22:39.848,00 00 00 00 00 00 00 00 18 00 42 00 00 A2 EF 00 A7 2F 00 00 EF 80 00 00 00 00 00 00 40 00 39 40 3F 40 42 44 44 51 7F E0 68 84 A4 59 54 94 10 97 95 74 9F 00 71 38 40 65 18 18 00 3A 2C 00 00 5C 18 18 F6 65
1785248560050,16:22:40.325,00 00 00 00 00 00 00 00 18 00 42 00 00 A2 EF 00 A7 2F 00 00 EF 80 00 00 00 00 00 00 40 00 39 41 08 41 2F 44 44 52 81 E8 68 84 A5 59 54 AA 13 34 A7 84 A0 00 70 38 40 66 18 1B 00 3A 2C 00 00 5C 18 19 F6 65
1785248560551,16:22:40.848,00 00 00 00 00 00 00 00 18 00 42 00 00 A2 EF 00 A7 2F 00 00 EF 80 00 00 00 00 00 00 40 00 39 41 FB 41 FE 44 44 53 81 D8 67 84 A5 59 54 9D 13 12 B3 8F 9F 00 70 38 40 66 19 1C A2 3A 2C 00 00 5C 18 19 F6 65
1785248561052,16:22:41.344,00 00 00 00 00 00 00 00 18 00 42 00 00 A2 EF 00 A7 2F 00 00 EF 80 00 00 00 00 00 00 40 00 39 42 5B 42 37 44 44 54 82 24 67 84 A5 59 54 A4 11 60 A4 8E 9F 00 6F 37 40 65 19 1A A3 3A 2C 00 00 5C 17 18 F6 65
1785248561553,16:22:41.851,00 00 00 00 00 00 00 00 18 00 42 00 00 A2 EF 00 A7 2F 00 00 EF 80 00 00 00 00 00 00 40 00 39 43 1E 43 05 44 44 55 81 28 67 84 A5 59 54 A4 10 7A A1 8B 9E 00 6F 37 40 63 19 19 A4 3A 2C 00 00 5C 17 19 F6 65
1785248562053,16:22:42.349,00 00 00 00 00 00 00 00 18 00 42 00 00 A2 EF 00 A7 2F 00 00 EF 80 00 00 00 00 00 00 40 00 39 43 81 43 73 44 44 56 81 94 67 85 A4 59 54 99 10 12 A3 87 9B 00 6C 36 40 5D 19 1A A6 3A 2C 00 00 5C 14 18 F6 65
1785248562555,16:22:42.853,00 00 00 00 00 00 00 00 18 00 42 00 00 A2 EF 00 A7 2F 00 00 EF 80 00 00 00 00 00 00 40 00 39 43 95 43 88 44 44 56 80 EC 67 85 A4 59 54 93 0F 5B 95 83 98 00 69 34 40 57 19 1C AE 3A 2C 00 00 5C 12 18 F6 65
1785248563057,16:22:43.352,00 00 00 00 00 00 00 00 18 00 42 00 00 A2 EF 00 A7 2F 00 00 EF 80 00 00 00 00 00 00 40 00 39 43 D1 43 B8 44 44 56 80 68 66 85 A4 59 54 7C 0E 88 95 7F 97 00 68 34 40 54 19 1C B4 3A 2C 00 00 5C 12 17 F6 65
1785248563559,16:22:43.842,00 00 00 00 00 00 00 00 18 00 42 00 00 A2 EF 00 A7 2F 00 00 EF 80 00 00 00 00 00 00 40 00 39 43 F9 44 16 44 44 57 80 24 66 85 A4 59 54 8F 0D E7 91 7C 97 00 68 34 40 55 19 1A B3 3A 2C 00 00 5C 12 17 F6 65
1785248564061,16:22:44.354,00 00 00 00 00 00 00 00 18 00 42 00 00 A2 EF 00 A7 2F 00 00 EF 80 00 00 00 00 00 00 40 00 39 43 E5 44 06 44 44 56 7F 54 66 85 A4 59 54 99 0D 84 8B 79 96 00 67 33 40 54 19 1A B5 3A 2C 00 00 5C 11 17 F6 65
1785248564562,16:22:44.860,00 00 00 00 00 00 00 00 18 00 42 00 00 A2 EF 00 A7 2F 00 00 EF 80 00 00 00 00 00 00 40 00 39 43 BD 43 C0 44 44 56 80 24 66 85 A4 59 54 73 0D 41 93 78 97 00 68 34 40 55 19 19 B4 3A 2C 00 00 5C 12 17 F6 65
1785248565063,16:22:45.372,00 00 00 00 00 00 00 00 18 00 42 00 00 A2 EF 00 A7 2F 00 00 EF 80 00 00 00 00 00 00 40 00 39 43 A9 43 69 44 44 56 7F BC 66 85 A4 59 54 7B 0D 26 8A 77 98 00 68 34 40 56 19 19 B3 3A 2C 00 00 5C 12 17 F6 65
1785248565565,16:22:45.837,00 00 00 00 00 00 00 00 18 00 42 00 00 A2 EF 00 A7 2F 00 00 EF 80 00 00 00 00 00 00 40 00 39 43 A9 43 7E 44 44 56 80 24 65 85 A4 59 54 91 0D 25 92 77 97 00 68 34 40 55 19 19 B3 3A 2C 00 00 5C 12 17 F6 65
1785248566068,16:22:46.346,00 00 00 00 00 00 00 00 18 00 42 00 00 A2 EF 00 A7 2F 00 00 EF 80 00 00 00 00 00 00 40 00 39 43 45 43 2B 44 44 56 7F BC 65 85 A4 59 54 97 0D 19 8A 77 98 00 69 34 40 56 19 18 B2 3A 2C 00 00 5C 12 17 F6 65
1785248566570,16:22:46.864,00 00 00 00 00 00 00 00 18 00 42 00 00 A2 EF 00 A7 2F 00 00 EF 80 00 00 00 00 00 00 40 00 39 43 31 43 4D 44 44 56 7F E0 65 85 A4 59 54 96 0D 27 91 78 98 00 69 34 40 56 19 18 AF 3A 2C 00 00 5C 12 17 F6 65
1785248567073,16:22:47.385,00 00 00 00 00 00 00 00 18 00 42 00 00 A2 EF 00 A7 2F 00 00 EF 80 00 00 00 00 00 00 40 00 39 43 1E 42 EE 44 44 55 7F 78 65 85 A4 59 54 9B 0D 36 95 79 99 00 6A 35 40 58 19 18 AD 3A 2C 00 00 5C 13 18 F6 65
1785248567574,16:22:47.876,00 00 00 00 00 00 00 00 18 00 42 00 00 A2 EF 00 A7 2F 00 00 EF 80 00 00 00 00 00 00 40 00 39 42 BC 43 0E 44 44 55 7F BC 65 85 A4 59 54 98 0D 7E 97 7A 99 00 6A 35 40 59 1A 18 AA 3A 2C 00 00 5C 13 18 F6 65
1785248568075,16:22:48.368,00 00 00 00 00 00 00 00 18 00 42 00 00 A2 EF 00 A7 2F 00 00 EF 80 00 00 00 00 00 00 40 00 39 42 A8 42 82 44 44 55 7F 7C 64 86 A4 59 54 7B 0D C4 9A 7B 9B 00 6D 36 40 5E 19 16 A4 3A 2C 00 00 5C 15 18 F6 65
1785248568577,16:22:48.872,00 00 00 00 00 00 00 00 18 00 42 00 00 A2 EF 00 A7 2F 00 00 EF 80 00 00 00 00 00 00 40 00 39 42 48 42 48 44 44 55 7F 5C 64 86 A4 59 54 93 0E 49 9C 7E 9E 00 6F 37 40 63 19 15 A0 3A 2C 00 00 5C 17 18 F6 65
1785248569078,16:22:49.355,00 00 00 00 00 00 00 00 18 00 42 00 00 A2 EF 00 A7 2F 00 00 EF 80 00 00 00 00 00 00 40 00 39 42 48 42 3D 44 44 54 7F 7C 64 86 A4 59 54 81 0E EE 9B 82 9E 00 6F 37 40 63 19 16 9E 3A 2C 00 00 5C 17 18 F6 65
1785248569579,16:22:49.876,00 00 00 00 00 00 00 00 18 00 42 00 00 A2 EF 00 A7 2F 00 00 EF 80 00 00 00 00 00 00 40 00 39 42 6E 42 47 44 44 54 7F BC 64 86 A4 59 54 92 0F 57 9D 84 9E 00 6F 37 40 63 19 17 9D 3A 2C 00 00 5C 17 18 F6 65
1785248570080,16:22:50.355,00 00 00 00 00 00 00 00 18 00 42 00 00 A2 EF 00 A7 2F 00 00 EF 80 00 00 00 00 00 00 40 00 39 42 6E 42 80 44 44 54 80 20 64 86 A4 59 54 A3 0F B9 A0 86 9E 00 6F 37 40 63 19 18 9D 3A 2C 00 00 5C 17 18 F6 65
1785248570582,16:22:50.858,00 00 00 00 00 00 00 00 18 00 42 00 00 A2 EF 00 A7 2F 00 00 EF 80 00 00 00 00 00 00 40 00 39 42 82 42 82 44 44 54 80 24 64 86 A4 59 54 87 0F E9 A7 87 9D 00 6E 37 40 61 19 18 9D 3A 2C 00 00 5C 16 18 F6 65
1785248571084,16:22:51.378,00 00 00 00 00 00 00 00 18 00 42 00 00 A2 EF 00 A7 2F 00 00 EF 80 00 00 00 00 00 00 40 00 39 42 95 42 73 44 44 55 80 20 63 86 A4 59 54 A1 10 08 A8 87 9D 00 6E 37 40 61 19 19 9D 3A 2C 00 00 5C 16 18 F6 65
1785248571586,16:22:51.884,00 00 00 00 00 00 00 00 18 00 42 00 00 A2 EF 00 A7 2F 00 00 EF 80 00 00 00 00 00 00 40 00 39 42 BC 42 7E 44 44 55 7F E0 63 86 A4 59 54 A0 10 1A A7 87 9D 00 6E 37 40 61 19 19 9D 3A 2C 00 00 5C 16 18 F6 65
1785248572087,16:22:52.385,00 00 00 00 00 00 00 00 18 00 42 00 00 A2 EF 00 A7 2F 00 00 EF 80 00 00 00 00 00 00 40 00 39 42 F6 43 17 44 44 55 80 20 63 86 A4 59 54 7F 10 03 A6 87 9D 00 6E 37 40 61 19 19 9D 3A 2C 00 00 5C 16 18 F5 65
1785248572589,16:22:52.864,00 00 00 00 00 00 00 00 18 00 42 00 00 A2 EF 00 A7 2F 00 00 EF 80 00 00 00 00 00 00 40 00 39 43 0A 42 DB 44 44 55 80 44 63 86 A4 59 54 80 10 05 A6 86 9C 00 6D 36 40 60 19 19 9E 3A 2C 00 00 5C 15 18 F6 65
1785248573091,16:22:53.391,00 00 00 00 00 00 00 00 18 00 42 00 00 A2 EF 00 A7 2F 00 00 EF 80 00 00 00 00 00 00 40 00 39 43 59 43 65 44 44 55 80 20 63 86 A4 59 54 81 0F D5 9D 85 9D 00 6D 36 40 60 19 19 9E 3A 2C 00 00 5C 15 18 F6 65
1785248573592,16:22:53.866,00 00 00 00 00 00 00 00 18 00 42 00 00 A2 EF 00 A7 2F 00 00 EF 80 00 00 00 00 00 00 40 00 39 43 6D 43 5F 44 44 56 80 A8 62 88 A4 59 54 85 0F D5 99 85 97 00 67 33 40 54 19 1D A8 3A 2C 00 00 5C 12 17 F5 65
1785248574093,16:22:54.388,00 00 00 00 00 00 00 00 18 00 42 00 00 A2 EF 00 A7 2F 00 00 EF 80 00 00 00 00 00 00 40 00 39 43 59 43 3B 44 44 56 80 44 62 88 A4 59 54 90 0E EC 99 80 91 0D 62 31 40 49 1C 22 B2 3A 2C 00 00 5C 0E 16 F5 65
1785248574594,16:22:54.888,00 00 00 00 00 00 00 00 18 00 42 00 00 A2 EF 00 A7 2F 00 00 EF 80 00 00 00 00 00 00 40 00 39 43 1E 43 29 44 44 56 7F E0 62 88 A4 59 54 99 0E 01 8A 7A 8F 0D 5F 2F 40 46 1F 22 AF 3A 2C 00 00 5C 0D 16 F5 65
1785248575094,16:22:55.389,00 00 00 00 00 00 00 00 18 00 42 00 00 A2 EF 00 A7 2F 00 00 EF 80 00 00 00 00 00 00 40 00 39 41 1A 41 02 44 44 55 7F 58 62 88 A4 59 54 82 0D 19 84 75 6D 0D 4B 25 40 1E 35 36 B6 3A 2C 00 00 5C 03 15 F5 65
1785248575595,16:22:55.895,00 00 00 00 00 00 00 00 18 00 42 00 00 A2 EF 00 A7 2F 00 00 EF 80 00 00 00 00 00 00 40 00 39 42 6E 42 53 44 44 55 7E D4 61 88 A4 59 54 9A 0E 6D 80 6E 6A 0D 4F 27 40 1D 35 36 75 3A 2C 00 00 5C 03 16 F6 65
1785248576096,16:22:56.391,00 00 00 00 00 00 00 00 18 00 42 00 00 A2 EF 00 A7 2F 00 00 EF 80 00 00 00 00 00 00 40 00 39 42 A8 42 94 44 44 54 7E 14 61 88 A4 59 54 7B 0D 8E 80 6E 7C 0D 59 2C 40 35 3A 3D C0 3A 2C 00 00 5C 08 16 F5 65
1785248576598,16:22:56.897,00 00 00 00 00 00 00 00 18 00 42 00 00 A2 EF 00 A7 2F 00 00 EF 80 00 00 00 00 00 00 40 00 39 41 65 41 25 44 44 53 7E E0 61 88 A4 59 54 73 0C 0E 85 6D 89 0D 62 31 40 42 26 24 AC 3A 2C 00 00 5C 0D 15 F5 65
1785248577098,16:22:57.383,00 00 00 00 00 00 00 00 18 00 42 00 00 A2 EF 00 A7 2F 00 00 EF 80 00 00 00 00 00 00 40 00 39 41 8A 41 92 44 44 53 7F C0 61 88 A4 59 54 73 0C 03 81 6E 92 00 64 32 40 4B 1B 1B B1 3A 2C 00 00 5C 10 16 F6 65
1785248577600,16:22:57.898,00 00 00 00 00 00 00 00 18 00 42 00 00 A2 EF 00 A7 2F 00 00 EF 80 00 00 00 00 00 00 40 00 39 41 9D 41 91 44 44 53 80 40 60 88 A4 59 54 7B 0C 28 83 70 91 0D 62 31 40 49 1B 1C B2 3A 2C 00 00 5C 0F 16 F6 65
1785248578101,16:22:58.382,00 00 00 00 00 00 00 00 18 00 42 00 00 A2 EF 00 A7 2F 00 00 EF 80 00 00 00 00 00 00 40 00 39 41 9D 41 A5 44 44 54 80 C0 60 88 A4 59 54 97 0C 48 86 71 92 00 63 32 40 4B 1B 1C B2 3A 2C 00 00 5C 0F 16 F6 65
1785248578603,16:22:58.901,00 00 00 00 00 00 00 00 18 00 42 00 00 A2 EF 00 A7 2F 00 00 EF 80 00 00 00 00 00 00 40 00 39 42 0E 41 F2 44 44 54 80 80 60 89 A4 59 54 95 0C 43 85 72 92 00 64 32 40 4B 1B 1C B3 3A 2C 00 00 5C 0F 16 F6 65
1785248579103,16:22:59.402,00 00 00 00 00 00 00 00 18 00 42 00 00 A2 EF 00 A7 2F 00 00 EF 80 00 00 00 00 00 00 40 00 39 42 0E 41 EE 44 44 54 80 60 60 89 A4 59 54 8C 0C 4E 85 72 91 0D 62 31 40 49 1C 1C B2 3A 2C 00 00 5C 0F 16 F6 65
1785248579604,16:22:59.902,00 00 00 00 00 00 00 00 18 00 42 00 00 A2 EF 00 A7 2F 00 00 EF 80 00 00 00 00 00 00 40 00 39 42 35 42 30 44 44 54 80 40 5F 89 A4 59 54 7C 0C 65 8C 72 90 0D 62 31 40 48 1D 1E B0 3A 2C 00 00 5C 0E 16 F5 65
1785248580106,16:23:00.406,00 00 00 00 00 00 00 00 18 00 42 00 00 A2 EF 00 A7 2F 00 00 EF 80 00 00 00 00 00 00 40 00 39 42 48 42 49 44 44 54 80 80 5F 89 A4 59 54 96 0C 82 8C 72 8F 0D 61 30 40 47 1F 1F AD 3A 2C 00 00 5C 0E 16 F5 65
1785248580607,16:23:00.905,00 00 00 00 00 00 00 00 18 00 42 00 00 A2 EF 00 A7 2F 00 00 EF 80 00 00 00 00 00 00 40 00 39 42 35 42 22 44 44 54 80 20 5F 89 A4 59 54 83 0C 9F 83 72 90 0D 62 31 40 49 1D 1E B0 3A 2C 00 00 5C 0E 16 F6 65
1785248581108,16:23:01.404,00 00 00 00 00 00 00 00 18 00 42 00 00 A2 EF 00 A7 2F 00 00 EF 80 00 00 00 00 00 00 40 00 39 42 82 42 73 44 44 54 80 64 5F 89 A4 59 54 7A 0C 8B 84 72 92 0D 63 31 40 4A 1B 1D B4 3A 2C 00 00 5C 0F 16 F6 65
1785248581609,16:23:01.906,00 00 00 00 00 00 00 00 18 00 42 00 00 A2 EF 00 A7 2F 00 00 EF 80 00 00 00 00 00 00 40 00 39 42 82 42 6E 44 44 55 80 64 5F 89 A4 59 54 7F 0C 77 84 72 92 0D 63 31 40 4A 1C 1D B4 3A 2C 00 00 5C 0F 16 F5 65
1785248582110,16:23:02.406,00 00 00 00 00 00 00 00 18 00 42 00 00 A2 EF 00 A7 2F 00 00 EF 80 00 00 00 00 00 00 40 00 39 42 E3 42 9F 44 44 55 80 84 5E 89 A4 59 54 90 0C 5A 87 72 92 0D 63 31 40 4B 1B 1C B5 3A 2C 00 00 5C 0F 16 F6 65
1785248582613,16:23:02.889,00 00 00 00 00 00 00 00 18 00 42 00 00 A2 EF 00 A7 2F 00 00 EF 80 00 00 00 00 00 00 40 00 39 42 E3 42 DA 44 44 55 80 40 5E 89 A4 59 54 83 0C 41 85 72 92 0D 63 31 40 4A 1C 1C B5 3A 2C 00 00 5C 0F 16 F5 65
1785248583114,16:23:03.409,00 00 00 00 00 00 00 00 18 00 42 00 00 A2 EF 00 A7 2F 00 00 EF 80 00 00 00 00 00 00 40 00 39 42 E3 42 B2 44 44 55 80 24 5E 89 A4 59 54 7F 0C 5E 84 72 90 0D 62 31 40 49 1D 1D B2 3A 2C 00 00 5C 0E 16 F5 65
1785248583614,16:23:03.920,00 00 00 00 00 00 00 00 18 00 42 00 00 A2 EF 00 A7 2F 00 00 EF 80 00 00 00 00 00 00 40 00 39 43 0A 43 4B 44 44 55 80 64 5E 8A A4 59 54 92 0C 7F 83 72 91 0D 63 31 40 4A 1C 1D B4 3A 2C 00 00 5C 0F 16 F5 65
1785248584116,16:23:04.389,00 00 00 00 00 00 00 00 18 00 42 00 00 A2 EF 00 A7 2F 00 00 EF 80 00 00 00 00 00 00 40 00 39 42 F6 42 C2 44 44 55 7F BC 5E 8A A4 59 54 92 0C 75 84 72 8F 0D 62 31 40 48 1F 1E B0 3A 2C 00 00 5C 0E 16 F6 65
1785248584618,16:23:04.918,00 00 00 00 00 00 00 00 18 00 42 00 00 A2 EF 00 A7 2F 00 00 EF 80 00 00 00 00 00 00 40 00 39 43 0A 43 1A 44 44 55 80 64 5D 8A A4 59 54 96 0C 6E 8C 72 8F 0D 62 31 40 48 1F 1E B0 3A 2C 00 00 5C 0E 16 F6 65
1785248585120,16:23:05.398,00 00 00 00 00 00 00 00 18 00 42 00 00 A2 EF 00 A7 2F 00 00 EF 80 00 00 00 00 00 00 40 00 39 43 1E 43 16 44 44 55 80 20 5D 8A A4 59 54 7C 0C 95 8C 72 8F 0D 61 31 40 47 1F 1F AF 3A 2C 00 00 5C 0E 16 F5 65
1785248585621,16:23:05.907,00 00 00 00 00 00 00 00 18 00 42 00 00 A2 EF 00 A7 2F 00 00 EF 80 00 00 00 00 00 00 40 00 39 43 1E 43 3B 44 44 55 80 64 5D 8A A4 59 54 96 0C 9F 89 71 8E 0D 61 30 40 46 20 20 AD 3A 2C 00 00 5C 0D 16 F5 65
1785248586121,16:23:06.420,00 00 00 00 00 00 00 00 18 00 42 00 00 A2 EF 00 A7 2F 00 00 EF 80 00 00 00 00 00 00 40 00 39 42 E3 42 D7 44 44 55 80 44 5D 8A A4 59 54 82 0C C5 83 71 85 0D 59 2C 40 3A 28 26 B4 3A 2C 00 00 5C 0A 16 F6 65
1785248586622,16:23:06.908,00 00 00 00 00 00 00 00 18 00 42 00 00 A2 EF 00 A7 2F 00 00 EF 80 00 00 00 00 00 00 40 00 39 42 BC 42 D8 44 44 55 7F 9C 5C 8A A4 59 54 90 0C 33 7E 6F 78 0D 57 2B 40 32 39 35 BE 3A 2C 00 00 5C 07 16 F5 65
1785248587122,16:23:07.427,00 00 00 00 00 00 00 00 18 00 42 00 00 A2 EF 00 A7 2F 00 00 EF 80 00 00 00 00 00 00 40 00 39 42 48 42 42 44 44 55 7F 3C 5C 8A A4 59 54 7A 0B BF 7E 6D 77 0D 56 2B 40 30 39 35 BD 3A 2C 00 00 5C 07 16 F6 65
1785248587624,16:23:07.902,00 00 00 00 00 00 00 00 18 00 42 00 00 A2 EF 00 A7 2F 00 00 EF 80 00 00 00 00 00 00 40 00 39 41 E8 41 C8 44 44 54 7E F8 5C 8A A4 59 54 8B 0B 73 80 6C 75 0D 56 2B 40 2F 39 35 BD 3A 2C 00 00 5C 06 16 F5 65
1785248588124,16:23:08.426,00 00 00 00 00 00 00 00 18 00 42 00 00 A2 EF 00 A7 2F 00 00 EF 80 00 00 00 00 00 00 40 00 39 41 FB 41 D0 44 44 54 7F 1C 5C 8A A4 59 54 90 0B 35 7A 6A 77 0D 57 2B 40 30 39 35 BE 3A 2C 00 00 5C 07 16 F5 65
1785248588625,16:23:08.906,00 00 00 00 00 00 00 00 18 00 42 00 00 A2 EF 00 A7 2F 00 00 EF 80 00 00 00 00 00 00 40 00 39 41 65 41 2E 44 44 53 7F 00 5C 8C A4 59 54 88 0B 17 80 6A 78 0D 57 2B 40 32 39 35 BF 3A 2C 00 00 5C 07 15 F5 65
1785248589127,16:23:09.427,00 00 00 00 00 00 00 00 18 00 42 00 00 A2 EF 00 A7 2F 00 00 EF 80 00 00 00 00 00 00 40 00 39 41 2D 41 5B 44 44 53 7F 60 5C 8C A4 59 54 89 0A F7 7F 6A 79 0D 58 2C 40 33 39 35 C0 3A 2C 00 00 5C 07 15 F5 65
1785248589629,16:23:09.904,00 00 00 00 00 00 00 00 18 00 42 00 00 A2 EF 00 A7 2F 00 00 EF 80 00 00 00 00 00 00 40 00 39 40 D0 40 CE 44 44 53 7F 44 5B 8C A4 59 54 75 0A E8 7E 6A 7A 0D 58 2C 40 33 39 32 BB 3A 2C 00 00 5C 08 15 F5 65
1785248590129,16:23:10.429,00 00 00 00 00 00 00 00 18 00 42 00 00 A2 EF 00 A7 2F 00 00 EF 80 00 00 00 00 00 00 40 00 39 40 E3 40 DB 44 44 52 7F 64 5B 8C A4 59 54 8C 0A F3 7E 69 7D 0D 5B 2D 40 37 35 2D B6 3A 2C 00 00 5C 09 15 F5 65
1785248590630,16:23:10.924,00 00 00 00 00 00 00 00 18 00 42 00 00 A2 EF 00 A7 2F 00 00 EF 80 00 00 00 00 00 00 40 00 39 40 87 40 8C 44 44 52 7F E4 5B 8C A4 59 54 74 0A FD 83 6A 85 0D 5C 2E 40 3C 2B 25 AD 3A 2C 00 00 5C 0B 15 F5 65
1785248591131,16:23:11.428,00 00 00 00 00 00 00 00 18 00 42 00 00 A2 EF 00 A7 2F 00 00 EF 80 00 00 00 00 00 00 40 00 39 40 D0 40 BB 44 44 52 7F 64 5B 8C A4 59 54 8F 0B AC 80 6B 85 0D 5C 2E 40 3C 2A 26 A6 3A 2C 00 00 5C 0B 15 F6 65
1785248591633,16:23:11.935,00 00 00 00 00 00 00 00 18 00 42 00 00 A2 EF 00 A7 2F 00 00 EF 80 00 00 00 00 00 00 40 00 39 40 E3 40 97 44 44 52 7F C0 5B 8C A4 59 54 93 0C 32 86 6D 84 0D 5C 2E 40 3B 2B 29 A8 3A 2C 00 00 5C 0A 15 F6 65
1785248592136,16:23:12.431,00 00 00 00 00 00 00 00 18 00 42 00 00 A2 EF 00 A7 2F 00 00 EF 80 00 00 00 00 00 00 40 00 39 40 D0 40 CB 44 44 52 80 00 5A 8C A4 59 54 7A 0C 60 82 6D 84 0D 5C 2E 40 3C 2B 29 A7 3A 2C 00 00 5C 0A 15 F6 65
1785248592637,16:23:12.936,00 00 00 00 00 00 00 00 18 00 42 00 00 A2 EF 00 A7 2F 00 00 EF 80 00 00 00 00 00 00 40 00 39 41 08 40 E5 44 44 52 80 80 5A 8C A4 59 54 83 0C AA 87 6E 85 0D 5C 2E 40 3C 2B 2A A6 3A 2C 00 00 5C 0A 15 F6 65
1785248593139,16:23:13.435,00 00 00 00 00 00 00 00 18 00 42 00 00 A2 EF 00 A7 2F 00 00 EF 80 00 00 00 00 00 00 40 00 39 41 1A 41 2F 44 44 53 80 60 5A 8C A4 59 54 94 0C ED 88 6F 85 0D 5C 2E 40 3C 2B 2B A5 3A 2C 00 00 5C 0B 15 F6 65
1785248593640,16:23:13.930,00 00 00 00 00 00 00 00 18 00 42 00 00 A2 EF 00 A7 2F 00 00 EF 80 00 00 00 00 00 00 40 00 39 41 65 41 61 44 44 53 80 20 5A 8D A4 59 54 96 0D 02 82 6E 85 0D 5C 2E 40 3C 2B 2A A4 3A 2C 00 00 5C 0B 15 F6 65
1785248594140,16:23:14.438,00 00 00 00 00 00 00 00 18 00 42 00 00 A2 EF 00 A7 2F 00 00 EF 80 00 00 00 00 00 00 40 00 39 41 77 41 62 44 44 53 80 7C 5A 8D A4 59 54 91 0D 41 80 6F 86 0D 5D 2E 40 3D 2A 2A A2 3A 2C 00 00 5C 0B 15 F5 65
1785248594641,16:23:14.939,00 00 00 00 00 00 00 00 18 00 42 00 00 A2 EF 00 A7 2F 00 00 EF 80 00 00 00 00 00 00 40 00 39 41 C3 41 C5 44 44 53 80 A0 59 8D A4 59 54 8F 0D 79 88 6F 87 0D 5D 2E 40 3E 29 2A A0 3A 2C 00 00 5C 0B 16 F6 65
1785248595143,16:23:15.443,00 00 00 00 00 00 00 00 18 00 42 00 00 A2 EF 00 A7 2F 00 00 EF 80 00 00 00 00 00 00 40 00 39 41 E8 41 D0 44 44 54 80 40 59 8D A4 59 54 97 0D D1 81 70 87 0D 5D 2E 40 3E 29 2B A1 3A 2C 00 00 5C 0B 16 F6 65
1785248595644,16:23:15.923,00 00 00 00 00 00 00 00 18 00 42 00 00 A2 EF 00 A7 2F 00 00 EF 80 00 00 00 00 00 00 40 00 39 42 35 42 56 44 44 54 80 C4 59 8D A4 59 54 81 0D DD 8A 70 87 0D 5E 2F 40 3F 28 2A A1 3A 2C 00 00 5C 0B 16 F6 65
1785248596146,16:23:16.447,00 00 00 00 00 00 00 00 18 00 42 00 00 A2 EF 00 A7 2F 00 00 EF 80 00 00 00 00 00 00 40 00 39 42 35 42 5F 44 44 54 80 A0 59 8D A4 59 54 92 0E 28 86 71 89 0D 5E 2F 40 40 26 29 9D 3A 2C 00 00 5C 0C 16 F6 65
1785248596648,16:23:16.949,00 00 00 00 00 00 00 00 18 00 42 00 00 A2 EF 00 A7 2F 00 00 EF 80 00 00 00 00 00 00 40 00 39 42 6E 42 82 44 44 54 80 80 59 8D A4 59 54 82 0E 64 85 71 88 0D 5E 2F 40 40 27 2B A2 3A 2C 00 00 5C 0B 16 F6 65
1785248597150,16:23:17.447,00 00 00 00 00 00 00 00 18 00 42 00 00 A2 EF 00 A7 2F 00 00 EF 80 00 00 00 00 00 00 40 00 39 42 A8 42 CD 44 44 55 80 20 59 8D A4 59 54 8A 0D F5 83 71 87 0D 5D 2E 40 3E 29 2C AA 3A 2C 00 00 5C 0B 16 F6 65
1785248597652,16:23:17.948,00 00 00 00 00 00 00 00 18 00 42 00 00 A2 EF 00 A7 2F 00 00 EF 80 00 00 00 00 00 00 40 00 39 42 A8 42 AE 44 44 55 80 40 58 8D A4 59 54 8D 0D 62 83 71 86 0D 5D 2E 40 3E 2A 2A AC 3A 2C 00 00 5C 0B 16 F6 65
1785248598154,16:23:18.435,00 00 00 00 00 00 00 00 18 00 42 00 00 A2 EF 00 A7 2F 00 00 EF 80 00 00 00 00 00 00 40 00 39 42 95 42 B3 44 44 55 80 60 58 8D A4 59 54 97 0D 14 82 70 88 0D 5E 2F 40 3F 28 28 A7 3A 2C 00 00 5C 0B 16 F6 65
1785248598655,16:23:18.950,00 00 00 00 00 00 00 00 18 00 42 00 00 A2 EF 00 A7 2F 00 00 EF 80 00 00 00 00 00 00 40 00 39 42 BC 42 93 44 44 55 80 00 58 8D A4 59 54 7C 0D 49 85 6F 88 0D 5E 2F 40 40 27 27 A3 3A 2C 00 00 5C 0C 16 F6 65
1785248599155,16:23:19.451,00 00 00 00 00 00 00 00 18 00 42 00 00 A2 EF 00 A7 2F 00 00 EF 80 00 00 00 00 00 00 40 00 39 42 CF 42 B0 44 44 55 80 24 58 8D A4 59 54 99 0D A8 85 70 88 0D 5E 2F 40 40 27 28 A3 3A 2C 00 00 5C 0C 16 F6 65
1785248599657,16:23:19.946,00 00 00 00 00 00 00 00 18 00 42 00 00 A2 EF 00 A7 2F 00 00 EF 80 00 00 00 00 00 00 40 00 39 42 BC 42 9C 44 44 55 80 44 58 8E A4 59 54 8C 0D 82 88 70 87 0D 5D 2E 40 3E 2A 2A AB 3A 2C 00 00 5C 0B 16 F6 65
1785248600157,16:23:20.434,00 00 00 00 00 00 00 00 18 00 42 00 00 A2 EF 00 A7 2F 00 00 EF 80 00 00 00 00 00 00 40 00 39 42 95 42 D9 44 44 55 80 00 57 8E A4 59 54 84 0D 0E 85 70 87 0D 5E 2F 40 3E 2A 29 AB 3A 2C 00 00 5C 0B 16 F6 65
1785248600658,16:23:20.957,00 00 00 00 00 00 00 00 18 00 42 00 00 A2 EF 00 A7 2F 00 00 EF 80 00 00 00 00 00 00 40 00 39 42 95 42 94 44 44 55 80 84 57 8E A4 59 54 95 0D 03 88 6F 87 0D 5E 2F 40 3F 28 28 A7 3A 2C 00 00 5C 0B 16 F6 65
1785248601158,16:23:21.457,00 00 00 00 00 00 00 00 18 00 42 00 00 A2 EF 00 A7 2F 00 00 EF 80 00 00 00 00 00 00 40 00 39 42 82 42 57 44 44 55 80 00 57 8E A4 59 54 7D 0D 16 88 6F 88 0D 5E 2F 40 40 27 27 A4 3A 2C 00 00 5C 0C 16 F6 65
1785248601658,16:23:21.955,00 00 00 00 00 00 00 00 18 00 42 00 00 A2 EF 00 A7 2F 00 00 EF 80 00 00 00 00 00 00 40 00 39 42 48 42 4B 44 44 55 7F E0 57 8E A4 59 54 97 0D 96 8A 70 8A 0D 5F 2F 40 42 25 26 9E 3A 2C 00 00 5C 0C 16 F6 65
1785248602158,16:23:22.431,00 00 00 00 00 00 00 00 18 00 42 00 00 A2 EF 00 A7 2F 00 00 EF 80 00 00 00 00 00 00 40 00 39 42 48 42 42 44 44 55 7F A0 57 8E A4 59 54 8F 0E 18 86 71 91 0D 64 32 40 4B 1C 21 A7 3A 2C 00 00 5C 0F 16 F6 65
1785248602659,16:23:22.933,00 00 00 00 00 00 00 00 18 00 42 00 00 A2 EF 00 A7 2F 00 00 EF 80 00 00 00 00 00 00 40 00 39 42 A8 42 8C 44 44 55 7F C0 57 8E A4 59 54 7E 0D AA 88 74 94 00 65 32 40 4E 1A 1D A9 3A 2C 00 00 5C 10 17 F6 65
1785248603161,16:23:23.458,00 00 00 00 00 00 00 00 18 00 42 00 00 A2 EF 00 A7 2F 00 00 EF 80 00 00 00 00 00 00 40 00 39 42 95 42 70 44 44 55 80 A4 56 8E A4 59 54 81 0D 92 89 75 95 00 66 33 40 50 1A 1C A9 3A 2C 00 00 5C 11 17 F6 65
1785248603663,16:23:23.961,00 00 00 00 00 00 00 00 18 00 42 00 00 A2 EF 00 A7 2F 00 00 EF 80 00 00 00 00 00 00 40 00 39 42 A8 42 95 44 44 55 80 A8 56 8E A4 59 54 96 0D 91 8A 76 95 00 66 33 40 50 1A 1B AA 3A 2C 00 00 5C 11 17 F6 65
1785248604164,16:23:24.453,00 00 00 00 00 00 00 00 18 00 42 00 00 A2 EF 00 A7 2F 00 00 EF 80 00 00 00 00 00 00 40 00 39 42 CF 43 27 44 44 55 80 20 56 8E A5 59 54 7E 0D 81 8C 77 95 00 66 33 40 50 1A 1C AB 3A 2C 00 00 5C 11 17 F6 65
1785248604665,16:23:24.936,00 00 00 00 00 00 00 00 18 00 42 00 00 A2 EF 00 A7 2F 00 00 EF 80 00 00 00 00 00 00 40 00 39 42 CF 42 B1 44 44 55 80 40 56 8E A5 59 54 91 0D 90 8B 77 95 00 66 33 40 51 1A 1B AC 3A 2C 00 00 5C 11 17 F6 65
1785248605165,16:23:25.452,00 00 00 00 00 00 00 00 18 00 42 00 00 A2 EF 00 A7 2F 00 00 EF 80 00 00 00 00 00 00 40 00 39 42 CF 43 1B 44 44 55 7F C0 56 90 A5 59 54 85 0D 60 8B 77 95 00 66 33 40 51 1A 1B AD 3A 2C 00 00 5C 11 17 F6 65
1785248605666,16:23:25.963,00 00 00 00 00 00 00 00 18 00 42 00 00 A2 EF 00 A7 2F 00 00 EF 80 00 00 00 00 00 00 40 00 39 42 BC 42 A7 44 44 55 7F E0 56 90 A5 59 54 7E 0D 62 8A 77 96 00 68 34 40 53 19 1A AC 3A 2C 00 00 5C 12 17 F6 65
1785248606168,16:23:26.468,00 00 00 00 00 00 00 00 18 00 42 00 00 A2 EF 00 A7 2F 00 00 EF 80 00 00 00 00 00 00 40 00 39 42 BC 42 90 44 44 55 80 00 55 90 A5 59 54 7C 0D 8F 8D 78 97 00 68 34 40 55 19 19 AA 3A 2C 00 00 5C 12 17 F6 65
1785248606671,16:23:26.969,00 00 00 00 00 00 00 00 18 00 42 00 00 A2 EF 00 A7 2F 00 00 EF 80 00 00 00 00 00 00 40 00 39 42 E3 42 EE 44 44 55 80 00 55 90 A5 59 54 9D 0D DC 8E 79 98 00 69 34 40 56 19 19 A9 3A 2C 00 00 5C 12 17 F6 65
1785248607174,16:23:27.468,00 00 00 00 00 00 00 00 18 00 42 00 00 A2 EF 00 A7 2F 00 00 EF 80 00 00 00 00 00 00 40 00 39 42 E3 43 05 44 44 55 80 00 55 90 A5 59 54 9C 0D D8 8E 7A 97 00 67 33 40 54 19 1A AA 3A 2C 00 00 5C 12 17 F5 65
1785248607675,16:23:27.975,00 00 00 00 00 00 00 00 18 00 42 00 00 A2 EF 00 A7 2F 00 00 EF 80 00 00 00 00 00 00 40 00 39 42 E3 42 B4 44 44 55 7F E0 55 90 A5 59 54 99 0D D4 8B 7A 90 0D 63 31 40 49 1C 20 B1 3A 2C 00 00 5C 0E 16 F6 65
1785248608176,16:23:28.470,00 00 00 00 00 00 00 00 18 00 42 00 00 A2 EF 00 A7 2F 00 00 EF 80 00 00 00 00 00 00 40 00 39 42 BC 42 60 44 44 55 7F E0 55 90 A5 59 54 9A 0D 47 89 77 93 00 64 32 40 4D 1B 1D B4 3A 2C 00 00 5C 10 16 F6 65
1785248608677,16:23:28.990,00 00 00 00 00 00 00 00 18 00 42 00 00 A2 EF 00 A7 2F 00 00 EF 80 00 00 00 00 00 00 40 00 39 42 5B 42 69 44 44 55 7F 9C 55 90 A5 59 54 92 0D 03 88 76 96 00 67 33 40 53 19 19 B0 3A 2C 00 00 5C 12 17 F6 65
1785248609177,16:23:29.476,00 00 00 00 00 00 00 00 18 00 42 00 00 A2 EF 00 A7 2F 00 00 EF 80 00 00 00 00 00 00 40 00 39 42 6E 42 42 44 44 55 7F 7C 55 90 A5 59 54 98 0D 1B 8B 77 97 00 68 34 40 55 19 19 AE 3A 2C 00 00 5C 12 17 F6 65
1785248609678,16:23:29.953,00 00 00 00 00 00 00 00 18 00 42 00 00 A2 EF 00 A7 2F 00 00 EF 80 00 00 00 00 00 00 40 00 39 42 5B 42 57 44 44 54 7F 7C 55 90 A5 59 54 6D 0D 43 94 78 98 00 69 34 40 56 1A 18 AB 3A 2C 00 00 5C 13 17 F6 65
1785248610179,16:23:30.478,00 00 00 00 00 00 00 00 18 00 42 00 00 A2 EF 00 A7 2F 00 00 EF 80 00 00 00 00 00 00 40 00 39 42 48 42 7C 44 44 54 80 00 54 90 A5 59 54 9D 0D 8D 97 7A 99 00 6A 35 40 59 1A 18 A6 3A 2C 00 00 5C 14 18 F6 65
1785248610679,16:23:30.980,00 00 00 00 00 00 00 00 18 00 42 00 00 A2 EF 00 A7 2F 00 00 EF 80 00 00 00 00 00 00 40 00 39 42 35 42 77 44 44 54 7F E0 54 90 A5 59 54 8A 0D FA 92 7C 9A 00 6A 35 40 59 1A 18 A4 3A 2C 00 00 5C 14 18 F6 65
1785248611181,16:23:31.477,00 00 00 00 00 00 00 00 18 00 42 00 00 A2 EF 00 A7 2F 00 00 EF 80 00 00 00 00 00 00 40 00 39 42 35 42 44 44 44 54 80 00 54 90 A5 59 54 81 0E 43 92 7D 99 00 6A 35 40 59 1A 19 A4 3A 2C 00 00 5D 14 18 F5 65
1785248611682,16:23:31.980,00 00 00 00 00 00 00 00 18 00 42 00 00 A2 EF 00 A7 2F 00 00 EF 80 00 00 00 00 00 00 40 00 39 42 22 42 07 44 44 54 7F BC 54 90 A5 59 54 95 0E 82 99 7E 99 00 6A 35 40 59 1A 19 A4 3A 2C 00 00 5C 14 18 F6 65
1785248612183,16:23:32.459,00 00 00 00 00 00 00 00 18 00 42 00 00 A2 EF 00 A7 2F 00 00 EF 80 00 00 00 00 00 00 40 00 39 41 E8 41 DA 44 44 54 7F A0 54 91 A5 59 54 83 0E A4 9F 7F 99 00 6A 35 40 59 1A 19 A3 3A 2C 00 00 5C 14 18 F6 65
1785248612685,16:23:32.984,00 00 00 00 00 00 00 00 18 00 42 00 00 A2 EF 00 A7 2F 00 00 EF 80 00 00 00 00 00 00 40 00 39 41 E8 41 E8 44 44 54 7F C0 54 91 A5 59 54 95 0E B4 94 7F 99 00 6A 35 40 59 1A 1A A3 3A 2C 00 00 5C 14 18 F5 65
1785248613187,16:23:33.487,00 00 00 00 00 00 00 00 18 00 42 00 00 A2 EF 00 A7 2F 00 00 EF 80 00 00 00 00 00 00 40 00 39 41 C3 41 87 44 44 54 7F 9C 54 91 A5 59 54 9A 0E B9 9E 80 9A 00 6A 35 40 59 1A 19 A2 3A 2C 00 00 5C 14 18 F5 65
1785248613689,16:23:33.989,00 00 00 00 00 00 00 00 18 00 42 00 00 A2 EF 00 A7 2F 00 00 EF 80 00 00 00 00 00 00 40 00 39 41 77 41 89 44 44 53 7F 80 53 91 A5 59 54 9F 0E E9 95 7F 9A 00 6B 35 40 5A 1A 19 A2 3A 2C 00 00 5C 14 18 F5 65
1785248614192,16:23:34.469,00 00 00 00 00 00 00 00 18 00 42 00 00 A2 EF 00 A7 2F 00 00 EF 80 00 00 00 00 00 00 40 00 39 41 65 41 4B 44 44 53 7F 60 53 91 A5 59 54 92 0E F3 94 80 99 00 6A 35 40 59 1A 1A A2 3A 2C 00 00 5C 14 18 F6 65
1785248614693,16:23:34.990,00 00 00 00 00 00 00 00 18 00 42 00 00 A2 EF 00 A7 2F 00 00 EF 80 00 00 00 00 00 00 40 00 39 41 3F 41 3B 44 44 53 7F C0 53 91 A5 59 54 9E 0E D8 A0 80 9A 00 6A 35 40 5A 1A 1A A2 3A 2C 00 00 5C 14 18 F6 65
1785248615194,16:23:35.495,00 00 00 00 00 00 00 00 18 00 42 00 00 A2 EF 00 A7 2F 00 00 EF 80 00 00 00 00 00 00 40 00 39 40 F5 41 22 44 44 53 7F 44 53 91 A5 59 54 9D 0E E6 A0 81 9A 00 6A 35 40 5A 1A 1A A2 3A 2C 00 00 5D 14 18 F5 65
1785248615696,16:23:35.995,00 00 00 00 00 00 00 00 18 00 42 00 00 A2 EF 00 A7 2F 00 00 EF 80 00 00 00 00 00 00 40 00 39 40 AC 40 9C 44 44 53 7F 64 53 91 A5 59 54 7F 0E DE 9F 80 9A 00 6A 35 40 5A 1A 1A A1 3A 2C 00 00 5D 14 17 F6 65
1785248616196,16:23:36.508,00 00 00 00 00 00 00 00 18 00 42 00 00 A2 EF 00 A7 2F 00 00 EF 80 00 00 00 00 00 00 40 00 39 40 9A 40 74 44 44 52 7F 64 53 91 A5 59 54 98 0E E1 9E 81 9A 00 6A 35 40 5A 1A 1A A1 3A 2C 00 00 5D 14 17 F5 65
1785248616697,16:23:36.989,00 00 00 00 00 00 00 00 18 00 42 00 00 A2 EF 00 A7 2F 00 00 EF 80 00 00 00 00 00 00 40 00 39 40 2D 40 13 44 44 52 7F 64 53 91 A5 59 54 7F 0E CB 96 80 99 00 6A 35 40 59 1A 19 A1 3A 2C 00 00 5D 14 17 F6 65
1785248617200,16:23:37.502,00 00 00 00 00 00 00 00 18 00 42 00 00 A2 EF 00 A7 2F 00 00 EF 80 00 00 00 00 00 00 40 00 39 3F F7 40 00 44 44 52 7F 84 52 91 A5 59 54 9A 0E CA 9B 80 99 00 6A 35 40 59 1A 1A A1 3A 2C 00 00 5D 14 17 F5 65
1785248617702,16:23:37.999,00 00 00 00 00 00 00 00 18 00 42 00 00 A2 EF 00 A7 2F 00 00 EF 80 00 00 00 00 00 00 40 00 39 3F D3 3F E4 44 44 51 7F 68 52 91 A5 59 54 9A 0E C7 94 80 99 00 6A 35 40 59 19 19 A1 3A 2C 00 00 5D 15 17 F5 65
1785248618203,16:23:38.501,00 00 00 00 00 00 00 00 18 00 42 00 00 A2 EF 00 A7 2F 00 00 EF 80 00 00 00 00 00 00 40 00 39 3F 9E 3F 5E 44 44 51 7F 68 52 91 A5 59 54 8D 0E C3 A0 80 9B 00 6D 36 40 5E 19 18 A0 3A 2C 00 00 5D 16 18 F5 65
1785248618704,16:23:38.991,00 00 00 00 00 00 00 00 18 00 42 00 00 A2 EF 00 A7 2F 00 00 EF 90 00 00 00 00 00 00 40 00 39 3F 46 3F 4D 44 44 51 7F 88 52 91 A5 59 54 97 0F 07 A3 82 9F 00 71 38 40 65 18 16 9D 3A 2C 00 00 5D 18 18 F5 65
1785248619205,16:23:39.503,00 00 00 00 00 00 00 00 18 00 42 00 00 A2 EF 00 A7 2F 00 00 EF 90 00 00 00 00 00 00 40 00 39 3F 8C 3F 7E 44 44 51 80 1C 52 91 A5 59 54 87 0F AB A0 86 A0 00 71 38 40 67 18 16 9B 3A 2C 00 00 5D 19 18 F5 65
1785248619706,16:23:40.001,00 00 00 00 00 00 00 00 18 00 42 00 00 A2 EF 00 A7 2F 00 00 EF 90 00 00 00 00 00 00 40 00 39 3F 8C 3F 92 44 44 51 80 3C 52 92 A5 59 54 90 10 BF A8 8B A2 00 72 39 40 69 19 17 8A 3A 2C 00 00 5D 1A 19 F5 65
1785248620207,16:23:40.507,00 00 00 00 00 00 00 00 18 00 42 00 00 A2 EF 00 A7 2F 00 00 EF 80 00 00 00 00 00 00 40 00 39 3F B0 3F 7E 44 44 51 80 1C 52 92 A5 59 54 96 12 94 B5 90 A3 00 72 39 40 6A 19 19 7F 3A 2C 00 00 5D 1A 19 F5 65
1785248620709,16:23:40.990,00 00 00 00 00 00 00 00 18 00 42 00 00 A2 EF 00 A7 2F 00 00 EF 80 00 00 00 00 00 00 40 00 39 3F E5 3F D8 44 44 51 80 58 52 92 A5 59 54 93 13 D2 B4 95 A3 00 72 39 40 6A 19 1B 83 3A 2C 00 00 5D 1A 19 F5 65
1785248621210,16:23:41.491,00 00 00 00 00 00 00 00 18 00 42 00 00 A2 EF 00 A7 2F 00 00 EF 80 00 00 00 00 00 00 40 00 39 40 2D 3F F1 44 44 51 80 98 51 92 A5 59 54 98 14 29 BB 98 A2 00 72 39 40 6A 19 1B 86 3A 2C 00 00 5D 1A 19 F5 65
1785248621711,16:23:42.010,00 00 00 00 00 00 00 00 18 00 42 00 00 A2 EF 00 A7 2F 00 00 EF 80 00 00 00 00 00 00 40 00 39 40 1B 40 59 44 44 52 80 7C 51 92 A5 59 54 A7 14 37 B7 99 A3 00 72 39 40 6A 19 1B 8A 3A 2C 00 00 5D 1A 19 F5 65
1785248622213,16:23:42.508,00 00 00 00 00 00 00 00 18 00 42 00 00 A2 EF 00 A7 2F 00 00 EF 80 00 00 00 00 00 00 40 00 39 40 87 40 7F 44 44 52 80 60 51 92 A5 59 54 96 14 1A B5 98 A2 00 72 39 40 6A 19 1B 90 3A 2C 00 00 5D 1A 19 F5 65
1785248622714,16:23:43.014,00 00 00 00 00 00 00 00 18 00 42 00 00 A2 EF 00 A7 2F 00 00 EF 80 00 00 00 00 00 00 40 00 39 40 E3 40 A5 44 44 52 80 BC 51 92 A5 59 54 A7 13 C9 B4 98 A2 00 72 39 40 6A 19 1B 92 3A 2C 00 00 5D 1A 19 F5 65
1785248623215,16:23:43.492,00 00 00 00 00 00 00 00 18 00 42 00 00 A2 EF 00 A7 2F 00 00 EF 80 00 00 00 00 00 00 40 00 39 40 D0 40 C4 44 44 52 80 7C 51 92 A5 59 54 90 13 69 B5 97 A2 00 72 39 40 6A 19 1A 94 3A 2C 00 00 5D 1A 19 F5 65
1785248623716,16:23:44.007,00 00 00 00 00 00 00 00 18 00 42 00 00 A2 EF 00 A7 2F 00 00 EF 80 00 00 00 00 00 00 40 00 39 41 1A 41 1B 44 44 53 80 9C 51 92 A5 59 54 8D 12 F5 B0 96 A2 00 72 39 40 6A 19 1A 97 3A 2C 00 00 5D 19 19 F5 65
1785248624216,16:23:44.516,00 00 00 00 00 00 00 00 18 00 42 00 00 A2 EF 00 A7 2F 00 00 EF 80 00 00 00 00 00 00 40 00 39 41 52 41 17 44 44 53 80 80 50 92 A5 59 54 9D 12 9C B0 96 A2 00 72 39 40 6A 19 19 9A 3A 2C 00 00 5D 19 19 F5 65
1785248624718,16:23:45.019,00 00 00 00 00 00 00 00 18 00 42 00 00 A2 EF 00 A7 2F 00 00 EF 80 00 00 00 00 00 00 40 00 39 41 8A 41 84 44 44 53 80 60 50 92 A5 59 54 94 12 4A AF 95 A2 00 72 39 40 69 19 19 9A 3A 2C 00 00 5D 19 19 F5 65
1785248625219,16:23:45.521,00 00 00 00 00 00 00 00 18 00 42 00 00 A2 EF 00 A7 2F 00 00 EF 80 00 00 00 00 00 00 40 00 39 41 3F 41 5E 44 44 53 80 00 50 92 A5 59 54 A4 12 16 B8 95 A2 00 72 39 40 69 19 19 9F 3A 2C 00 00 5D 19 19 F5 65
1785248625720,16:23:46.018,00 00 00 00 00 00 00 00 18 00 42 00 00 A2 EF 00 A7 2F 00 00 EF 80 00 00 00 00 00 00 40 00 39 41 8A 41 BA 44 44 53 80 40 50 92 A5 59 54 A6 11 C5 AC 94 A2 00 72 39 40 6A 19 18 9C 3A 2C 00 00 5D 19 19 F5 65
1785248626221,16:23:46.538,00 00 00 00 00 00 00 00 18 00 42 00 00 A2 EF 00 A7 2F 00 00 EF 80 00 00 00 00 00 00 40 00 39 41 D5 41 99 44 44 54 80 60 50 94 A5 59 54 91 11 B7 B8 94 A2 00 72 39 40 6A 19 18 9C 3A 2C 00 00 5D 19 19 F5 65
1785248626721,16:23:47.023,00 00 00 00 00 00 00 00 18 00 42 00 00 A2 EF 00 A7 2F 00 00 EF 80 00 00 00 00 00 01 60 00 39 41 C3 41 D1 44 44 54 80 00 50 94 A5 59 54 91 11 D7 AF 93 A3 00 73 39 40 6A 19 18 9A 3A 2C 00 00 5D 19 19 F5 65
1785248627222,16:23:47.499,00 00 00 00 00 00 00 00 18 00 42 00 00 A2 EF 00 A7 2F 00 00 EF 80 00 00 00 00 00 01 60 00 39 42 BC 42 B2 44 44 54 80 60 4F 94 A5 59 54 91 11 EA A2 91 6F 0D 6E 37 40 2C 19 19 B7 3A 2C 00 00 5D 03 16 F5 65
1785248627723,16:23:48.004,00 00 00 00 00 00 00 00 18 00 42 00 00 A2 EF 00 A7 2F 00 00 EF 80 00 00 00 00 00 01 60 00 39 56 8C 56 8A 44 44 53 7E 40 4F 94 A5 59 54 AE 14 7F A2 85 7F 0D 32 19 40 19 21 21 00 3A 2C 00 00 5D 06 1B F5 65
1785248628223,16:23:48.531,00 00 00 00 00 00 00 00 18 00 42 00 00 A2 EF 00 A7 2F 00 00 EF 80 00 00 00 00 00 01 60 00 39 4E C1 4E 91 44 44 51 7D 10 4F 94 A5 59 54 9C 15 3D 8E 80 6E 0D 5D 2E 40 2D 21 21 00 3A 2C 00 00 5D 02 18 F5 65
1785248628724,16:23:49.022,00 00 00 00 00 00 00 00 18 00 42 00 00 A2 EF 00 A7 2F 00 00 EF 80 00 00 00 00 00 00 40 00 39 4C CB 4D 10 44 44 50 7B E0 4F 94 A5 59 54 A6 15 CE 9D 7F 9A 00 70 38 40 60 1A 26 00 3A 2C 00 00 5D 11 19 F5 65
1785248629225,16:23:49.524,00 00 00 00 00 00 00 00 18 00 42 00 00 A2 EF 00 A7 2F 00 00 EF 80 00 00 00 00 00 00 40 00 39 4D 18 4C C8 44 44 4F 7E 4C 4F 94 A5 59 54 AF 17 64 B9 8B A0 00 73 39 40 69 1A 21 00 3A 2C 00 00 5D 15 19 F5 65
1785248629727,16:23:50.008,00 00 00 00 00 00 00 00 18 00 42 00 00 A2 EF 00 A7 2F 00 00 EF 80 00 00 00 00 00 00 40 00 39 4D 4C 4D 1C 44 44 4F 7F 8C 4F 94 A6 59 54 AE 19 1B C3 97 A5 00 76 3B 40 71 1A 1F 00 39 2C 00 00 5D 17 1A F5 65
1785248630230,16:23:50.505,00 00 00 00 00 00 00 00 18 00 42 00 00 A2 EF 00 A7 2F 00 00 EF 80 00 00 00 00 00 00 40 00 39 4D 67 4D 60 44 44 4F 80 58 4E 94 A6 59 54 8F 16 FE BE A0 A5 00 76 3B 40 71 1B 1D A0 39 2C 00 00 5D 17 1A F5 65
1785248630731,16:23:51.031,00 00 00 00 00 00 00 00 18 00 42 00 00 A2 EF 00 A7 2F 00 00 EF 80 00 00 00 00 00 00 40 00 39 4D D0 4D B4 44 44 4F 80 B0 4E 94 A6 59 54 A8 14 76 B6 9B A5 00 77 3B 40 72 1B 1A A0 39 2C 00 00 5D 17 1A F5 65
1785248631233,16:23:51.531,00 00 00 00 00 00 00 00 18 00 42 00 00 A2 EF 00 A7 2F 00 00 EF 80 00 00 00 00 00 00 40 00 39 4E 05 4D BC 44 44 50 80 38 4E 94 A6 59 54 8B 13 70 B8 99 A9 00 7A 3D 40 79 1C 17 91 39 2C 00 00 5D 1A 1B F5 65
1785248631734,16:23:52.029,00 00 00 00 00 00 00 00 18 00 42 00 00 A2 EF 00 A7 2F 00 00 EF 80 00 00 00 00 00 00 40 00 39 4E 70 4E 4B 44 44 50 80 B0 4E 94 A6 59 54 B0 15 DE C7 9D AA 00 7A 3D 40 7A 1C 17 85 39 2C 00 00 5D 1A 1B F5 65
1785248632235,16:23:52.549,00 00 00 00 00 00 00 00 18 00 42 00 00 A2 EF 00 A7 2F 00 00 EF 80 00 00 00 00 00 00 40 00 39 4E A6 4E D5 44 44 50 81 0C 4E 95 A6 59 54 A4 17 5F C9 A4 AA 00 7A 3D 40 7A 1C 17 8C 3A 2C 00 00 5D 1A 1B F5 65
1785248632736,16:23:53.011,00 00 00 00 00 00 00 00 18 00 42 00 00 A2 EF 00 A7 2F 00 00 EF 80 00 00 00 00 00 00 40 00 39 4F 2E 4F 12 44 44 51 80 D0 4E 95 A6 59 54 94 17 57 D3 A7 AA 00 7A 3D 40 7A 1C 17 92 3A 2C 00 00 5D 19 1B F5 65
1785248633237,16:23:53.536,00 00 00 00 00 00 00 00 18 00 42 00 00 A2 EF 00 A7 2F 00 00 EF 80 00 00 00 00 00 00 40 00 39 4F 80 4F A5 44 44 51 80 B4 4D 95 A6 59 54 B1 16 83 D1 A5 AA 00 7A 3D 40 7A 1C 17 96 39 2C 00 00 5D 19 1B F5 65
1785248633738,16:23:54.037,00 00 00 00 00 00 00 00 18 00 42 00 00 A2 EF 00 A7 2F 00 00 EF 80 00 00 00 00 00 00 40 00 39 4F B8 4F C6 44 44 52 80 B8 4D 95 A6 59 54 95 15 E9 C1 A2 AA 00 7A 3D 40 7A 1C 17 95 39 2C 00 00 5D 19 1B F5 65
1785248634238,16:23:54.534,00 00 00 00 00 00 00 00 18 00 42 00 00 A2 EF 00 A7 2F 00 00 EF 80 00 00 00 00 00 00 40 00 39 50 27 4F FF 44 44 52 80 9C 4D 95 A6 59 54 B2 15 BA CC A3 A9 00 7A 3D 40 79 1C 17 97 39 2B 00 00 5D 19 1B F5 65
1785248634739,16:23:55.010,00 00 00 00 00 00 00 00 18 00 42 00 00 A2 EF 00 A7 2F 00 00 EF 80 00 00 00 00 00 00 40 00 39 50 60 50 43 44 44 52 80 7C 4D 95 A6 59 54 9F 15 47 C9 A1 A9 00 7A 3D 40 79 1C 17 9A 39 2B 00 00 5D 19 1B F5 65
1785248635241,16:23:55.531,00 00 00 00 00 00 00 00 18 00 42 00 00 A2 EF 00 A7 2F 00 00 EF 80 00 00 00 00 00 00 40 00 39 50 98 50 75 44 44 52 80 9C 4D 95 A6 59 54 AF 14 A9 BA 9F A9 00 7A 3D 40 79 1C 17 9A 39 2B 00 00 5D 19 1B F5 65
1785248635742,16:23:56.038,00 00 00 00 00 00 00 00 18 00 42 00 00 A2 EF 00 A7 2F 00 00 EF 80 00 00 00 00 00 00 40 00 39 50 D1 50 B8 44 44 53 80 80 4C 95 A6 58 54 AD 14 AE BC 9E A9 00 79 3D 40 78 1C 17 9A 39 2B 00 00 5D 18 1B F5 65
1785248636244,16:23:56.542,00 00 00 00 00 00 00 00 18 00 42 00 00 A2 EF 00 A7 2F 00 00 EF 80 00 00 00 00 00 00 40 00 39 50 EE 51 17 44 44 53 80 20 4C 95 A7 58 54 91 14 88 BA 9D A8 00 79 3C 40 78 1C 17 9A 39 2B 00 00 5D 18 1B F5 65
1785248636747,16:23:57.047,00 00 00 00 00 00 00 00 18 00 42 00 00 A2 EF 00 A7 2F 00 00 EF 80 00 00 00 00 00 00 40 00 39 51 27 51 73 44 44 53 80 3C 4C 95 A7 58 54 AD 14 84 B7 9C A9 00 79 3D 40 78 1C 17 9A 39 2B 00 00 5D 18 1B F5 65
1785248637247,16:23:57.544,00 00 00 00 00 00 00 00 18 00 42 00 00 A2 EF 00 A7 2F 00 00 EF 80 00 00 00 00 00 00 40 00 39 51 27 50 E7 44 44 53 80 40 4C 96 A7 58 54 AA 14 A0 BB 9C A8 00 79 3D 40 79 1C 17 9A 39 2B 00 00 5D 18 1B F5 65
1785248637747,16:23:58.029,00 00 00 00 00 00 00 00 18 00 42 00 00 A2 EF 00 A7 2F 00 00 EF 80 00 00 00 00 00 00 40 00 39 51 7E 51 75 44 44 53 80 40 4C 96 A7 58 54 90 14 C9 BB 9C A9 00 7A 3D 40 79 1C 17 9A 39 2B 00 00 5D 18 1B F5 65
1785248638249,16:23:58.551,00 00 00 00 00 00 00 00 18 00 42 00 00 A2 EF 00 A7 2F 00 00 EF 80 00 00 00 00 00 00 40 00 39 51 B8 51 C8 44 44 53 80 60 4B 96 A7 58 54 A8 14 DC B8 9C AA 00 7C 3E 40 7C 1C 17 9A 39 2B 00 00 5D 19 1B F5 65
1785248638749,16:23:59.069,00 00 00 00 00 00 00 00 18 00 42 00 00 A2 EF 00 A7 2F 00 00 EF 80 00 00 00 00 00 00 40 00 39 51 F3 52 38 44 44 54 80 A0 4B 96 A7 58 54 AA 17 B3 CA A2 B0 00 82 41 40 86 1C 17 67 39 2B 00 00 5D 1D 1C F5 65
1785248639249,16:23:59.547,00 00 00 00 00 00 00 00 18 00 42 00 00 A2 EF 00 A7 2F 00 00 EF 90 00 00 00 00 00 01 60 00 39 52 A4 52 99 44 44 54 80 A4 4B 96 A7 58 54 B0 1C 11 E1 B2 B2 00 86 43 40 92 1C 17 67 39 2B 00 00 5D 1E 1D F4 65
1785248639750,16:24:00.050,00 00 00 00 00 00 00 00 18 00 42 00 00 A2 EF 00 A7 2F 00 00 EF 90 00 00 00 00 00 01 60 00 39 53 59 53 7B 44 44 55 81 8C 4B 96 A7 58 54 BA 1E 28 CC B8 B3 A5 89 44 40 97 1C 17 00 39 2B 00 00 5D 1F 1D F5 65
1785248640251,16:24:00.529,00 00 00 00 00 00 00 00 18 00 42 00 00 A2 EF 00 A7 2F 00 00 EF 80 00 00 00 00 00 01 60 00 39 55 4A 55 10 44 44 56 81 B4 4B 96 A7 58 54 AC 1C 4B BC A5 87 0D 39 1D 40 27 38 41 92 39 2B 00 00 5D 07 1A F4 65
1785248640751,16:24:01.047,00 00 00 00 00 00 00 00 18 00 42 00 00 A2 EF 00 A7 2F 00 00 EF 09 00 01 00 00 00 01 60 00 39 3F 35 3E E0 44 44 55 7D C4 4A 96 A7 58 54 A3 17 30 96 8F 64 0D 32 19 40 00 38 41 00 39 2C 00 00 5D FB 15 F5 65
1785248641252,16:24:01.557,00 00 00 00 00 00 00 00 18 00 42 00 00 A2 EF 00 A7 2F 00 00 EF 80 00 00 00 00 00 01 60 00 39 42 E3 42 EA 44 44 53 7D 10 4A 96 A7 58 54 A1 12 98 8E 7D 86 0D 67 34 40 49 3B 54 00 3A 2C 00 00 5D 0B 16 F5 65
1785248641752,16:24:02.057,00 00 00 00 00 00 00 00 18 00 42 00 00 A2 EF 00 A7 2F 00 00 EF 80 00 00 00 00 00 00 40 00 39 40 D0 40 E2 44 44 52 7E 44 4A 98 A7 58 54 A2 12 93 A3 7E A1 00 75 3A 40 6A 18 1A 00 3A 2C 00 00 5D 1A 19 F4 65
1785248642253,16:24:02.536,00 00 00 00 00 00 00 00 18 00 42 00 00 A2 EF 00 A7 2F 00 00 EF 90 00 00 00 00 00 00 40 00 39 40 F5 41 1F 44 44 53 80 20 4A 98 A7 58 54 AD 14 26 BE 8E A7 00 78 3C 40 74 1A 19 00 39 2B 00 00 5D 1C 1A F4 64
1785248642755,16:24:03.056,00 00 00 00 00 00 00 00 18 00 42 00 00 A2 EF 00 A7 2F 00 00 EF 90 00 00 00 00 00 00 40 00 39 41 2D 41 23 44 44 53 80 7C 4A 98 A7 58 54 9A 15 64 C1 99 A8 00 79 3C 40 77 1A 19 67 39 2B 00 00 5D 1D 1B F4 64
1785248643256,16:24:03.568,00 00 00 00 00 00 00 00 18 00 42 00 00 A2 EF 00 A7 2F 00 00 EF 90 00 00 00 00 00 00 40 00 39 41 65 41 5C 44 44 53 80 DC 49 98 A7 58 54 A1 16 22 C1 9F A9 00 79 3C 40 77 1A 19 67 39 2B 00 00 5D 1D 1B F4 64
1785248643756,16:24:04.053,00 00 00 00 00 00 00 00 18 00 42 00 00 A2 EF 00 A7 2F 00 00 EF 90 00 00 00 00 00 00 40 00 39 41 FB 41 B8 44 44 54 80 E0 49 98 A7 58 54 A4 16 8D CC A3 AA 00 79 3C 40 77 1A 19 67 39 2B 00 00 5D 1D 1B F4 64
1785248644256,16:24:04.555,00 00 00 00 00 00 00 00 18 00 42 00 00 A2 EF 00 A7 2F 00 00 EF 90 00 00 00 00 00 00 40 00 39 42 22 42 31 44 44 54 80 A4 49 98 A7 58 54 9D 16 ED C3 A4 AA 00 79 3C 40 77 1A 19 67 39 2B 00 00 5D 1D 1B F4 64
1785248644757,16:24:05.058,00 00 00 00 00 00 00 00 18 00 42 00 00 A2 EF 00 A7 2F 00 00 EF 90 00 00 00 00 00 00 40 00 39 42 A8 42 7A 44 44 55 81 24 49 98 A7 58 54 AE 17 2B C6 A5 AB 00 77 3C 40 75 1A 19 67 39 2C 00 00 5D 1D 1B F4 64
1785248645257,16:24:05.566,00 00 00 00 00 00 00 00 18 00 42 00 00 A2 EF 00 A7 2F 00 00 EF 80 00 00 00 00 00 00 40 00 39 42 BC 42 C7 44 44 55 80 C4 49 98 A6 58 54 A0 17 41 C6 A6 A8 00 76 3B 40 71 1A 19 67 39 2C 00 00 5D 1C 1B F4 64
1785248645757,16:24:06.057,00 00 00 00 00 00 00 00 18 00 42 00 00 A2 EF 00 A7 2F 00 00 EF 80 00 00 00 00 00 00 40 00 39 43 1E 43 0C 44 44 55 80 CC 48 98 A7 58 54 A2 17 27 C3 A5 A5 00 74 3A 40 6E 19 1D 7E 3A 2C 00 00 5D 1A 1A F4 64
1785248646259,16:24:06.558,00 00 00 00 00 00 00 00 18 00 42 00 00 A2 EF 00 A7 2F 00 00 EF 80 00 00 00 00 00 00 40 00 39 43 31 43 35 44 44 56 80 88 48 99 A6 58 54 8A 14 B5 B3 9F 9C 12 6C 36 40 5D 19 21 AA 3A 2C 00 00 5D 15 18 F4 64
1785248646760,16:24:07.055,00 00 00 00 00 00 00 00 18 00 42 00 00 A2 EF 00 A7 2F 00 00 EF 80 00 00 00 00 00 00 40 00 39 42 BC 42 A2 44 44 55 7F 9C 48 99 A6 58 54 7A 11 8E 9F 90 92 0D 61 30 40 49 1B 28 C2 3A 2C 00 00 5D 0E 16 F4 64
1785248647262,16:24:07.564,00 00 00 00 00 00 00 00 18 00 42 00 00 A2 EF 00 A7 2F 00 00 EF 80 00 00 00 00 00 00 40 00 39 42 22 42 0C 44 44 54 7E D4 48 99 A6 58 54 92 0F 06 92 83 8E 0D 62 31 40 47 1F 26 BF 3A 2C 00 00 5D 0E 16 F4 64
1785248647763,16:24:08.064,00 00 00 00 00 00 00 00 18 00 42 00 00 A2 EF 00 A7 2F 00 00 EF 80 00 00 00 00 00 00 40 00 39 41 C3 41 82 44 44 54 7E 98 48 99 A6 58 54 95 0D 85 8C 7B 92 00 63 31 40 4B 1B 1F C0 3A 2C 00 00 5D 0F 16 F4 64
1785248648264,16:24:08.540,00 00 00 00 00 00 00 00 18 00 42 00 00 A2 EF 00 A7 2F 00 00 EF 80 00 00 00 00 00 00 40 00 39 41 65 41 45 44 44 53 7E BC 47 99 A6 58 54 8A 0C CB 8C 78 95 00 68 33 40 51 1A 1A BD 3A 2C 00 00 5D 11 17 F4 64
1785248648766,16:24:09.039,00 00 00 00 00 00 00 00 18 00 42 00 00 A2 EF 00 A7 2F 00 00 EF 80 00 00 00 00 00 00 40 00 39 41 1A 41 17 44 44 53 7F 80 47 99 A6 59 54 78 0C 94 92 77 99 00 6B 35 40 59 1A 16 B1 3A 2C 00 00 5D 14 18 F4 64
1785248649268,16:24:09.566,00 00 00 00 00 00 00 00 18 00 42 00 00 A2 EF 00 A7 2F 00 00 EF 80 00 00 00 00 00 00 40 00 39 41 1A 41 1B 44 44 53 7F C0 47 99 A6 59 54 7A 0D 0A 95 79 9C 00 6E 37 40 60 19 15 AB 3A 2C 00 00 5D 16 18 F4 64
1785248649770,16:24:10.065,00 00 00 00 00 00 00 00 18 00 42 00 00 A2 EF 00 A7 2F 00 00 EF 90 00 00 00 00 00 00 40 00 39 41 2D 41 21 44 44 53 80 00 47 99 A6 59 54 90 0D 9B 9A 7D 9E 00 6F 37 40 63 18 14 A8 3A 2C 00 00 5D 17 18 F4 64
1785248650271,16:24:10.587,00 00 00 00 00 00 00 00 18 00 42 00 00 A2 EF 00 A7 2F 00 00 EF 80 00 00 00 00 00 00 40 00 39 41 65 41 87 44 44 53 80 80 47 99 A6 59 54 88 0E 6F 9B 82 9E 00 6F 37 40 64 18 15 A5 39 2C 00 00 5D 17 18 F4 64
1785248650772,16:24:11.045,00 00 00 00 00 00 00 00 18 00 42 00 00 A2 EF 00 A7 2F 00 00 EF 80 00 00 00 00 00 00 40 00 39 41 8A 41 84 44 44 53 80 60 46 9A A6 59 54 9F 0F 22 AB 87 9F 00 70 38 40 65 18 16 A3 39 2C 00 00 5D 18 18 F4 64
1785248651274,16:24:11.572,00 00 00 00 00 00 00 00 18 00 42 00 00 A2 EF 00 A7 2F 00 00 EF 80 00 00 00 00 00 00 40 00 39 41 D5 41 EC 44 44 54 80 A0 46 9A A6 59 54 81 0F A1 A1 88 9F 00 70 38 40 66 19 17 A2 3A 2C 00 00 5D 18 19 F4 64
1785248651775,16:24:12.072,00 00 00 00 00 00 00 00 18 00 42 00 00 A2 EF 00 A7 2F 00 00 EF 80 00 00 00 00 00 00 40 00 39 42 0E 42 0B 44 44 54 80 A4 46 9A A6 59 54 82 0F E7 AE 8B 9F 00 71 38 40 66 19 17 A1 3A 2C 00 00 5D 18 19 F4 64
1785248652277,16:24:12.575,00 00 00 00 00 00 00 00 18 00 42 00 00 A2 EF 00 A7 2F 00 00 EF 80 00 00 00 00 00 00 40 00 39 42 5B 42 4E 44 44 54 80 84 46 9A A6 59 54 A3 10 29 A5 8C A0 00 71 38 40 66 19 17 A0 39 2C 00 00 5D 18 19 F4 64
1785248652777,16:24:13.074,00 00 00 00 00 00 00 00 18 00 42 00 00 A2 EF 00 A7 2F 00 00 EF 80 00 00 00 00 00 00 40 00 39 42 A8 42 CC 44 44 55 80 E4 46 9A A6 59 54 87 10 52 A5 8D 9E 00 6F 37 40 64 19 18 A0 3A 2C 00 00 5D 17 19 F4 64
1785248653279,16:24:13.581,00 00 00 00 00 00 00 00 18 00 42 00 00 A2 EF 00 A7 2F 00 00 EF 80 00 00 00 00 00 00 40 00 39 42 CF 42 C4 44 44 55 80 E8 45 9A A6 59 54 89 10 62 A3 8C 9E 00 6F 37 40 63 19 19 A1 3A 2C 00 00 5D 16 18 F4 64
1785248653780,16:24:14.054,00 00 00 00 00 00 00 00 18 00 42 00 00 A2 EF 00 A7 2F 00 00 EF 80 00 00 00 00 00 00 40 00 39 42 F6 42 E2 44 44 55 80 A4 45 9A A6 59 54 A2 10 2E A2 8C 9E 00 6E 37 40 62 19 19 A1 3A 2C 00 00 5D 16 18 F4 64
1785248654282,16:24:14.580,00 00 00 00 00 00 00 00 18 00 42 00 00 A2 EF 00 A7 2F 00 00 EF 80 00 00 00 00 00 00 40 00 39 43 0A 42 EB 44 44 55 80 A8 45 9A A6 59 54 A2 10 20 A1 8A 9B 00 6B 36 40 5C 1A 1B A4 3A 2C 00 00 5D 14 18 F4 64
1785248654783,16:24:15.080,00 00 00 00 00 00 00 00 18 00 42 00 00 A2 EF 00 A7 2F 00 00 EF 80 00 00 00 00 00 00 40 00 39 43 45 43 78 44 44 56 80 00 45 9A A6 59 54 97 0F AE A2 87 9B 00 6B 35 40 5C 1A 1A A4 3A 2C 00 00 5D 14 18 F4 64
1785248655284,16:24:15.579,00 00 00 00 00 00 00 00 18 00 42 00 00 A2 EF 00 A7 2F 00 00 EF 80 00 00 00 00 00 00 40 00 39 43 31 43 40 44 44 56 7F E0 45 9C A6 59 54 81 0F 53 9B 84 99 00 69 34 40 58 1A 1B A8 3A 2C 00 00 5D 13 18 F4 64
1785248655785,16:24:16.075,00 00 00 00 00 00 00 00 18 00 42 00 00 A2 EF 00 A7 2F 00 00 EF 80 00 00 00 00 00 00 40 00 39 43 1E 42 F8 44 44 56 80 20 44 9C A6 59 54 91 0E D5 94 82 97 00 68 34 40 54 19 1C B0 3A 2C 00 00 5D 12 17 F4 64
1785248656286,16:24:16.562,00 00 00 00 00 00 00 00 18 00 42 00 00 A2 EF 00 A7 2F 00 00 EF 80 00 00 00 00 00 00 40 00 39 42 F6 42 FB 44 44 55 7F 98 44 9C A6 59 54 7C 0E 4C 98 80 97 00 68 34 40 54 19 1B B1 3A 2C 00 00 5D 12 17 F4 64
1785248656786,16:24:17.081,00 00 00 00 00 00 00 00 18 00 42 00 00 A2 EF 00 A7 2F 00 00 EF 80 00 00 00 00 00 00 40 00 39 42 E3 42 DA 44 44 55 7F BC 44 9C A6 59 54 99 0D D9 99 7D 98 00 69 34 40 56 19 1A AF 3A 2C 00 00 5D 12 17 F4 64
1785248657287,16:24:17.587,00 00 00 00 00 00 00 00 18 00 42 00 00 A2 EF 00 A7 2F 00 00 EF 80 00 00 00 00 00 00 40 00 39 42 E3 42 CD 44 44 55 7F 9C 44 9C A5 59 54 95 0D EC 99 7D 9A 00 6D 36 40 5C 1A 18 A9 3A 2C 00 00 5D 14 18 F4 64
1785248657788,16:24:18.087,00 00 00 00 00 00 00 00 18 00 42 00 00 A2 EF 00 A7 2F 00 00 EF 90 00 00 00 00 00 00 40 00 39 43 59 43 46 44 44 55 80 00 44 9C A5 59 54 9E 0E 74 98 7F A0 00 73 39 40 6A 19 14 A1 3A 2C 00 00 5D 18 19 F4 64
1785248658290,16:24:18.576,00 00 00 00 00 00 00 00 18 00 42 00 00 A2 EF 00 A7 2F 00 00 EF 90 00 00 00 00 00 00 40 00 39 43 95 43 6D 44 44 56 80 CC 43 9C A6 59 54 95 0F 4B A5 86 A2 00 73 39 40 6C 19 15 9E 3A 2C 00 00 5D 19 19 F4 64
1785248658791,16:24:19.071,00 00 00 00 00 00 00 00 18 00 42 00 00 A2 EF 00 A7 2F 00 00 EF 80 00 00 00 00 00 00 40 00 39 43 E5 43 CA 44 44 56 80 F0 43 9C A6 59 54 A1 10 54 AE 8C A1 00 72 39 40 69 19 16 9C 39 2C 00 00 5D 18 19 F4 64
1785248659291,16:24:19.587,00 00 00 00 00 00 00 00 18 00 42 00 00 A2 EF 00 A7 2F 00 00 EF 80 00 00 00 00 00 00 40 00 39 44 0D 43 F9 44 44 57 80 D0 43 9D A6 59 54 86 10 E9 B1 8F 9C 00 6B 35 40 5D 19 1B A0 3A 2C 00 00 5D 14 18 F4 64
1785248659792,16:24:20.090,00 00 00 00 00 00 00 00 18 00 42 00 00 A2 EF 00 A7 2F 00 00 EF 80 00 00 00 00 00 00 40 00 39 43 F9 43 E5 44 44 57 80 24 43 9D A6 59 54 80 10 3C 9C 8A 95 00 65 32 40 51 1A 20 B0 3A 2C 00 00 5D 11 17 F4 64
1785248660293,16:24:20.587,00 00 00 00 00 00 00 00 18 00 42 00 00 A2 EF 00 A7 2F 00 00 EF 80 00 00 00 00 00 00 40 00 39 43 BD 43 A1 44 44 56 7F 78 43 9D A6 59 54 99 0E D1 98 82 94 00 66 33 40 50 1A 1F B6 3A 2C 00 00 5D 10 17 F4 64
1785248660795,16:24:21.075,00 00 00 00 00 00 00 00 18 00 42 00 00 A2 EF 00 A7 2F 00 00 EF 80 00 00 00 00 00 00 40 00 39 43 81 43 6B 44 44 56 7F 74 42 9D A6 59 54 9A 0E 1C 93 7E 97 00 6A 35 40 55 19 1B B4 3A 2C 00 00 5D 12 17 F4 64
1785248661297,16:24:21.592,00 00 00 00 00 00 00 00 18 00 42 00 00 A2 EF 00 A7 2F 00 00 EF 90 00 00 00 00 00 00 40 00 39 43 6D 43 6B 44 44 56 7F DC 42 9D A6 59 54 7F 0D DC 94 7C A0 00 73 39 40 68 19 14 A5 3A 2C 00 00 5D 17 19 F4 64
1785248661797,16:24:22.108,00 00 00 00 00 00 00 00 18 00 42 00 00 A2 EF 00 A7 2F 00 00 EF 90 00 00 00 00 00 00 40 00 39 43 A9 43 6D 44 44 56 80 00 42 9D A6 59 54 9E 0E A1 A1 82 A1 00 76 3B 40 70 19 15 A1 39 2C 00 00 5D 18 19 F4 64
1785248662299,16:24:22.598,00 00 00 00 00 00 00 00 18 00 42 00 00 A2 EF 00 A7 2F 00 00 EF 90 00 00 00 00 00 00 40 00 39 44 0D 43 BB 44 44 56 80 44 42 9D A6 59 54 A1 0F C1 A6 88 A3 00 74 3A 40 70 19 15 9D 39 2C 00 00 5D 19 1A F4 64
1785248662800,16:24:23.077,00 00 00 00 00 00 00 00 18 00 42 00 00 A2 EF 00 A7 2F 00 00 EF 80 00 00 00 00 00 00 40 00 39 44 0D 43 EE 44 44 57 80 88 42 9D A6 59 54 A2 10 64 AC 8C 95 00 63 31 40 50 19 20 AE 39 2C 00 00 5D 10 17 F4 64
1785248663301,16:24:23.597,00 00 00 00 00 00 00 00 18 00 42 00 00 A2 EF 00 A7 2F 00 00 EF 80 00 00 00 00 00 00 40 00 39 43 81 43 58 44 44 56 7F 98 42 9D A6 59 54 99 0F 5D 93 85 8E 0D 62 31 40 47 20 27 AE 3A 2C 00 00 5D 0E 16 F4 64
1785248663802,16:24:24.095,00 00 00 00 00 00 00 00 18 00 42 00 00 A2 EF 00 A7 2F 00 00 EF 80 00 00 00 00 00 00 40 00 39 43 0A 42 E2 44 44 56 7E 68 41 9E A6 59 54 97 0E 18 96 7E 96 00 68 34 40 52 1A 1D B8 3A 2C 00 00 5D 11 17 F4 64
1785248664302,16:24:24.595,00 00 00 00 00 00 00 00 18 00 42 00 00 A2 EF 00 A7 2F 00 00 EF 80 00 00 00 00 00 01 60 00 39 42 E3 42 EF 44 44 55 7F 58 41 9E A5 59 54 7A 0D 6E 96 7B 98 00 6A 35 40 57 19 19 B1 3A 2C 00 00 5D 13 17 F4 64
1785248664804,16:24:25.101,00 00 00 00 00 00 00 00 18 00 42 00 00 A2 EF 00 A7 2F 00 00 EF 80 00 00 00 00 00 01 60 00 39 42 BC 42 8F 44 44 55 7F 7C 41 9E A5 59 54 7A 0D A9 9C 7C 9D 00 6F 37 40 62 19 15 A7 3A 2C 00 00 5D 16 18 F4 64
1785248665307,16:24:25.604,00 00 00 00 00 00 00 00 18 00 42 00 00 A2 EF 00 A7 2F 00 00 EF 90 00 00 00 00 00 01 60 00 39 42 CF 42 C8 44 44 55 7F C0 41 9E A5 59 54 87 0E 5E A4 81 A0 00 75 3A 40 6D 19 15 A3 3A 2C 00 00 5D 18 19 F4 64
1785248665808,16:24:26.084,00 00 00 00 00 00 00 00 18 00 42 00 00 A2 EF 00 A7 2F 00 00 EF 90 00 00 00 00 00 00 40 00 39 42 CF 43 11 44 44 55 80 00 41 9E A6 59 54 A0 0F 58 AA 86 A2 00 76 3B 40 71 19 15 9F 39 2C 00 00 5D 19 19 F4 64
1785248666309,16:24:26.626,00 00 00 00 00 00 00 00 18 00 42 00 00 A2 EF 00 A7 2F 00 00 EF 90 00 00 00 00 00 00 40 00 39 42 F6 42 EE 44 44 55 80 24 40 9E A6 59 54 A3 10 0A AE 8C A3 00 76 3B 40 71 19 15 9B 39 2C 00 00 5D 19 19 F4 64
1785248666810,16:24:27.106,00 00 00 00 00 00 00 00 18 00 42 00 00 A2 EF 00 A7 2F 00 00 EF 90 00 00 00 00 00 00 40 00 39 43 45 43 34 44 44 56 80 A8 40 9E A6 59 54 9C 11 A7 B0 91 A5 00 76 3B 40 72 19 17 80 39 2C 00 00 5D 1A 1A F4 64
1785248667311,16:24:27.583,00 00 00 00 00 00 00 00 18 00 42 00 00 A2 EF 00 A7 2F 00 00 EF 80 00 00 00 00 00 00 40 00 39 43 6D 43 78 44 44 56 80 A8 40 9E A6 59 54 9E 14 72 C8 9A A8 00 76 3B 40 72 19 18 67 3A 2C 00 00 5D 1C 1B F4 64
1785248667813,16:24:28.109,00 00 00 00 00 00 00 00 18 00 42 00 00 A2 EF 00 A7 2F 00 00 EF 80 00 00 00 00 00 00 40 00 39 43 D1 43 B4 44 44 56 80 CC 40 9E A6 59 54 B0 16 6C C4 A1 A8 00 76 3B 40 72 19 1B 67 3A 2C 00 00 5D 1C 1B F4 64
1785248668314,16:24:28.614,00 00 00 00 00 00 00 00 18 00 42 00 00 A2 EF 00 A7 2F 00 00 EF 80 00 00 00 00 00 01 60 00 39 48 6D 48 AF 44 44 57 80 F0 40 A0 A6 59 54 AA 17 20 C3 A4 8E 0D 51 28 40 3E 19 1D B4 3A 2C 00 00 5D 0B 17 F4 64
1785248668815,16:24:29.121,00 00 00 00 00 00 00 00 18 00 42 00 00 A2 EF 00 A7 2F 00 00 EF 10 00 00 00 00 00 01 60 00 39 5F 6D 5F E8 44 44 56 7E C8 40 A0 A6 59 54 B1 17 0F B1 95 AA 00 6F 37 40 B5 1F 23 00 3A 2C 00 00 5D 15 1E F4 64
1785248669315,16:24:29.593,00 00 00 00 00 00 00 00 18 00 42 00 00 A2 EF 00 A7 2F 00 00 EF 09 00 01 00 00 00 01 60 00 39 52 4B 51 6A 44 44 54 7D 40 3F A0 A6 59 54 B2 1B 7E A9 93 64 0D 43 22 40 02 1F 23 00 3A 2C 00 00 5D FB 19 F4 64
1785248669816,16:24:30.103,00 00 00 00 00 00 00 00 18 00 42 00 00 A2 EF 00 A7 2F 00 00 EF 80 00 00 00 00 00 01 60 00 39 52 C2 52 C0 44 44 53 7D 54 3F A0 A6 59 54 AF 18 7C 99 87 8F 0D 6A 35 40 50 3F 41 00 3A 2C 00 00 5D 0B 19 F4 64
1785248670317,16:24:30.598,00 00 00 00 00 00 00 00 18 00 42 00 00 A2 EF 00 A7 2F 00 00 EF 80 00 00 00 00 00 01 60 00 39 50 43 50 4C 44 44 52 7D AC 3F A0 A6 59 54 AF 18 78 AC 8B A5 00 7B 3E 40 74 1B 1F 00 3A 2C 00 00 5D 17 1B F3 64
1785248670818,16:24:31.127,00 00 00 00 00 00 00 00 18 00 42 00 00 A2 EF 00 A7 2F 00 00 EF 90 00 00 00 00 00 01 60 00 39 50 B5 50 95 44 44 52 7F C0 3F A0 A6 59 54 AD 1B 0A DC A1 B1 02 84 42 40 89 1B 1F 00 3A 2C 00 00 5D 1E 1D F3 64
1785248671319,16:24:31.624,00 00 00 00 00 00 00 00 18 00 42 00 00 A2 EF 00 A7 2F 00 00 EF 90 00 00 00 00 00 01 60 00 39 51 9B 51 75 44 44 53 81 78 3F A0 A6 59 54 B2 1D E5 E6 B4 B3 31 86 43 40 92 1B 1F 00 3A 2C 00 00 5E 1F 1D F3 64
1785248671820,16:24:32.108,00 00 00 00 00 00 00 00 18 00 42 00 00 A2 EF 00 A7 2F 00 00 EF 90 00 00 00 00 00 01 60 00 39 52 10 52 3A 44 44 54 81 A0 3F A0 A6 59 54 B6 1D 5F BB B0 B3 90 86 43 40 93 1B 1F 00 39 2C 00 00 5D 1E 1D F3 64
1785248672321,16:24:32.620,00 00 00 00 00 00 00 00 18 00 42 00 00 A2 EF 00 A7 2F 00 00 EF 90 00 00 00 00 00 01 60 00 39 53 1C 53 31 44 44 55 81 C4 3F A0 A6 59 54 BB 1C C1 D2 A7 B3 5B 88 44 40 95 1B 1F 00 39 2C 00 00 5D 1E 1D F3 64
1785248672822,16:24:33.124,00 00 00 00 00 00 00 00 18 00 42 00 00 A2 EF 00 A7 2F 00 00 EF 90 00 00 00 00 00 01 60 00 39 53 F1 53 C5 44 44 56 81 AC 3E A1 A7 58 54 BE 1E 83 E7 B2 B3 6C 89 44 40 99 1B 1F 00 39 2C 00 00 5D 1F 1E F4 64
1785248673323,16:24:33.623,00 00 00 00 00 00 00 00 18 00 42 00 00 A2 EF 00 A7 2F 00 00 EF 90 00 00 00 00 00 01 60 00 39 54 CB 54 C3 44 44 56 81 DC 3E A1 A7 58 54 BD 1F 1E DA B4 B4 71 8B 45 40 9B 1B 1F 00 39 2C 00 00 5D 1F 1E F3 64
1785248673823,16:24:34.124,00 00 00 00 00 00 00 00 18 00 42 00 00 A2 EF 00 A7 2F 00 00 EF 90 00 00 00 00 00 01 60 00 39 55 A9 55 A1 44 44 57 81 7C 3E A1 A6 58 54 B9 1F 3B DB B4 B4 71 8C 46 40 9E 1B 1F 00 3A 2C 00 00 5E 1F 1E F3 64
1785248674324,16:24:34.599,00 00 00 00 00 00 00 00 18 00 42 00 00 A2 EF 00 A7 2F 00 00 EF 90 00 00 00 00 00 01 60 00 39 56 8C 56 72 44 44 58 81 84 3E A1 A7 58 54 BD 1F 9F DF B4 B4 6F 8E 47 40 A1 1B 1F 00 39 2C 00 00 5E 1F 1E F4 64
1785248674826,16:24:35.125,00 00 00 00 00 00 00 00 18 00 42 00 00 A2 EF 00 A7 2F 00 00 EF 90 00 00 00 00 00 01 60 00 39 57 52 57 46 44 44 59 81 F4 3E A1 A7 58 54 B8 1F E4 D9 B4 B5 6E 8E 47 40 A4 1B 1F 00 3A 2C 00 00 5E 1F 1E F3 64
1785248675328,16:24:35.624,00 00 00 00 00 00 00 00 18 00 42 00 00 A2 EF 00 A7 2F 00 00 EF 90 00 00 00 00 00 01 60 00 39 58 60 58 55 44 44 5A 82 28 3E A1 A7 58 54 B5 20 21 DD B5 B5 6D 93 49 40 A9 1B 1F 00 39 2C 00 00 5E 1F 1E F3 64
1785248675830,16:24:36.128,00 00 00 00 00 00 00 00 18 00 42 00 00 A2 EF 00 A7 2F 00 00 EF 90 00 00 00 00 00 01 60 00 39 59 0C 58 FB 44 44 5B 82 0C 3D A1 A7 58 54 BF 20 76 E1 B4 B5 69 97 4B 40 B3 1B 1F 00 3A 2C 00 00 5E 1F 1E F3 64
1785248676331,16:24:36.605,00 00 00 00 00 00 00 00 18 00 42 00 00 A2 EF 00 A7 2F 00 00 EF 90 00 00 00 00 00 01 60 00 39 59 DE 59 FA 44 44 5C 81 EC 3D A1 A6 58 54 B8 20 AF DA B6 B5 6C 9A 4D 40 BA 1B 1F 00 39 2C 00 00 5E 1F 1F F3 64
1785248676833,16:24:37.124,00 00 00 00 00 00 00 00 18 00 42 00 00 A2 EF 00 A7 2F 00 00 EF 90 00 00 00 00 00 01 60 00 39 5A D7 5A D5 44 44 5C 81 D0 3D A1 A6 58 54 BC 20 EA DD B5 B6 68 9A 4D 40 BB 1B 1F 00 3A 2C 00 00 5E 1F 1F F3 64
1785248677336,16:24:37.633,00 00 00 00 00 00 00 00 18 00 42 00 00 A2 EF 00 A7 2F 00 00 EF 80 00 00 00 00 00 01 60 00 39 5E 0D 5D D3 44 44 5D 81 DC 3D A2 A6 58 54 BC 21 25 D6 B5 9A 19 50 28 40 5A 1B 1F 9A 3A 2C 00 00 5E 0B 1B F3 64
1785248677837,16:24:38.134,00 00 00 00 00 00 00 00 18 00 42 00 00 A2 EF 00 A7 2F 00 00 EF 09 00 01 00 00 00 01 60 00 39 48 84 47 EE 44 44 5D 80 28 3D A2 A6 58 54 A2 1B 1C A2 9C 64 0D 34 1A 40 00 33 3D 00 3A 2C 00 00 5E FB 17 F4 64
1785248678338,16:24:38.634,00 00 00 00 00 00 00 00 18 00 42 00 00 A2 EF 00 A7 2F 00 00 EF 80 00 00 00 00 00 01 60 00 39 49 B3 49 A5 44 44 5C 7D FC 3D A2 A6 58 54 9A 15 95 91 87 8D 0D 6F 38 40 5A 3A 46 00 3A 2C 00 00 5E 0E 17 F4 64
1785248678840,16:24:39.113,00 00 00 00 00 00 00 00 18 00 42 00 00 A2 EF 00 A7 2F 00 00 EF 90 00 00 00 00 00 00 40 00 39 47 E4 47 C5 44 44 5B 7E 58 3C A2 A6 58 54 AF 15 70 B5 8B A3 00 78 3C 40 73 19 1D 00 3A 2C 00 00 5E 18 1A F3 64
1785248679341,16:24:39.630,00 00 00 00 00 00 00 00 18 00 42 00 00 A2 EF 00 A7 2F 00 00 EF 80 00 00 00 00 00 00 40 00 39 48 3F 48 15 44 44 5C 80 9C 3C A2 A6 58 54 A9 17 4E CE 9A AD 00 7B 3D 40 7B 19 1A 00 3A 2C 00 00 5E 1D 1C F3 64
1785248679843,16:24:40.140,00 00 00 00 00 00 00 00 18 00 42 00 00 A2 EF 00 A7 2F 00 00 EF 80 00 00 00 00 00 00 40 00 39 48 F7 48 B9 44 44 5C 81 38 3C A2 A6 58 54 A6 19 02 D7 A9 AD 00 7B 3D 40 7C 19 1A 67 3A 2C 00 00 5E 1D 1C F3 64
1785248680344,16:24:40.664,00 00 00 00 00 00 00 00 18 00 42 00 00 A2 EF 00 A7 2F 00 00 EF 80 00 00 00 00 00 00 40 00 39 49 B3 49 D7 44 44 5D 81 B4 3C A2 A6 58 54 AE 1A 05 D6 AF AC 09 7B 3D 40 7B 19 1A 67 39 2C 00 00 5E 1C 1C F3 64
1785248680845,16:24:41.147,00 00 00 00 00 00 00 00 18 00 42 00 00 A2 EF 00 A7 2F 00 00 EF 80 00 00 00 00 00 00 40 00 39 4A 2B 4A 66 44 44 5E 81 B8 3C A2 A6 58 54 B6 1A 5C D5 B2 AD 71 7B 3E 40 7C 19 1A 67 39 2C 00 00 5E 1C 1C F3 64
1785248681346,16:24:41.636,00 00 00 00 00 00 00 00 18 00 42 00 00 A2 EF 00 A7 2F 00 00 EF 80 00 00 00 00 00 00 40 00 39 4A A4 4A AD 44 44 5F 81 6C 3B A2 A6 58 54 A9 1A 20 CA AD AC 5A 79 3D 40 7A 1A 1D 68 39 2C 00 00 5E 1B 1C F3 64
1785248681846,16:24:42.143,00 00 00 00 00 00 00 00 18 00 42 00 00 A2 EF 00 A7 2F 00 00 EF 80 00 00 00 00 00 00 40 00 39 4B 06 4A F3 44 44 60 81 9C 3B A4 A6 58 54 8F 17 92 C4 A7 95 63 64 32 40 54 18 28 B3 39 2C 00 00 5E 0F 17 F3 64
1785248682347,16:24:42.661,00 00 00 00 00 00 00 00 18 00 42 00 00 A2 EF 00 A7 2F 00 00 EF 80 00 00 00 00 00 00 40 00 39 4A D5 4A F0 44 44 5F 80 00 3B A4 A6 58 54 A0 13 02 9D 93 8C 0D 60 30 40 44 31 35 A5 3A 2C 00 00 5E 0B 17 F3 64
1785248682848,16:24:43.152,00 00 00 00 00 00 00 00 18 00 42 00 00 A2 EF 00 A7 2F 00 00 EF 80 00 00 00 00 00 00 40 00 39 4A 8B 4A 96 44 44 5F 7F 58 3B A4 A6 58 54 A2 10 F3 93 84 88 0D 5D 2E 40 3F 35 33 A4 3A 2C 00 00 5E 0A 17 F3 64
1785248683350,16:24:43.630,00 00 00 00 00 00 00 00 18 00 42 00 00 A2 EF 00 A7 2F 00 00 EF 80 00 00 00 00 00 00 40 00 39 4A 2B 4A 19 44 44 5F 7F 84 3B A4 A6 58 54 A1 11 7D 90 7C 81 0D 5D 2E 40 3C 42 40 87 3A 2C 00 00 5E 09 17 F3 64
1785248683850,16:24:44.151,00 00 00 00 00 00 00 00 18 00 42 00 00 A2 EF 00 A7 2F 00 00 EF 80 00 00 00 00 00 00 40 00 39 49 CB 49 D0 44 44 5E 7E 60 3B A4 A6 58 54 A1 11 5B 93 7D 8A 0D 62 31 40 45 30 30 A6 3A 2C 00 00 5E 0B 17 F3 64
1785248684352,16:24:44.650,00 00 00 00 00 00 00 00 18 00 42 00 00 A2 EF 00 A7 2F 00 00 EF 80 00 00 00 00 00 00 40 00 39 49 FB 4A 25 44 44 5E 7F 34 3B A4 A6 59 54 86 0F C9 93 7D 9C 00 76 3B 40 62 19 1C B7 3A 2C 00 00 5E 13 18 F3 64
1785248684853,16:24:45.135,00 00 00 00 00 00 00 00 18 00 42 00 00 A2 EF 00 A7 2F 00 00 EF 90 00 00 00 00 00 00 40 00 39 4A 73 4A 73 44 44 5E 80 00 3A A4 A6 59 54 AB 13 C9 B4 87 AB 00 7B 3E 40 7C 19 16 00 3A 2C 00 00 5E 1C 1C F3 64
1785248685355,16:24:45.654,00 00 00 00 00 00 00 00 18 00 42 00 00 A2 EF 00 A7 2F 00 00 EF 80 00 00 00 00 00 00 40 00 39 4B 37 4B 4D 44 44 5F 81 48 3A A4 A6 59 54 B6 18 0D DB A0 AC 00 7A 3D 40 7B 19 17 00 3A 2C 00 00 5E 1B 1C F3 64
1785248685856,16:24:46.159,00 00 00 00 00 00 00 00 18 00 42 00 00 A2 EF 00 A7 2F 00 00 EF 80 00 00 00 00 00 00 40 00 39 4B E6 4B F4 44 44 60 81 A4 3A A5 A6 59 54 AC 1A 14 D0 AB A5 4B 75 3A 40 70 1A 21 00 3A 2C 00 00 5E 17 1A F3 64
1785248686356,16:24:46.636,00 00 00 00 00 00 00 00 18 00 42 00 00 A2 EF 00 A7 2F 00 00 EF 80 00 00 00 00 00 00 40 00 39 4C 64 4C 5B 44 44 61 81 AC 3A A5 A6 59 54 A1 17 5E BC A7 A1 43 73 39 40 6A 1A 21 A7 3A 2C 00 00 5E 15 19 F3 64
1785248686857,16:24:47.143,00 00 00 00 00 00 00 00 18 00 42 00 00 A2 EF 00 A7 2F 00 00 EF 80 00 00 00 00 00 00 40 00 39 4C E5 4D 00 44 44 61 81 30 3A A5 A6 59 54 AA 13 B4 B1 9B A4 29 77 3B 40 70 1A 19 A4 3A 2C 00 00 5E 17 1A F3 64
1785248687358,16:24:47.655,00 00 00 00 00 00 00 00 18 00 42 00 00 A2 EF 00 A7 2F 00 00 EF 80 00 00 00 00 00 00 40 00 39 4D 67 4D 39 44 44 62 81 60 39 A5 A6 59 54 AB 12 98 B2 97 A5 00 75 3A 40 71 1B 17 A1 3A 2C 00 00 5E 17 1A F3 64
1785248687859,16:24:48.159,00 00 00 00 00 00 00 00 18 00 42 00 00 A2 EF 00 A7 2F 00 00 EF 80 00 00 00 00 00 00 40 00 39 4E 05 4D B2 44 44 63 81 64 39 A5 A6 59 54 9F 12 52 B4 96 A1 00 6E 37 40 67 1A 1A A6 3A 2C 00 00 5E 14 1A F3 64
1785248688362,16:24:48.649,00 00 00 00 00 00 00 00 18 00 42 00 00 A2 EF 00 A7 2F 00 00 EF 80 00 00 00 00 00 00 40 00 39 4D EA 4D F4 44 44 63 81 10 39 A5 A6 59 54 8F 11 52 9F 8E 94 0D 65 32 40 53 1F 22 B3 3A 2C 00 00 5E 0E 18 F3 64
1785248688863,16:24:49.135,00 00 00 00 00 00 00 00 18 00 42 00 00 A2 EF 00 A7 2F 00 00 EF 80 00 00 00 00 00 00 40 00 39 4D EA 4D B7 44 44 63 80 2C 39 A5 A6 59 54 92 10 A9 9B 85 8A 0D 60 30 40 44 38 2F 99 3A 2C 00 00 5E 0A 18 F3 64
1785248689364,16:24:49.641,00 00 00 00 00 00 00 00 18 00 42 00 00 A2 EF 00 A7 2F 00 00 EF 80 00 00 00 00 00 00 40 00 39 4D 9B 4D 90 44 44 63 7F A8 39 A5 A6 59 54 95 12 0A 96 7E 82 0D 5C 2E 40 3C 4C 42 6A 3A 2C 00 00 5E 08 18 F3 64
1785248689866,16:24:50.160,00 00 00 00 00 00 00 00 18 00 42 00 00 A2 EF 00 A7 2F 00 00 EF 80 00 00 00 00 00 00 40 00 39 4C 31 4C 1E 44 44 62 7F 7C 39 A5 A6 59 54 97 13 D6 97 7E 76 0D 56 2B 40 31 4F 48 67 3A 2C 00 00 5E 05 17 F3 64
1785248690368,16:24:50.646,00 00 00 00 00 00 00 00 18 00 42 00 00 A2 EF 00 A7 2F 00 00 EF 80 00 00 00 00 00 00 40 00 39 4C 97 4C DC 44 44 62 7E F4 38 A6 A6 59 54 A3 14 55 98 7D 76 0D 57 2B 40 31 4F 48 67 3A 2C 00 00 5E 05 17 F3 64
1785248690870,16:24:51.181,00 00 00 00 00 00 00 00 18 00 42 00 00 A2 EF 00 A7 2F 00 00 EF 80 00 00 00 00 00 00 40 00 39 4C 4B 4C 51 44 44 61 7E CC 38 A6 A6 59 54 A7 14 6E 92 7C 78 0D 58 2C 40 33 4F 48 67 3A 2C 00 00 5E 05 17 F3 64
1785248691371,16:24:51.672,00 00 00 00 00 00 00 00 18 00 42 00 00 A2 EF 00 A7 2F 00 00 EF 80 00 00 00 00 00 00 40 00 39 4C E5 4C E3 44 44 61 7F 7C 38 A6 A6 59 54 98 14 9B 93 7D 82 0D 5E 2F 40 3D 4C 4D 6F 3A 2C 00 00 5E 08 18 F3 64
1785248691871,16:24:52.183,00 00 00 00 00 00 00 00 18 00 42 00 00 A2 EF 00 A7 2F 00 00 EF 80 00 00 00 00 00 00 40 00 39 4B 9A 4B 91 44 44 60 7F 54 38 A6 A6 59 54 A2 13 BE 98 80 8C 0D 65 32 40 49 30 33 A0 3A 2C 00 00 5E 0C 17 F3 64
1785248692371,16:24:52.667,00 00 00 00 00 00 00 00 18 00 42 00 00 A2 EF 00 A7 2F 00 00 EF 80 00 00 00 00 00 00 40 00 39 4B E6 4C 0B 44 44 60 7F D4 38 A6 A6 59 54 91 11 66 9F 81 97 00 6A 35 40 57 1B 21 BB 3A 2C 00 00 5E 10 18 F3 64
1785248692872,16:24:53.157,00 00 00 00 00 00 00 00 18 00 42 00 00 A2 EF 00 A7 2F 00 00 EF 80 00 00 00 00 00 00 40 00 39 4B FF 4B EF 44 44 61 80 00 38 A6 A6 59 54 9E 0F A1 9C 80 98 00 6A 35 40 59 1A 1C BA 3A 2C 00 00 5E 10 18 F3 64
1785248693374,16:24:53.669,00 00 00 00 00 00 00 00 18 00 42 00 00 A2 EF 00 A7 2F 00 00 EF 80 00 00 00 00 00 00 40 00 39 4B E6 4B C3 44 44 61 80 80 37 A6 A6 59 54 82 0F 0C 94 7E 8C 0D 5E 2F 40 44 30 27 A4 3A 2C 00 00 5E 0B 17 F3 64
1785248693875,16:24:54.176,00 00 00 00 00 00 00 00 18 00 42 00 00 A2 EF 00 A7 2F 00 00 EF 80 00 00 00 00 00 00 40 00 39 4B CC 4B E4 44 44 61 80 00 37 A6 A6 59 54 99 10 95 92 7A 81 0D 5B 2D 40 3A 49 3E 71 3A 2C 00 00 5E 08 17 F3 64
1785248694376,16:24:54.677,00 00 00 00 00 00 00 00 18 00 42 00 00 A2 EF 00 A7 2F 00 00 EF 80 00 00 00 00 00 00 40 00 39 4B 9A 4B 93 44 44 60 7F 54 37 A6 A6 59 54 9A 13 16 94 7B 80 0D 5B 2D 40 39 4B 4B 69 3A 2C 00 00 5E 08 17 F3 64
1785248694877,16:24:55.149,00 00 00 00 00 00 00 00 18 00 42 00 00 A2 EF 00 A7 2F 00 00 EF 80 00 00 00 00 00 00 40 00 39 4B 37 4B 2F 44 44 60 7F 00 37 A8 A6 59 54 9F 14 1C 94 7D 81 0D 5B 2D 40 3A 47 4B 74 3A 2C 00 00 5E 08 17 F3 64
1785248695378,16:24:55.679,00 00 00 00 00 00 00 00 18 00 42 00 00 A2 EF 00 A7 2F 00 00 EF 80 00 00 00 00 00 00 40 00 39 4A D5 4A D0 44 44 60 7F 80 37 A8 A6 59 54 AA 14 9E 9A 7F 80 0D 5B 2D 40 3A 48 4F 75 3A 2C 00 00 5E 08 17 F3 64
1785248695881,16:24:56.175,00 00 00 00 00 00 00 00 18 00 42 00 00 A2 EF 00 A7 2F 00 00 EF 80 00 00 00 00 00 00 40 00 39 4A A4 4A 76 44 44 5F 7F 58 37 A8 A6 59 54 A4 14 A1 9B 7F 7E 0D 5A 2D 40 38 49 52 6D 3A 2C 00 00 5E 07 17 F3 64
1785248696382,16:24:56.679,00 00 00 00 00 00 00 00 18 00 42 00 00 A2 EF 00 A7 2F 00 00 EF 80 00 00 00 00 00 00 40 00 39 4A 5B 4A 2C 44 44 5F 7F 30 37 A8 A6 59 54 A8 14 88 95 7F 7E 0D 5A 2D 40 38 49 52 70 3A 2C 00 00 5E 07 17 F3 64
1785248696882,16:24:57.181,00 00 00 00 00 00 00 00 18 00 42 00 00 A2 EF 00 A7 2F 00 00 EF 80 00 00 00 00 00 00 40 00 39 4A 13 4A 2F 44 44 5F 7F 30 36 A8 A6 59 54 9A 14 8D 96 7F 80 0D 5B 2D 40 3A 46 50 7F 3A 2C 00 00 5E 08 17 F3 64
1785248697384,16:24:57.659,00 00 00 00 00 00 00 00 18 00 42 00 00 A2 EF 00 A7 2F 00 00 EF 80 00 00 00 00 00 00 40 00 39 49 CB 49 BC 44 44 5E 7F 30 36 A8 A6 59 54 A6 14 1F 97 7F 82 0D 5C 2E 40 3B 41 49 92 3A 2C 00 00 5E 09 17 F3 64
1785248697884,16:24:58.160,00 00 00 00 00 00 00 00 18 00 42 00 00 A2 EF 00 A7 2F 00 00 EF 80 00 00 00 00 00 00 40 00 39 49 9C 49 97 44 44 5E 7F 88 36 A8 A6 59 54 8F 12 D9 96 7E 86 0D 5F 2F 40 40 37 3C A8 3A 2C 00 00 5E 0A 17 F3 64
1785248698386,16:24:58.667,00 00 00 00 00 00 00 00 18 00 42 00 00 A2 EF 00 A7 2F 00 00 EF 80 00 00 00 00 00 00 40 00 39 49 9C 49 B2 44 44 5E 7F B0 36 A8 A6 59 54 9D 10 48 8F 7C 8D 0D 62 31 40 48 2C 2A AE 3A 2C 00 00 5E 0C 17 F3 64
1785248698886,16:24:59.160,00 00 00 00 00 00 00 00 18 00 42 00 00 A2 EF 00 A7 2F 00 00 EF 80 00 00 00 00 00 00 40 00 39 49 9C 49 C1 44 44 5E 7F D8 36 A8 A6 59 54 9A 0E E5 8E 7A 95 0D 68 34 40 52 1D 1F C0 3A 2C 00 00 5E 0F 17 F3 64
1785248699388,16:24:59.686,00 00 00 00 00 00 00 00 18 00 42 00 00 A2 EF 00 A7 2F 00 00 EF 80 00 00 00 00 00 00 40 00 39 49 B3 49 D6 44 44 5E 7F B0 36 A9 A6 59 54 74 0E 23 97 7A 9A 00 6D 36 40 5C 18 18 B7 3A 2C 00 00 5E 12 18 F3 64
1785248699889,16:25:00.190,00 00 00 00 00 00 00 00 18 00 42 00 00 A2 EF 00 A7 2F 00 00 EF 80 00 00 00 00 00 00 40 00 39 49 FB 49 EC 44 44 5E 80 28 36 A9 A6 59 54 9E 0E 2A 9C 7B 9C 00 6E 37 40 60 19 17 B1 3A 2C 00 00 5E 13 18 F3 64
1785248700390,16:25:00.691,00 00 00 00 00 00 00 00 18 00 42 00 00 A2 EF 00 A7 2F 00 00 EF 80 00 00 00 00 00 00 40 00 39 4A 2B 4A 35 44 44 5E 80 A4 35 A9 A6 59 54 7C 0E 6C 96 7D 9B 00 6B 35 40 5C 18 18 B4 3A 2C 00 00 5E 12 18 F3 64
1785248700891,16:25:01.188,00 00 00 00 00 00 00 00 18 00 42 00 00 A2 EF 00 A7 2F 00 00 EF 80 00 00 00 00 00 00 40 00 39 49 E3 4A 1F 44 44 5E 80 7C 35 A9 A6 59 54 9F 0E 8F 91 7C 88 0D 5C 2E 40 3F 32 2A A4 3A 2C 00 00 5E 0A 17 F3 64
1785248701393,16:25:01.671,00 00 00 00 00 00 00 00 18 00 42 00 00 A2 EF 00 A7 2F 00 00 EF 80 00 00 00 00 00 00 40 00 39 49 CB 49 A3 44 44 5E 7F D8 35 A9 A6 59 54 9B 10 79 8C 79 78 0D 58 2C 40 35 43 39 77 3A 2C 00 00 5E 06 17 F3 64
1785248701894,16:25:02.185,00 00 00 00 00 00 00 00 18 00 42 00 00 A2 EF 00 A7 2F 00 00 EF 80 00 00 00 00 00 00 40 00 39 49 B3 49 D6 44 44 5E 7F 0C 35 A9 A6 59 54 9F 12 46 90 79 77 0D 57 2B 40 32 43 39 76 3B 2D 00 00 5E 05 17 F3 64
1785248702395,16:25:02.695,00 00 00 00 00 00 00 00 18 00 42 00 00 A2 EF 00 A7 2F 00 00 EF 80 00 00 00 00 00 00 40 00 39 48 F7 48 F6 44 44 5D 7E 44 35 A9 A6 59 54 A7 12 E8 8E 79 76 0D 56 2B 40 30 43 39 81 3B 2D 00 00 5E 05 17 F3 64
1785248702897,16:25:03.209,00 00 00 00 00 00 00 00 18 00 42 00 00 A2 EF 00 A7 2F 00 00 EF 80 00 00 00 00 00 00 40 00 39 48 28 48 17 44 44 5C 7E C4 35 A9 A6 59 54 9E 12 CB 8D 79 70 0D 53 29 40 29 43 39 88 3B 2D 00 00 5E 04 17 F3 64
1785248703398,16:25:03.708,00 00 00 00 00 00 00 00 18 00 42 00 00 A2 EF 00 A7 2F 00 00 EF 80 00 00 00 00 00 00 40 00 39 47 8B 47 61 44 44 5B 7E 50 35 A9 A6 59 54 94 12 55 88 77 6C 0D 4F 27 40 21 43 39 86 3B 2D 00 00 5E 02 16 F3 64
1785248703900,16:25:04.195,00 00 00 00 00 00 00 00 18 00 42 00 00 A2 EF 00 A7 2F 00 00 EF 80 00 00 00 00 00 00 40 00 39 46 AE 46 B3 44 44 5B 7D E4 35 A9 A5 59 54 99 12 1C 86 73 69 0D 4B 25 40 1A 43 39 6C 3B 2D 00 00 5E 00 16 F3 64
1785248704401,16:25:04.701,00 00 00 00 00 00 00 00 18 00 42 00 00 A2 EF 00 A7 2F 00 00 EF 00 00 00 00 00 00 00 40 00 39 45 AB 45 AF 44 44 59 7D AC 34 AA A6 59 54 90 12 0C 83 71 64 0D 44 22 40 0B 43 39 00 3B 2D 00 00 5E FC 16 F3 64
1785248704902,16:25:05.175,00 00 00 00 00 00 00 00 18 00 42 00 00 A2 EF 00 A7 2F 00 00 EF 00 00 00 00 00 00 00 40 00 39 44 DA 44 A5 44 44 58 7D E0 34 AA A6 59 54 96 11 D8 89 72 64 0D 41 20 40 03 43 39 00 3B 2D 00 00 5E FB 16 F3 64
1785248705402,16:25:05.674,00 00 00 00 00 00 00 00 18 00 42 00 00 A2 EF 00 A7 2F 00 00 EF 00 00 00 00 00 00 00 40 00 39 43 F9 43 F1 44 44 57 7D CC 34 AA A6 59 54 95 11 A8 85 71 64 0D 43 21 40 08 43 39 00 3B 2D 00 00 5E FB 16 F3 64
1785248705904,16:25:06.201,00 00 00 00 00 00 00 00 18 00 42 00 00 A2 EF 00 A7 2F 00 00 EF 00 00 00 00 00 00 00 40 00 39 43 0A 43 2E 44 44 56 7D B4 34 AA A6 59 54 A0 11 6B 86 70 64 0D 44 22 40 09 43 39 00 3B 2D 00 00 5E FB 16 F3 64
1785248706405,16:25:06.698,00 00 00 00 00 00 00 00 18 00 42 00 00 A2 EF 00 A7 2F 00 00 EF 00 00 00 00 00 00 00 40 00 39 42 0E 42 18 44 44 54 7D C8 34 AA A5 59 54 8B 11 25 87 70 64 0D 44 22 40 09 43 39 00 3B 2D 00 00 5E FC 16 F3 64
1785248706907,16:25:07.203,00 00 00 00 00 00 00 00 18 00 42 00 00 A2 EF 00 A7 2F 00 00 EF 00 00 00 00 00 00 00 40 00 39 41 2D 41 37 44 44 53 7D B8 34 AA A6 59 54 97 10 F2 81 70 64 0D 43 21 40 08 43 39 00 3B 2D 00 00 5E FB 15 F3 64
1785248707408,16:25:07.708,00 00 00 00 00 00 00 00 18 00 42 00 00 A2 EF 00 A7 2F 00 00 EF 00 00 00 00 00 00 00 40 00 39 40 3F 40 3A 44 44 52 7D A4 34 AA A5 59 54 8D 10 AB 81 6F 64 0D 42 21 40 06 43 39 00 3B 2D 00 00 5E FB 15 F3 64
1785248707908,16:25:08.209,00 00 00 00 00 00 00 00 18 00 42 00 00 A2 EF 00 A7 2F 00 00 EF 00 00 00 00 00 00 00 40 00 39 3F 58 3F 36 44 44 51 7D D4 34 AA A5 59 54 8C 10 70 85 70 64 0D 42 21 40 07 43 39 00 3B 2D 00 00 5E FB 15 F3 64
1785248708408,16:25:08.687,00 00 00 00 00 00 00 00 18 00 42 00 00 A2 EF 00 A7 2F 00 00 EF 00 00 00 00 00 00 00 40 00 39 3E 66 3E 35 44 44 50 7D 8C 34 AA A5 59 54 9D 10 42 88 6F 64 0D 43 21 40 08 43 39 00 3B 2D 00 00 5E FB 15 F3 64
1785248708910,16:25:09.185,00 00 00 00 00 00 00 00 18 00 42 00 00 A2 EF 00 A7 2F 00 00 EF 00 00 00 00 00 00 00 40 00 39 3D 6B 3D 88 44 44 4F 7D B8 34 AA A5 59 54 9B 0F FC 84 6F 64 0D 44 22 40 09 43 39 00 3B 2D 00 00 5E FC 15 F3 64
1785248709410,16:25:09.705,00 00 00 00 00 00 00 00 18 00 42 00 00 A2 EF 00 A7 2F 00 00 EF 80 00 00 00 00 00 00 40 00 39 3C C8 3C C8 44 44 4D 7D 94 33 AA A5 59 54 8A 0F C9 80 6E 6C 0D 52 29 40 22 43 39 A2 3B 2D 00 00 5E 04 14 F3 64
1785248709911,16:25:10.213,00 00 00 00 00 00 00 00 18 00 42 00 00 A2 EF 00 A7 2F 00 00 EF 80 00 00 00 00 00 00 40 00 39 3B 01 3B 13 44 44 4D 7E 10 33 AA A5 59 54 8D 0C DD 87 6F 80 0D 5E 2F 40 3C 29 2D B1 3B 2D 00 00 5E 0B 14 F3 64
1785248710411,16:25:10.685,00 00 00 00 00 00 00 00 18 00 42 00 00 A2 EF 00 A7 2F 00 00 EF 80 00 00 00 00 00 00 40 00 39 3C 08 3C 1A 44 44 4C 7F 94 33 AC A5 59 54 8B 0B B2 81 70 94 00 6D 37 40 57 1A 16 A3 3A 2C 00 00 5E 15 16 F3 64
1785248710913,16:25:11.206,00 00 00 00 00 00 00 00 18 00 42 00 00 A2 EF 00 A7 2F 00 00 EF 90 00 00 00 00 00 00 40 00 39 3B F9 3B F1 44 44 4D 80 34 33 AC A5 59 54 88 0C 62 89 73 96 00 72 39 40 67 19 15 9F 3A 2C 00 00 5E 16 16 F3 64
1785248711415,16:25:11.740,00 00 00 00 00 00 00 00 18 00 42 00 00 A2 EF 00 A7 2F 00 00 EF 90 00 00 00 00 00 00 40 00 39 3C 28 3C 0D 44 44 4D 80 6C 33 AC A5 59 54 9B 0D 6D 92 79 98 00 74 3A 40 6C 18 16 9D 3A 2C 00 00 5E 17 16 F3 64
1785248711916,16:25:12.215,00 00 00 00 00 00 00 00 18 00 42 00 00 A2 EF 00 A7 2F 00 00 EF 90 00 00 00 00 00 00 40 00 39 3C 67 3C 85 44 44 4D 80 D8 33 AC A5 59 54 7F 0E 4A 9C 7F 9A 00 76 3B 40 71 18 17 9C 3A 2C 00 00 5E 18 17 F3 64
1785248712417,16:25:12.694,00 00 00 00 00 00 00 00 18 00 42 00 00 A2 EF 00 A7 2F 00 00 EF 90 00 00 00 00 00 00 40 00 39 3C A7 3C A7 44 44 4D 80 C0 33 AC A5 59 54 8F 0E FB 9F 83 9C 00 77 3B 40 73 18 17 9B 3A 2C 00 00 5E 18 17 F3 64
1785248712919,16:25:13.221,00 00 00 00 00 00 00 00 18 00 42 00 00 A2 EF 00 A7 2F 00 00 EF 90 00 00 00 00 00 00 40 00 39 3D 19 3C F9 44 44 4E 80 C0 33 AC A6 59 54 83 0F 69 9F 86 9D 00 77 3B 40 74 18 17 9B 3A 2C 00 00 5E 19 17 F3 64
1785248713421,16:25:13.709,00 00 00 00 00 00 00 00 18 00 42 00 00 A2 EF 00 A7 2F 00 00 EF 90 00 00 00 00 00 00 40 00 39 3D 5A 3D 92 44 44 4E 81 18 33 AC A5 59 54 A0 10 06 A7 8A 9E 00 77 3B 40 74 18 17 95 3A 2C 00 00 5E 19 18 F3 64
1785248713921,16:25:14.221,00 00 00 00 00 00 00 00 18 00 42 00 00 A2 EF 00 A7 2F 00 00 EF 90 00 00 00 00 00 00 40 00 39 3D BE 3D EE 44 44 4F 81 1C 33 AC A6 59 54 9C 10 F4 B5 8D A1 00 79 3C 40 77 19 18 83 3B 2C 00 00 5E 1A 18 F3 64
1785248714421,16:25:14.722,00 00 00 00 00 00 00 00 18 00 42 00 00 A2 EF 00 A7 2F 00 00 EF 90 00 00 00 00 00 00 40 00 39 3E 66 3E 2E 44 44 4F 81 04 33 AC A6 59 54 9F 12 A0 B2 91 A4 00 79 3C 40 78 1A 19 6C 3A 2C 00 00 5E 1B 19 F3 64
1785248714921,16:25:15.204,00 00 00 00 00 00 00 00 18 00 42 00 00 A2 EF 00 A7 2F 00 00 EF 90 00 00 00 00 00 00 40 00 39 3E CD 3E AD 44 44 50 81 24 33 AC A5 59 54 AA 14 29 BA 97 A6 00 7A 3D 40 78 1A 19 67 3B 2C 00 00 5E 1C 19 F3 64
1785248715422,16:25:15.722,00 00 00 00 00 00 00 00 18 00 42 00 00 A2 EF 00 A7 2F 00 00 EF 90 00 00 00 00 00 00 40 00 39 3F 58 3F A7 44 44 51 81 28 33 AC A6 59 54 A7 14 E6 C1 9C A7 00 7A 3D 40 7A 1A 19 67 3A 2D 00 00 60 1D 1A F3 64
1785248715923,16:25:16.222,00 00 00 00 00 00 00 00 18 00 42 00 00 A2 EF 00 A7 2F 00 00 EF 90 00 00 00 00 00 00 40 00 39 40 09 3F F5 44 44 52 81 A8 32 AC A6 59 54 AB 15 7A C2 9F A8 00 7A 3D 40 7A 1A 19 67 3A 2D 00 00 5E 1D 1A F3 64
1785248716423,16:25:16.724,00 00 00 00 00 00 00 00 18 00 42 00 00 A2 EF 00 A7 2F 00 00 EF 90 00 00 00 00 00 00 40 00 39 40 D0 40 DD 44 44 52 81 90 32 AC A6 59 54 A0 15 E8 C0 A1 A9 00 7A 3D 40 7A 1A 19 67 3B 2D 00 00 5E 1D 1B F3 64
1785248716923,16:25:17.222,00 00 00 00 00 00 00 00 18 00 42 00 00 A2 EF 00 A7 2F 00 00 EF 90 00 00 00 00 00 00 40 00 39 41 2D 41 25 44 44 53 81 94 32 AC A6 59 54 A8 16 38 C2 A2 A9 00 7A 3D 40 7A 1A 19 67 3B 2D 00 00 60 1D 1B F3 64
1785248717425,16:25:17.702,00 00 00 00 00 00 00 00 18 00 42 00 00 A2 EF 00 A7 2F 00 00 EF 90 00 00 00 00 00 00 40 00 39 41 B0 41 D1 44 44 54 81 A0 32 AC A6 59 54 AE 16 A4 CB A5 AA 00 7A 3D 40 7A 1A 19 67 3B 2D 00 00 5E 1D 1B F3 64
1785248717926,16:25:18.225,00 00 00 00 00 00 00 00 18 00 42 00 00 A2 EF 00 A7 2F 00 00 EF 90 00 00 00 00 00 00 40 00 39 42 6E 42 7D 44 44 55 81 84 32 AC A6 59 54 A3 16 F4 C6 A6 AA 00 78 3C 40 76 1A 19 67 3B 2D 00 00 60 1D 1C F3 64
1785248718427,16:25:18.723,00 00 00 00 00 00 00 00 18 00 42 00 00 A2 EF 00 A7 2F 00 00 EF 90 00 00 00 00 00 00 40 00 39 43 45 42 F4 44 44 55 81 B0 32 AC A6 59 54 AB 17 45 C9 A7 AB 00 78 3C 40 76 1A 19 67 3B 2D 00 00 60 1D 1C F3 64
1785248718928,16:25:19.224,00 00 00 00 00 00 00 00 18 00 42 00 00 A2 EF 00 A7 2F 00 00 EF 80 00 00 00 00 00 00 40 00 39 43 E5 43 A6 44 44 56 81 50 32 AC A6 59 54 B1 17 9B D3 A9 A8 03 75 3A 40 71 1A 1D 68 3B 2D 00 00 60 1B 1B F3 64
1785248719428,16:25:19.730,00 00 00 00 00 00 00 00 18 00 42 00 00 A2 EF 00 A7 2F 00 00 EF 80 00 00 00 00 00 00 40 00 39 44 36 44 1C 44 44 57 81 78 32 AC A6 59 54 97 16 01 BE A6 A1 12 6F 37 40 67 19 1F A4 3B 2D 00 00 60 17 19 F3 64
1785248719930,16:25:20.229,00 00 00 00 00 00 00 00 18 00 42 00 00 A2 EF 00 A7 2F 00 00 EF 80 00 00 00 00 00 00 40 00 39 44 9C 44 92 44 44 57 80 F4 32 AD A6 59 54 A3 13 33 AB 9C 9A 09 6A 35 40 5A 1A 20 AD 3B 2D 00 00 60 13 18 F3 64
1785248720431,16:25:20.710,00 00 00 00 00 00 00 00 18 00 42 00 00 A2 EF 00 A7 2F 00 00 EF 80 00 00 00 00 00 00 40 00 39 44 9C 44 78 44 44 57 80 48 32 AD A5 59 54 A2 10 EC 9F 90 97 00 66 33 40 53 19 20 BB 3B 2D 00 00 60 11 17 F3 64
1785248720932,16:25:21.234,00 00 00 00 00 00 00 00 18 00 42 00 00 A2 EF 00 A7 2F 00 00 EF 80 00 00 00 00 00 00 40 00 39 44 B0 44 A9 44 44 57 7F B8 32 AD A5 59 54 7C 0F 37 95 85 93 0D 65 32 40 4D 1B 22 C1 3A 2D 00 00 60 0F 16 F3 64
1785248721433,16:25:21.733,00 00 00 00 00 00 00 00 18 00 42 00 00 A2 EF 00 A7 2F 00 00 EF 80 00 00 00 00 00 00 40 00 39 44 87 44 B4 44 44 57 80 00 32 AD A5 59 54 98 0E 14 91 7F 95 00 66 33 40 50 1A 1D C0 3B 2D 00 00 60 10 17 F3 64
1785248721935,16:25:22.236,00 00 00 00 00 00 00 00 18 00 42 00 00 A2 EF 00 A7 2F 00 00 EF 80 00 00 00 00 00 00 40 00 39 44 9C 44 89 44 44 57 80 00 32 AD A5 59 54 9A 0D 9B 8D 7C 93 00 64 32 40 4D 1B 1D C0 3B 2D 00 00 60 0F 17 F3 64
1785248722435,16:25:22.713,00 00 00 00 00 00 00 00 18 00 42 00 00 A2 EF 00 A7 2F 00 00 EF 80 00 00 00 00 00 00 40 00 39 44 4A 44 42 44 44 57 7F BC 32 AD A5 59 54 7C 0D 34 8A 79 89 0D 5D 2E 40 40 26 25 BB 3B 2D 00 00 60 0B 16 F3 64
1785248722937,16:25:23.221,00 00 00 00 00 00 00 00 18 00 42 00 00 A2 EF 00 A7 2F 00 00 EF 80 00 00 00 00 00 00 40 00 39 44 21 44 0E 44 44 57 7F 74 32 AD A5 59 54 7F 0C D1 83 75 85 0D 5D 2E 40 3D 2C 2A BF 3B 2D 00 00 60 0A 16 F3 64
1785248723438,16:25:23.730,00 00 00 00 00 00 00 00 18 00 42 00 00 A2 EF 00 A7 2F 00 00 EF 80 00 00 00 00 00 00 40 00 39 43 F9 43 F9 44 44 56 7F 30 32 AD A5 59 54 93 0C 75 88 72 89 0D 5F 2F 40 41 28 25 B0 3B 2D 00 00 60 0B 16 F3 64
1785248723940,16:25:24.235,00 00 00 00 00 00 00 00 18 00 42 00 00 A2 EF 00 A7 2F 00 00 EF 80 00 00 00 00 00 00 40 00 39 43 BD 43 D4 44 44 56 7F BC 32 AD A5 59 54 82 0C BE 85 72 8A 0D 60 30 40 43 25 23 A6 3B 2D 00 00 60 0C 16 F3 64
1785248724441,16:25:24.738,00 00 00 00 00 00 00 00 18 00 42 00 00 A2 EF 00 A7 2F 00 00 EF 80 00 00 00 00 00 00 40 00 39 43 95 43 AB 44 44 56 7F 54 32 AD A5 59 54 87 0D 47 88 72 8C 0D 60 30 40 44 23 24 A2 3B 2D 00 00 60 0C 16 F3 64
1785248724943,16:25:25.230,00 00 00 00 00 00 00 00 18 00 42 00 00 A2 EF 00 A7 2F 00 00 EF 80 00 00 00 00 00 00 40 00 39 43 59 43 6A 44 44 56 7F 9C 32 AD A5 59 54 87 0D BE 88 74 8C 0D 60 30 40 44 23 24 A3 3B 2D 00 00 60 0D 16 F3 64
1785248725444,16:25:25.740,00 00 00 00 00 00 00 00 18 00 42 00 00 A2 EF 00 A7 2F 00 00 EF 80 00 00 00 00 00 00 40 00 39 43 1E 43 0E 44 44 55 7F 78 32 AD A5 59 54 7E 0D B1 8D 75 89 0D 5E 2F 40 41 26 28 AD 3B 2D 00 00 60 0C 16 F3 64
1785248725945,16:25:26.247,00 00 00 00 00 00 00 00 18 00 42 00 00 A2 EF 00 A7 2F 00 00 EF 80 00 00 00 00 00 00 40 00 39 43 0A 43 16 44 44 55 7F 78 32 AD A5 59 54 79 0D 4D 8B 74 88 0D 5E 2F 40 40 28 28 B1 3B 2D 00 00 60 0B 16 F3 64
1785248726446,16:25:26.742,00 00 00 00 00 00 00 00 18 00 42 00 00 A2 EF 00 A7 2F 00 00 EF 80 00 00 00 00 00 00 40 00 39 42 CF 42 D8 44 44 55 7F BC 32 AD A5 59 54 93 0C BC 88 73 85 0D 5B 2D 40 3C 2B 29 BA 3B 2D 00 00 60 0A 16 F3 64
1785248726948,16:25:27.224,00 00 00 00 00 00 00 00 18 00 42 00 00 A2 EF 00 A7 2F 00 00 EF 80 00 00 00 00 00 00 40 00 39 42 A8 42 B0 44 44 55 7F 7C 32 AD A5 59 54 95 0C 4E 82 71 80 0D 5B 2D 40 38 33 2F BC 3B 2D 00 00 60 09 16 F3 64
1785248727449,16:25:27.724,00 00 00 00 00 00 00 00 18 00 42 00 00 A2 EF 00 A7 2F 00 00 EF 80 00 00 00 00 00 00 40 00 39 42 95 42 86 44 44 54 7F 5C 32 AD A5 59 54 70 0B D0 86 70 81 0D 5B 2D 40 39 31 2B B9 3B 2D 00 00 60 09 16 F3 64
1785248727951,16:25:28.245,00 00 00 00 00 00 00 00 18 00 42 00 00 A2 EF 00 A7 2F 00 00 EF 80 00 00 00 00 00 00 40 00 39 42 5B 42 24 44 44 54 7F 7C 32 AD A5 59 54 8A 0B C0 88 6F 80 0D 5A 2D 40 38 33 2D B5 3B 2D 00 00 60 09 16 F3 64
1785248728453,16:25:28.749,00 00 00 00 00 00 00 00 18 00 42 00 00 A2 EF 00 A7 2F 00 00 EF 80 00 00 00 00 00 00 40 00 39 41 E8 42 0C 44 44 54 7F 1C 32 AD A5 59 54 79 0B C0 80 6E 7B 0D 58 2C 40 35 38 32 B1 3B 2D 00 00 60 08 16 F3 64
1785248728954,16:25:29.249,00 00 00 00 00 00 00 00 18 00 42 00 00 A2 EF 00 A7 2F 00 00 EF 80 00 00 00 00 00 00 40 00 39 41 C3 41 AC 44 44 54 7F 7C 32 AD A5 59 54 7B 0B D4 7F 6E 7A 0D 58 2C 40 33 3A 36 AE 3B 2D 00 00 60 07 16 F3 64
1785248729454,16:25:29.754,00 00 00 00 00 00 00 00 18 00 42 00 00 A2 EF 00 A7 2F 00 00 EF 80 00 00 00 00 00 00 40 00 39 41 65 41 87 44 44 53 7F 20 32 AD A5 59 54 81 0B 95 7E 6E 79 0D 57 2C 40 33 3B 36 C0 3B 2D 00 00 60 07 15 F3 64
1785248729956,16:25:30.255,00 00 00 00 00 00 00 00 18 00 42 00 00 A2 EF 00 A7 2F 00 00 EF 80 00 00 00 00 00 00 40 00 39 40 09 3F F9 44 44 53 7F 20 32 AD A5 59 54 7D 0B 42 7D 6D 6F 0D 50 28 40 25 3B 36 BA 3B 2D 00 00 60 04 15 F3 64
1785248730456,16:25:30.759,00 00 00 00 00 00 00 00 18 00 42 00 00 A2 EF 00 A7 2F 00 00 EF 80 00 00 00 00 00 01 60 00 39 40 9A 40 C0 44 44 52 7E E4 32 AD A5 59 54 8E 0B 73 7D 6C 6C 0D 4F 27 40 21 3B 36 AD 3B 2D 00 00 60 03 15 F3 64
1785248730957,16:25:31.255,00 00 00 00 00 00 00 00 18 00 42 00 00 A2 EF 00 A7 2F 00 00 EF 80 00 00 00 00 00 01 60 00 39 40 09 40 22 44 44 52 7E 6C 31 AD A5 59 54 7E 0B 9A 7B 6B 6D 0D 51 28 40 23 3B 36 B0 3B 2D 00 00 60 04 15 F3 64
1785248731459,16:25:31.755,00 00 00 00 00 00 00 00 18 00 42 00 00 A2 EF 00 A7 2F 00 00 EF 80 00 00 00 00 00 01 60 00 39 41 1A 41 1A 44 44 51 7E F0 31 AD A5 59 54 6D 0B 50 82 6B 7C 0D 5B 2E 40 37 37 31 BE 3B 2D 00 00 60 09 15 F3 64
1785248731961,16:25:32.237,00 00 00 00 00 00 00 00 18 00 42 00 00 A2 EF 00 A7 2F 00 00 EF 80 00 00 00 00 00 01 60 00 39 3F B0 3F C8 44 44 51 7F 68 31 AD A5 59 54 8B 0B 42 7E 6C 91 00 66 33 40 4A 1D 1B AD 3B 2D 00 00 60 0F 16 F3 64
1785248732463,16:25:32.741,00 00 00 00 00 00 00 00 18 00 42 00 00 A2 EF 00 A7 2F 00 00 EF 80 00 00 00 00 00 01 60 00 39 40 2D 40 02 44 44 51 80 78 31 AD A5 59 54 93 0B DA 8E 70 98 00 69 34 40 56 1A 16 A2 3B 2D 00 00 60 13 17 F3 64
1785248732964,16:25:33.262,00 00 00 00 00 00 00 00 18 00 42 00 00 A2 EF 00 A7 2F 00 00 EF 80 00 00 00 00 00 00 40 00 39 40 75 40 7C 44 44 52 80 D8 31 AD A5 59 54 85 0D 1A 8E 76 99 00 6A 35 40 58 1A 17 9E 3B 2D 00 00 60 14 17 F3 64
1785248733465,16:25:33.768,00 00 00 00 00 00 00 00 18 00 42 00 00 A2 EF 00 A7 2F 00 00 EF 80 00 00 00 00 00 00 40 00 39 40 F5 40 FA 44 44 52 80 F4 31 AD A5 59 54 98 0E 4D 93 7B 99 00 6A 35 40 59 1A 19 9C 3B 2D 00 00 60 14 17 F3 64
1785248733967,16:25:34.268,00 00 00 00 00 00 00 00 18 00 42 00 00 A2 EF 00 A7 2F 00 00 EF 80 00 00 00 00 00 00 40 00 39 41 65 41 36 44 44 53 81 58 31 AD A5 59 54 9C 0F 05 A0 80 99 00 6A 35 40 58 1A 1A 9D 3B 2D 00 00 60 14 17 F3 64
1785248734469,16:25:34.754,00 00 00 00 00 00 00 00 18 00 42 00 00 A2 EF 00 A7 2F 00 00 EF 80 00 00 00 00 00 00 40 00 39 41 E8 42 13 44 44 53 81 5C 31 AD A5 59 54 9A 0F 3D 9D 81 98 00 69 34 40 57 1A 1B A0 3B 2D 00 00 60 13 17 F3 64
1785248734970,16:25:35.270,00 00 00 00 00 00 00 00 18 00 42 00 00 A2 EF 00 A7 2F 00 00 EF 80 00 00 00 00 00 00 40 00 39 42 48 42 4D 44 44 54 81 64 31 AD A5 59 54 87 0F 39 A1 82 98 00 69 34 40 56 1A 1C A3 3B 2D 00 00 60 13 17 F3 64
1785248735471,16:25:35.770,00 00 00 00 00 00 00 00 18 00 42 00 00 A2 EF 00 A7 2F 00 00 EF 80 00 00 00 00 00 00 40 00 39 42 E3 42 C9 44 44 55 81 24 31 AD A5 59 54 93 0F 0C A0 82 98 00 69 34 40 57 19 1B A4 3B 2D 00 00 60 13 17 F3 64
1785248735974,16:25:36.275,00 00 00 00 00 00 00 00 18 00 42 00 00 A2 EF 00 A7 2F 00 00 EF 80 00 00 00 00 00 00 40 00 39 43 45 43 3F 44 44 55 81 4C 31 AD A5 59 54 96 0E C4 9D 81 97 00 68 34 40 55 19 1B A8 3B 2D 00 00 60 12 17 F3 64
1785248736476,16:25:36.755,00 00 00 00 00 00 00 00 18 00 42 00 00 A2 EF 00 A7 2F 00 00 EF 80 00 00 00 00 00 00 40 00 39 43 BD 43 A7 44 44 56 81 54 31 AD A5 59 54 99 0E A9 93 80 94 00 64 32 40 4E 1A 1E AE 3B 2D 00 00 60 10 17 F3 64
1785248736977,16:25:37.261,00 00 00 00 00 00 00 00 18 00 42 00 00 A2 EF 00 A7 2F 00 00 EF 80 00 00 00 00 00 00 40 00 39 43 F9 44 47 44 44 57 81 34 31 AD A5 59 54 7D 0E 23 92 7D 94 00 66 33 40 4E 1B 1E B3 3B 2D 00 00 60 0F 17 F3 64
1785248737479,16:25:37.774,00 00 00 00 00 00 00 00 18 00 42 00 00 A2 EF 00 A7 2F 00 00 EF 80 00 00 00 00 00 00 40 00 39 44 73 44 6B 44 44 57 81 14 31 AD A5 59 54 8B 0D 9A 96 7B 95 00 67 33 40 52 1A 1B B2 3B 2D 00 00 60 11 17 F3 64
1785248737980,16:25:38.275,00 00 00 00 00 00 00 00 18 00 42 00 00 A2 EF 00 A7 2F 00 00 EF 80 00 00 00 00 00 00 40 00 39 44 DA 44 E3 44 44 58 81 18 31 AD A5 59 54 76 0D A9 8F 79 93 00 64 32 40 4D 1B 1D B6 3B 2D 00 00 60 0F 17 F3 64
1785248738482,16:25:38.781,00 00 00 00 00 00 00 00 18 00 42 00 00 A2 EF 00 A7 2F 00 00 EF 80 00 00 00 00 00 00 40 00 39 45 03 44 D5 44 44 58 80 D4 31 AD A5 59 56 79 0D 6C 88 78 79 0D 52 29 40 2E 33 30 BA 3B 2D 00 00 60 07 16 F3 64
1785248738983,16:25:39.280,00 00 00 00 00 00 00 00 18 00 42 00 00 A2 EF 00 A7 2F 00 00 EF 01 00 01 00 00 00 00 40 00 39 45 57 45 45 44 44 58 80 24 31 AE A5 59 56 9D 0E 29 7F 72 66 0D 32 19 40 01 33 30 00 3B 2D 00 00 60 FE 16 F3 64
1785248739485,16:25:39.759,00 00 00 00 00 00 00 00 18 00 42 00 00 A2 EF 00 A7 2F 00 00 EF 09 00 01 00 00 00 00 40 00 39 44 C5 44 AE 44 44 58 7F 4C 31 AE A5 59 56 9D 10 35 84 71 64 0D 32 19 40 00 33 30 00 3B 2D 00 00 60 FB 16 F3 64
1785248739987,16:25:40.281,00 00 00 00 00 00 00 00 18 00 42 00 00 A2 EF 00 A7 2F 00 00 EF 09 00 01 00 00 00 00 40 00 39 44 73 44 67 44 44 57 7F 50 31 AE A5 59 56 94 11 15 83 71 64 0D 32 19 40 00 33 30 00 3B 2D 00 00 60 FB 16 F3 64
1785248740488,16:25:40.788,00 00 00 00 00 00 00 00 18 00 42 00 00 A2 EF 00 A7 2F 00 00 EF 09 00 01 00 00 00 00 40 00 39 44 21 44 18 44 44 57 7F 74 31 AE A5 59 56 93 11 41 83 71 64 0D 32 19 40 00 33 30 00 3B 2D 00 00 60 FB 16 F3 64
1785248740989,16:25:41.285,00 00 00 00 00 00 00 00 18 00 42 00 00 A2 EF 00 A7 2F 00 00 EF 09 00 01 00 00 00 00 40 00 39 43 E5 43 FB 44 44 57 7F 54 31 AE A5 59 56 8F 11 59 86 70 64 0D 32 19 40 00 33 30 00 3B 2D 00 00 60 FB 16 F3 64
1785248741491,16:25:41.780,00 00 00 00 00 00 00 00 18 00 42 00 00 A2 EF 00 A7 2F 00 00 EF 09 00 01 00 00 00 00 40 00 39 43 BD 43 C7 44 44 56 7F 74 31 AE A5 59 56 A1 11 54 87 71 64 0D 32 19 40 00 33 30 00 3B 2D 00 00 60 FB 16 F3 64
1785248741992,16:25:42.264,00 00 00 00 00 00 00 00 18 00 42 00 00 A2 EF 00 A7 2F 00 00 EF 09 00 01 00 00 00 00 40 00 39 43 A9 43 A0 44 44 56 7F 9C 31 AE A5 59 56 A0 11 49 83 70 64 0D 32 19 40 00 33 30 00 3B 2D 00 00 60 FB 16 F3 64
1785248742493,16:25:42.793,00 00 00 00 00 00 00 00 18 00 42 00 00 A2 EF 00 A7 2F 00 00 EF 09 00 01 00 00 00 00 40 00 39 43 59 43 58 44 44 56 7F E0 31 AE A5 59 56 9C 11 45 83 71 64 0D 32 19 40 00 33 30 00 3B 2D 00 00 60 FB 16 F3 64
1785248742994,16:25:43.292,00 00 00 00 00 00 00 00 18 00 42 00 00 A2 EF 00 A7 2F 00 00 EF 09 00 01 00 00 00 00 40 00 39 43 31 43 13 44 44 56 80 00 31 AE A5 59 56 A0 11 54 89 70 64 0D 32 19 40 00 33 30 00 3B 2D 00 00 60 FB 16 F3 64
1785248743496,16:25:43.785,00 00 00 00 00 00 00 00 18 00 42 00 00 A2 EF 00 A7 2F 00 00 EF 09 00 01 00 00 00 00 40 00 39 43 1E 42 FB 44 44 56 7F BC 31 AE A5 59 56 99 11 3A 86 70 64 0D 32 19 40 00 33 30 00 3B 2D 00 00 60 FB 16 F3 64
1785248743998,16:25:44.299,00 00 00 00 00 00 00 00 18 00 42 00 00 A2 EF 00 A7 2F 00 00 EF 09 00 01 00 00 00 00 40 00 39 42 CF 42 AC 44 44 56 7F BC 31 AE A5 59 56 A0 11 23 83 70 64 0D 32 19 40 00 33 30 00 3B 2D 00 00 60 FB 16 F3 64
1785248744499,16:25:44.801,00 00 00 00 00 00 00 00 18 00 42 00 00 A2 EF 00 A7 2F 00 00 EF 09 00 01 00 00 00 00 40 00 39 42 CF 42 D9 44 44 55 7F 78 31 AE A5 59 56 94 11 29 83 70 64 0D 32 19 40 00 33 30 00 3B 2D 00 00 60 FB 16 F3 64
1785248745001,16:25:45.309,00 00 00 00 00 00 00 00 18 00 42 00 00 A2 EF 00 A7 2F 00 00 EF 09 00 01 00 00 00 00 40 00 39 42 95 42 74 44 44 55 7F 14 31 AE A5 59 56 9D 11 26 84 70 64 0D 32 19 40 00 33 30 00 3B 2D 00 00 60 FB 16 F3 64
1785248745502,16:25:45.801,00 00 00 00 00 00 00 00 18 00 42 00 00 A2 EF 00 A7 2F 00 00 EF 09 00 01 00 00 00 00 40 00 39 42 5B 42 3D 44 44 55 7F 58 31 AE A5 59 56 9D 11 1C 85 70 64 0D 32 19 40 00 33 30 00 3B 2D 00 00 60 FB 16 F3 64
1785248746003,16:25:46.301,00 00 00 00 00 00 00 00 18 00 42 00 00 A2 EF 00 A7 2F 00 00 EF 09 00 01 00 00 00 00 40 00 39 42 22 42 0C 44 44 55 7F BC 31 AE A5 59 56 9F 11 0F 87 70 64 0D 32 19 40 00 33 30 00 3B 2D 00 00 60 FB 16 F3 64
1785248746503,16:25:46.793,00 00 00 00 00 00 00 00 18 00 42 00 00 A2 EF 00 A7 2F 00 00 EF 00 00 00 00 00 00 00 40 00 39 41 E8 41 DD 44 44 54 7F 7C 31 AE A5 59 56 99 11 0A 81 70 6A 0D 55 2A 40 1F 33 30 00 3B 2D 00 00 60 02 16 F3 64
1785248747004,16:25:47.307,00 00 00 00 00 00 00 00 18 00 42 00 00 A2 EF 00 A7 2F 00 00 EF 80 00 00 00 00 00 00 40 00 39 42 E3 42 A3 44 44 54 7F BC 31 AE A5 59 56 A3 11 6E 89 72 8E 0D 66 33 40 48 21 2D 00 3C 2E 00 00 60 0E 16 F3 64
1785248747505,16:25:47.803,00 00 00 00 00 00 00 00 18 00 42 00 00 A2 EF 00 A7 2F 00 00 EF 80 00 00 00 00 00 00 40 00 39 43 0A 43 10 44 44 55 80 C8 31 AE A5 59 56 98 12 8F 99 7B 99 00 6C 36 40 5A 19 22 00 3C 2E 00 00 60 13 18 F3 64
1785248748007,16:25:48.303,00 00 00 00 00 00 00 00 18 00 42 00 00 A2 EF 00 A7 2F 00 00 EF 80 00 00 00 00 00 00 40 00 39 43 BD 43 C0 44 44 56 82 18 31 AE A4 59 56 A0 14 00 A9 87 9C 00 6D 36 40 5E 19 20 00 3C 2E 00 00 60 15 18 F3 64
1785248748508,16:25:48.787,00 00 00 00 00 00 00 00 18 00 42 00 00 A2 EF 00 A7 2F 00 00 EF 80 00 00 00 00 00 00 40 00 39 44 C5 44 81 44 44 57 82 04 31 AE A4 59 56 A6 12 B2 A6 8D 9D 00 6E 37 40 60 19 1E A7 3B 2D 00 00 60 15 18 F3 64
1785248749009,16:25:49.281,00 00 00 00 00 00 00 00 18 00 42 00 00 A2 EF 00 A7 2F 00 00 EF 80 00 00 00 00 00 00 40 00 39 45 81 45 A9 44 44 58 82 10 31 AE A4 59 56 9B 10 FA AD 8C 9D 00 6E 37 40 61 19 1B A8 3C 2E 00 00 60 15 18 F3 64
1785248749509,16:25:49.804,00 00 00 00 00 00 00 00 18 00 42 00 00 A2 EF 00 A7 2F 00 00 EF 80 00 00 00 00 00 00 40 00 39 46 57 46 9D 44 44 59 82 1C 31 AE A4 59 56 A3 10 2D 9E 88 9E 00 6F 37 40 62 19 19 A8 3C 2E 00 00 60 15 19 F4 64
1785248750010,16:25:50.307,00 00 00 00 00 00 00 00 18 00 42 00 00 A2 EF 00 A7 2F 00 00 EF 80 00 00 00 00 00 00 40 00 39 47 5E 47 3E 44 44 5A 82 04 31 AE A4 59 56 95 0F E5 A8 87 9E 00 70 38 40 64 19 18 A7 3B 2D 00 00 60 15 19 F3 64
1785248750510,16:25:50.810,00 00 00 00 00 00 00 00 18 00 42 00 00 A2 EF 00 A7 2F 00 00 EF 80 00 00 00 00 00 00 40 00 39 48 3F 48 3E 44 44 5B 82 10 31 AE A4 59 56 89 0F EE A1 87 A0 00 72 39 40 69 19 17 A5 3B 2D 00 00 60 16 19 F3 64
1785248751013,16:25:51.312,00 00 00 00 00 00 00 00 18 00 42 00 00 A2 EF 00 A7 2F 00 00 EF 80 00 00 00 00 00 00 40 00 39 49 26 49 25 44 44 5C 82 94 31 AE A4 59 56 83 10 66 A8 8A A2 00 74 3A 40 6C 19 16 A2 3B 2D 00 00 60 17 19 F3 64
1785248751514,16:25:51.814,00 00 00 00 00 00 00 00 18 00 42 00 00 A2 EF 00 A7 2F 00 00 EF 80 00 00 00 00 00 00 40 00 39 49 E3 49 FF 44 44 5E 82 7C 31 AE A4 59 56 89 10 F4 AC 8E A3 00 75 3A 40 6E 19 16 A0 3B 2D 00 00 60 17 1A F4 64
1785248752014,16:25:52.314,00 00 00 00 00 00 00 00 18 00 42 00 00 A2 EF 00 A7 2F 00 00 EF 80 00 00 00 00 00 00 40 00 39 4A ED 4B 04 44 44 5F 82 64 31 AE A4 59 56 9D 11 A3 AE 91 A2 00 73 39 40 6C 19 17 9F 3B 2D 00 00 60 16 19 F3 64
1785248752516,16:25:52.817,00 00 00 00 00 00 00 00 18 00 42 00 00 A2 EF 00 A7 2F 00 00 EF 80 00 00 00 00 00 00 40 00 39 4B 81 4B 6D 44 44 60 82 48 31 AE A4 59 56 95 11 C6 B1 92 9E 00 6F 37 40 64 19 1B A3 3C 2E 00 00 60 14 19 F3 64
1785248753018,16:25:53.304,00 00 00 00 00 00 00 00 18 00 42 00 00 A2 EF 00 A7 2F 00 00 EF 80 00 00 00 00 00 00 40 00 39 4C 31 4C 13 44 44 61 81 AC 31 AE A4 59 56 A6 11 47 A8 8D 9C 00 6E 37 40 60 19 1B A9 3C 2E 00 00 60 12 19 F3 64
1785248753519,16:25:53.798,00 00 00 00 00 00 00 00 18 00 42 00 00 A2 EF 00 A7 2F 00 00 EF 80 00 00 00 00 00 00 40 00 39 4C 64 4C 86 44 44 61 81 2C 31 AE A4 59 58 A1 10 83 9A 87 98 00 69 34 40 58 1B 1E B4 3C 2E 00 00 60 10 18 F3 64
1785248754022,16:25:54.326,00 00 00 00 00 00 00 00 18 00 42 00 00 A2 EF 00 A7 2F 00 00 EF 80 00 00 00 00 00 00 40 00 39 4C 97 4C 9B 44 44 61 80 DC 31 AE A4 59 58 95 10 10 92 82 87 0D 5E 2F 40 40 3B 30 93 3C 2E 00 00 60 0A 18 F4 64
1785248754522,16:25:54.824,00 00 00 00 00 00 00 00 18 00 42 00 00 A2 EF 00 A7 2F 00 00 EF 80 00 00 00 00 00 00 40 00 39 4C 97 4C 9E 44 44 62 80 58 31 AE A4 59 58 A7 11 D7 98 7E 87 0D 5E 2F 40 40 3D 37 8A 3C 2E 00 00 60 09 17 F3 64
1785248755023,16:25:55.311,00 00 00 00 00 00 00 00 18 00 42 00 00 A2 EF 00 A7 2F 00 00 EF 80 00 00 00 00 00 00 40 00 39 4C 64 4C 51 44 44 61 7F A8 31 AE A4 59 58 9F 13 11 9B 7E 86 0D 5E 2F 40 40 3F 3D 84 3C 2E 00 00 60 09 17 F3 64
1785248755525,16:25:55.805,00 00 00 00 00 00 00 00 18 00 42 00 00 A2 EF 00 A7 2F 00 00 EF 80 00 00 00 00 00 00 40 00 39 4C 31 4B F2 44 44 61 80 00 31 AE A4 59 58 A5 14 1B 98 7F 7C 0D 59 2C 40 36 45 45 67 3C 2E 00 00 60 06 17 F3 64
1785248756025,16:25:56.307,00 00 00 00 00 00 00 00 18 00 42 00 00 A2 EF 00 A7 2F 00 00 EF 80 00 00 00 00 00 00 40 00 39 4C 4B 4C 76 44 44 61 7F A8 31 AE A4 59 58 A6 14 B3 9A 7E 6F 0D 51 28 40 26 45 45 67 3C 2E 00 00 60 02 17 F3 64
1785248756527,16:25:56.824,00 00 00 00 00 00 00 00 18 00 42 00 00 A2 EF 00 A7 2F 00 00 EF 80 00 00 00 00 00 00 40 00 39 4B 50 4B 5B 44 44 60 7E FC 31 AE A4 59 58 96 14 31 8B 79 6A 0D 4D 26 40 1C 45 45 67 3C 2E 00 00 60 00 17 F3 64
1785248757029,16:25:57.333,00 00 00 00 00 00 00 00 18 00 42 00 00 A2 EF 00 A7 2F 00 00 EF 80 00 00 00 00 00 00 40 00 39 4A 8B 4A 82 44 44 5F 7E 2C 31 AE A4 59 58 9F 13 AD 8C 76 6C 0D 4F 27 40 20 45 45 69 3C 2E 00 00 60 01 17 F3 64
1785248757529,16:25:57.805,00 00 00 00 00 00 00 00 18 00 42 00 00 A2 EF 00 A7 2F 00 00 EF 80 00 00 00 00 00 00 40 00 39 49 FB 49 EA 44 44 5E 7E 0C 31 AE A4 59 58 A3 13 59 8B 75 70 0D 56 2B 40 2B 45 45 74 3C 2E 00 00 60 03 17 F3 64
1785248758029,16:25:58.330,00 00 00 00 00 00 00 00 18 00 42 00 00 A2 EF 00 A7 2F 00 00 EF 80 00 00 00 00 00 00 40 00 39 49 3E 49 3F 44 44 5E 7E E4 31 AE A4 5A 58 95 13 97 93 77 85 0D 5D 2E 40 3D 3F 46 8E 3C 2E 00 00 60 09 17 F4 64
1785248758531,16:25:58.826,00 00 00 00 00 00 00 00 18 00 42 00 00 A2 EF 00 A7 2F 00 00 EF 80 00 00 00 00 00 00 40 00 39 49 3E 49 16 44 44 5D 7F 38 31 AE A4 5A 58 8D 11 C6 92 7A 8B 0D 61 30 40 45 2F 32 A8 3C 2E 00 00 60 0B 17 F3 64
1785248759032,16:25:59.324,00 00 00 00 00 00 00 00 18 00 42 00 00 A2 EF 00 A7 2F 00 00 EF 80 00 00 00 00 00 00 40 00 39 49 55 49 29 44 44 5D 7F 88 31 AE A4 5A 58 8B 10 30 91 7B 8D 0D 62 31 40 47 2A 29 A6 3C 2E 00 00 60 0C 17 F4 64
1785248759535,16:25:59.827,00 00 00 00 00 00 00 00 18 00 42 00 00 A2 EF 00 A7 2F 00 00 EF 80 00 00 00 00 00 00 40 00 39 49 3E 49 0A 44 44 5D 80 00 31 AE A4 5A 58 9F 0F A9 8E 79 8D 0D 62 31 40 47 2A 28 A5 3C 2E 00 00 60 0C 17 F4 64
1785248760036,16:26:00.331,00 00 00 00 00 00 00 00 18 00 42 00 00 A2 EF 00 A7 2F 00 00 EF 80 00 00 00 00 00 00 40 00 39 48 F7 48 DA 44 44 5D 80 00 31 AE A4 5A 58 9C 0F 8A 95 7A 8D 0D 62 31 40 47 2A 28 A3 3C 2E 00 00 60 0C 17 F3 64
1785248760538,16:26:00.813,00 00 00 00 00 00 00 00 18 00 42 00 00 A2 EF 00 A7 2F 00 00 EF 80 00 00 00 00 00 00 40 00 39 48 C9 48 B5 44 44 5D 7F 88 31 AE A4 5A 58 9F 0F 89 8D 79 8C 0D 61 31 40 47 29 28 A2 3C 2E 00 00 60 0C 17 F4 64
